hour,weekday,month,holiday,precipitation_mm,visibility_km,temperature_c,wind_speed_kmh,traffic_density,num_lanes,ilumination,work_zone,num_accidents
20,0,1,0,7.4,8.3,10.9,49.1,3,2,1,1,2
6,5,11,0,0,9.9,11.2,78.2,4,2,1,0,1
10,0,2,0,0,9.8,8.1,3.9,6,2,1,0,1
20,4,6,0,0,9.5,20.8,26,2,2,1,0,1
11,1,6,0,0,10.2,24.5,6.4,6,3,1,0,0
12,2,11,0,16.6,7.3,9.4,74,7,3,1,0,4
12,5,8,0,0,10.2,26.3,67.2,7,3,1,0,3
1,6,2,0,34.2,3.9,9.1,53.6,3,3,0,0,3
8,6,11,0,8.3,8,14.8,64.8,4,2,1,0,4
11,6,3,0,0,10,8,29.2,6,3,1,0,2
18,0,2,0,0,10.5,10.3,11.3,9,3,1,0,8
11,3,9,0,0,9.6,18.2,49.9,6,2,1,1,4
7,2,11,0,0,10.2,16.1,51.9,7,3,1,0,1
13,2,7,0,0,9.6,27.2,58.2,5,4,1,0,1
6,4,8,0,0,10,29,6.8,4,3,1,0,2
2,6,4,0,0,9.7,14.2,5.3,3,3,1,0,5
4,1,5,0,36.9,2.9,17.5,4.5,2,3,1,0,1
19,0,11,0,0,10.4,13.6,52.1,8,2,1,0,5
12,1,11,0,0,10.4,16.5,0.8,6,3,1,0,0
6,4,5,0,0,9.6,17,25.6,3,3,1,0,3
17,2,11,0,0,9.8,16.1,66.8,8,3,1,0,4
1,0,11,0,0.7,10.1,14.1,23.6,2,3,1,0,0
22,1,9,1,0,10.1,21.4,3.8,2,2,0,0,1
17,6,7,0,0,10.4,23.9,14.6,7,2,1,0,0
23,2,7,0,0,10.3,24.1,70.9,1,2,0,0,4
0,5,4,0,0,9.6,17.2,31.6,3,4,0,0,3
8,0,2,0,0,10.3,9.5,88.6,7,3,1,0,1
16,6,9,0,0,10.2,19.6,38.8,7,3,1,0,1
9,4,5,0,0,10.2,19.4,17.3,8,3,1,0,4
9,1,7,0,0,9.8,25.5,60.8,8,4,1,0,3
7,5,5,0,0,9.5,17,42.8,4,2,1,0,5
22,0,2,0,40.3,2.9,9.7,50.2,3,2,1,0,11
15,3,5,0,0,9.8,21.2,43.6,5,3,1,1,1
10,4,2,0,34.9,3.9,6.5,36.7,6,3,1,1,4
18,3,8,1,0,10.3,28.8,85.8,7,4,1,0,7
23,1,8,0,0,10,29.3,53.3,2,2,1,0,1
12,2,4,0,0,10.4,13.2,85.6,6,2,1,0,1
11,1,11,1,0,9.5,9.2,22.3,5,3,1,0,0
21,0,10,0,0,9.8,17,54.5,4,4,1,0,1
0,2,10,0,0,9.9,19.7,6.8,2,4,1,0,3
18,6,1,0,0,9.9,9,30.7,7,3,1,0,8
17,6,8,0,0,10.1,24.6,22.1,7,3,1,0,4
10,1,8,0,0,9.8,29,63.1,6,2,1,0,1
13,3,9,0,0,10.1,21.9,71.4,5,2,1,0,2
17,4,6,0,0,9.8,24.6,24.4,9,2,1,0,6
18,6,9,0,0,10.3,20.4,32.5,6,4,1,0,4
15,0,1,0,0,9.9,6.5,4.6,7,3,1,0,0
15,0,10,0,7.9,8.6,16.4,89.5,5,3,1,0,3
14,2,10,0,0,10.1,18.9,66.6,7,2,1,0,1
7,1,9,1,22.8,6,20.3,20.8,6,4,1,0,2
20,4,11,0,6.2,8.6,10.2,23.9,2,2,1,0,3
3,3,12,0,0,9.8,10.3,39.4,2,3,1,0,0
7,5,10,0,38.4,3.4,18.6,68.7,2,3,1,0,5
11,3,6,0,8.5,8.4,23,59.6,6,3,1,1,1
3,6,7,0,0,9.5,29,41.6,2,3,1,0,2
17,1,5,0,0,9.6,22.8,54.8,8,2,1,0,0
13,0,4,0,0,10,11.9,74.9,6,4,1,0,3
14,4,3,0,0,10,15,77.8,6,3,1,0,2
23,2,10,0,0,10.4,17.6,43.6,2,3,1,0,3
13,0,6,0,0,10.3,22.1,59.7,7,2,1,0,0
16,4,6,0,0,9.9,23.2,41.1,6,3,1,0,1
8,2,10,0,0,10.4,20.8,77.3,8,3,1,0,6
7,5,2,0,31.9,4.6,9.5,62.5,4,2,1,0,3
13,4,11,0,4.4,9.6,14,21.7,7,2,1,0,4
9,5,9,0,0,9.8,22.7,57.5,7,3,1,0,4
11,4,5,0,0,10.5,20.3,24.7,6,4,1,0,6
11,1,11,0,37.9,3.4,14.4,12.3,5,4,1,0,4
9,2,12,0,39.4,3.3,8.9,45.2,8,2,1,0,7
7,6,11,0,0,10.5,15.4,32.9,4,2,1,0,1
23,5,5,0,0,10.4,15.9,21,2,3,1,0,4
3,1,1,0,24.9,5.1,12.1,12.2,2,4,0,0,10
14,1,6,0,0,10,26.8,32.3,6,2,1,0,2
6,5,11,0,39.4,2.7,10,50.8,2,3,1,0,3
19,0,5,0,6.9,8.5,16.4,59.5,8,2,1,0,2
8,0,3,0,0,10.2,11.8,70,8,2,1,0,5
20,0,1,0,0,9.9,5.9,64.1,3,2,1,0,0
4,2,10,0,0,9.8,22,47.8,2,3,1,0,0
20,5,9,0,0,10,19.8,30.5,3,3,1,0,1
8,2,3,0,0,9.6,8.7,38.9,8,3,1,0,4
11,6,11,0,0,10.4,9.4,25.9,7,2,1,0,1
7,6,2,0,0,9.6,8.2,20.4,3,3,1,0,3
21,6,12,0,35.3,3.5,8.7,0.5,4,3,1,1,5
5,2,5,0,0,10.1,15.7,4.7,1,3,1,1,2
13,2,4,0,21.8,5.9,16.4,43.8,6,2,1,0,2
6,6,3,0,0,9.6,12,38.8,2,3,1,0,3
23,0,7,1,0,10.4,26.6,51.6,2,3,1,0,3
22,2,2,0,22.1,5.9,6.6,78.3,2,2,1,0,4
23,6,11,0,7.7,8.3,13.8,68.4,3,2,0,0,9
14,0,8,0,0,9.8,22.4,45.7,6,3,1,1,3
2,4,10,0,0,10.1,20.3,80.6,2,3,1,0,2
3,6,6,0,32.5,3.7,24.7,89.2,3,3,1,0,6
3,4,11,0,42.7,2.8,13.8,13.5,1,4,1,0,7
4,5,12,0,0,10.2,10.2,58.1,3,3,1,0,3
4,1,2,0,0,10,10.3,66.5,2,4,1,0,1
5,1,12,0,0,9.7,9.5,37,2,2,0,0,2
7,2,8,0,0,10.2,26.6,39.7,9,3,1,0,2
19,1,5,1,0,9.9,22.5,64,7,2,1,0,4
7,6,8,0,0,9.9,25.2,33.7,3,2,1,0,0
3,6,12,0,0,9.6,8.3,74.7,3,2,1,0,2
6,6,3,0,0,10,8.9,25.9,3,2,1,0,2
15,4,9,1,0,9.7,19.1,38.6,4,2,1,0,2
11,0,9,0,0,10,18.2,78.6,5,3,1,0,1
2,2,4,0,0,10.3,16.9,29.9,1,3,1,0,4
4,0,12,0,0,9.8,6.4,18,1,3,1,0,1
20,1,5,0,0,10.4,17.7,11.2,3,3,1,0,3
15,2,9,0,21.5,6.1,26,16.2,6,2,1,1,6
11,4,7,0,0,10.4,22.6,57.4,6,4,1,0,2
14,0,3,1,0,9.9,11.1,51.1,4,4,1,0,2
4,4,6,0,0,9.7,19.9,66.2,2,3,0,0,6
4,6,2,0,0,9.9,6.7,61.4,4,3,1,0,3
22,5,11,0,0,9.7,16.9,71.3,2,3,1,0,4
9,3,12,0,0,10.3,12.6,6.6,9,4,1,1,5
4,3,9,0,6.6,8.5,19.3,29,2,3,0,0,1
6,5,9,0,0,10.1,18.7,57.7,3,3,1,0,4
0,0,1,0,0,9.8,6.7,51.5,2,2,1,0,2
21,3,5,0,0,9.7,18.3,41.8,3,2,1,0,3
11,4,9,0,0,9.6,21.6,12.7,5,3,1,0,6
5,3,9,0,0,10,18.7,35.4,2,2,1,0,0
15,4,11,0,0.9,9.4,10.1,23.8,6,3,1,0,2
17,2,2,0,0,10,12.6,56.1,9,2,1,0,5
16,3,9,1,35.8,3.9,22.2,13.4,5,2,1,0,5
16,4,8,0,0,10.3,24.9,60.6,7,3,1,0,5
18,4,4,0,0,9.7,16,55.8,10,2,1,0,4
13,1,7,0,0,10.3,29.4,78.6,6,2,1,0,4
5,3,9,0,0,10.3,23.8,57.9,2,3,1,0,0
9,1,5,0,0,10.2,18.9,43.2,8,4,1,0,2
12,6,6,0,0,9.8,21.3,64.3,7,3,1,0,3
17,5,5,0,0,10.1,16.9,60.3,6,4,1,0,4
17,1,7,0,0,10,27.2,68,9,3,1,0,7
5,0,7,0,0,10.2,29,26.1,1,3,1,0,1
20,4,9,0,0,10.4,21.7,17.4,2,2,1,0,2
10,6,5,0,0,9.7,21.8,80.7,8,3,1,0,1
4,3,6,0,19.5,6.4,21.1,29.7,2,3,1,0,1
3,3,5,0,0,10.4,22.1,69.3,2,4,0,0,2
4,3,12,0,0,10.2,13.3,68.2,3,2,1,0,4
18,0,1,0,0,9.7,9.3,14.8,10,3,1,0,2
16,3,1,0,0,10,5.5,41.6,7,4,1,1,1
6,4,2,1,0,9.6,14,84.1,1,3,1,1,8
12,3,2,0,0,10,11.2,31.3,5,3,1,0,0
7,6,1,0,0,10,10.8,38.2,3,2,1,0,3
3,0,11,0,0,10.4,9.1,18.5,1,2,1,0,1
1,3,8,0,0,10.4,22.5,45.4,2,4,1,0,2
4,5,9,0,0,9.6,25.6,79.2,4,4,1,0,1
20,5,7,0,0,9.9,23.2,33.9,4,3,1,0,2
14,0,9,0,0,10,21.1,22.9,6,2,1,0,1
23,6,4,1,0,10.1,11.3,6.6,3,3,1,0,4
6,5,2,0,0,10.4,11.6,63.3,3,2,1,0,3
8,2,9,0,0,10.3,23.8,68.5,8,2,1,0,3
8,4,10,0,0,9.7,16.6,34.2,9,3,1,0,7
11,1,3,0,0,10.4,12.3,57.8,5,2,1,0,0
21,0,1,0,0,9.7,10.7,0.8,3,3,1,0,3
17,4,7,1,0,9.8,29.8,1.5,8,4,1,0,6
11,2,7,1,0,10,23.9,62.8,4,2,1,0,2
12,3,9,0,0,10.2,18.7,76.1,6,3,1,0,1
16,0,4,0,0,10.4,14.8,4.2,5,3,1,0,1
10,0,4,0,0,10.2,14.2,6.9,5,2,1,0,3
23,1,12,0,0,10.5,6.4,39.3,3,3,1,0,3
14,3,4,0,0,9.9,16.4,59.5,5,3,1,0,1
8,1,7,0,0,10.2,24.5,9.6,7,3,1,0,2
13,3,9,0,0,9.5,20.8,8.4,6,3,1,0,0
13,3,2,0,0,10.5,7.9,46.9,6,2,1,0,1
2,1,7,0,0,10.3,24.9,85,2,3,1,0,1
12,2,10,0,0,9.9,17.4,74.1,6,3,1,0,2
10,1,7,0,0,10.2,25.9,51.8,5,3,1,0,3
17,1,11,0,36.5,3.9,10.7,71.8,10,2,1,0,8
19,3,10,0,0,10.4,19.5,48.9,10,3,1,0,4
21,2,3,0,49.2,1.3,11.2,67.7,4,3,1,0,6
21,4,12,0,1.7,9.3,9.3,86.6,2,4,1,0,1
15,2,8,0,0,10,22.5,4,6,2,1,0,2
23,1,9,0,0,10.1,25.7,20.9,2,2,1,0,3
13,3,1,0,37.7,3.5,5.5,9.2,7,2,1,0,1
21,6,8,0,0,10.1,26.9,52.8,3,3,1,0,1
19,4,2,0,12.3,7.4,9,12.7,9,3,1,0,7
4,1,6,0,0,10.4,26.6,43.6,1,3,0,0,4
2,4,1,0,2.1,9.3,7.3,70.3,2,3,1,0,3
1,6,12,0,21.5,6.4,11.2,22.3,4,2,1,0,7
22,4,11,0,0,10.3,15.5,72.5,2,3,1,0,3
16,5,2,0,0,9.9,6.5,25,6,4,1,0,4
15,1,10,0,0,9.9,14.6,71.5,7,3,1,0,4
0,6,12,0,0,10.1,11.6,76.5,4,3,1,0,3
18,1,10,0,0,10.4,20.1,4.1,9,3,1,1,8
8,0,11,0,33.4,4.1,9.4,56.3,8,2,1,0,2
2,1,10,0,0,9.5,19.6,73.5,3,3,1,0,1
3,0,6,0,0,9.9,25.5,78.7,2,4,1,0,0
20,1,8,0,0,10.2,29.4,55.4,3,2,1,1,0
3,4,12,0,0,9.8,7.1,24.9,1,3,1,0,2
21,2,4,0,0,10.2,13.4,4.9,4,2,1,0,1
16,0,6,0,0,10.4,23.5,32.9,6,3,1,0,1
2,0,5,0,0,10.4,18.2,25.8,2,3,1,0,2
2,2,2,0,40.5,2.7,9.1,57.1,3,4,1,0,5
19,4,1,0,0,10.2,6,63.7,9,2,1,0,6
23,0,1,0,0,10,7.1,87.8,2,3,1,0,3
3,4,11,0,25.7,4.9,15.9,22,2,3,0,0,5
7,3,12,0,0,10.1,7,60.6,7,2,1,0,3
9,6,5,0,0,9.5,16.6,50.7,7,3,1,0,7
13,0,4,0,0,10.2,11.1,30.2,7,3,1,0,1
16,1,7,0,49.8,1.2,22.7,82.9,7,3,1,0,8
21,1,4,0,0,10.4,14.1,74.9,3,3,1,1,3
5,3,8,0,0,9.9,28.2,40.7,2,2,1,0,0
22,5,10,1,0,9.8,14.7,22.3,2,3,1,0,5
3,3,2,0,1.1,10.1,13.9,11.8,3,3,1,0,0
18,2,2,1,45.2,1.8,7,81.5,8,3,1,0,10
14,1,1,0,0,10.1,9,79.5,6,2,1,0,1
16,1,11,0,0,9.5,12.1,64.2,6,3,1,0,2
0,2,10,0,0,10.3,14.5,89.2,2,3,0,0,2
23,0,4,0,0,9.9,18.5,89.2,1,2,1,0,2
22,2,10,0,0,9.7,21.9,79.3,2,3,1,1,2
15,0,6,0,0,9.6,24.7,82.7,7,3,1,1,2
3,6,9,0,0,9.9,25.5,35.6,2,3,1,0,3
10,1,12,0,0,10.4,12.3,20.1,6,2,1,0,1
5,5,1,0,0,9.9,13,86.9,2,3,1,0,2
15,1,6,0,0,10.5,20.3,79.7,5,4,1,0,2
6,1,12,1,5.8,8.5,9.1,65.9,3,3,1,0,2
15,6,10,0,0,9.7,14.6,76.1,6,3,1,0,1
12,1,12,1,0,10.5,8.7,88.7,5,4,1,1,4
6,1,7,0,0,10.2,24.1,25.3,2,2,1,0,1
1,2,1,0,33.3,4.1,6.6,2.3,1,3,0,0,4
20,4,7,0,0,9.9,25.6,23.7,3,2,1,0,1
22,5,2,0,0,10,13.8,53.1,3,3,1,0,5
22,0,9,0,0,10.1,25.9,13.3,3,3,1,0,2
13,0,11,0,0,10.1,15.7,23.2,7,2,1,1,5
22,4,10,0,0,9.9,15.2,52.9,3,2,0,0,1
17,2,7,0,0,10.1,25.8,15.5,9,3,1,0,1
10,5,4,1,0,9.8,14,30.4,6,3,1,0,2
7,1,5,0,0,10.3,17.2,37.5,8,2,1,0,4
1,4,3,1,0,9.9,14.2,47.2,2,2,1,0,4
8,2,8,0,0,9.6,22.2,33.5,8,2,1,0,4
22,0,5,1,42.8,2.6,16.7,19.9,1,2,1,0,0
21,0,8,0,0,10.1,22.1,22.7,4,3,1,0,1
11,3,5,0,0,10,20,52.6,5,4,1,0,3
21,0,8,1,0,10.1,28.9,23.5,2,4,1,0,5
21,1,12,1,0,9.8,13.3,36.4,2,3,1,0,0
23,5,4,0,0,10,18.5,32.3,3,2,1,0,1
4,5,5,0,0,10.4,22.6,81,3,2,1,0,3
9,3,2,0,0,10.1,13.6,6.4,9,3,1,0,4
6,2,7,0,0,10.5,23.1,77.6,2,2,1,0,1
20,0,1,0,38.8,3.1,6.3,70.7,4,2,1,0,4
6,5,6,0,0,10.3,23.2,1.6,2,4,1,0,2
12,4,10,0,2.8,9.9,17.6,46.8,6,3,1,0,3
6,1,7,1,0,10.5,23.7,2,2,2,1,0,1
20,2,9,0,0,9.5,18.9,75.3,2,2,1,0,1
15,5,3,0,0,9.5,11.4,9.1,6,3,1,0,2
23,4,2,0,0,10,10.9,70,3,2,1,0,3
15,2,4,1,0,10.4,17.7,60.2,3,2,1,0,0
23,0,5,0,0,10.5,17.1,4.5,3,2,0,0,2
1,0,3,0,18.2,6.7,13,79.1,1,3,1,0,6
3,1,12,0,0,10.3,6.8,82,2,3,1,0,2
21,6,12,0,46.1,1.3,9.3,4.1,3,3,1,0,9
23,1,8,0,0,9.9,28.7,50.3,3,2,1,0,2
5,0,8,0,0,9.8,26.1,49.5,2,2,1,0,1
15,3,6,0,0,10.2,19.8,37.1,6,2,1,0,4
20,5,8,0,0,9.6,23.8,40.9,3,3,1,0,2
3,6,11,0,0,10.3,16.7,26.3,3,4,1,0,4
6,1,2,0,0,10,12.3,64.5,2,3,1,1,2
14,3,11,0,0,10.5,9,66.3,6,3,1,0,3
18,1,12,0,33,4.2,8.6,79.3,9,3,1,0,9
22,4,6,0,0,10.1,20.6,56.2,2,3,0,0,4
22,0,6,0,0,10.4,24.7,60.7,3,3,1,0,2
4,0,11,1,39.4,3.4,14.5,13.2,1,3,1,0,5
20,4,7,0,0,10.3,24.3,59.8,4,3,1,0,3
23,2,4,0,0,10.4,17.6,82,2,4,1,0,3
14,1,11,1,0,10.2,10,3.7,4,3,1,0,1
10,3,12,0,46.5,1.7,12.2,56.3,7,3,1,0,5
2,6,9,0,0,9.9,20.8,79.5,3,3,1,0,5
21,2,8,0,0,10.4,24,3.6,4,3,0,0,2
16,6,6,0,0,10,21.4,58.6,6,2,1,0,1
17,4,1,0,31.7,4,10.5,75.2,8,4,1,0,5
22,2,1,0,39.8,2.9,9.6,20.5,2,3,1,0,2
0,5,12,0,0,10.1,11.6,6.5,4,2,1,0,3
21,0,8,0,0,10.2,28.4,76.5,3,4,1,0,5
17,1,2,1,0,9.9,10.4,7.7,6,4,1,0,4
7,4,5,0,0,10.3,21.8,76.6,9,3,1,0,2
3,1,12,0,0,9.9,11.4,21.1,2,2,0,0,3
18,4,6,0,0,9.7,21.5,70.7,9,4,1,0,6
17,0,3,0,14.4,7.7,15.1,17.7,9,4,1,1,1
16,5,1,0,0,10.3,6.7,3.3,6,3,1,0,2
18,5,5,0,0,9.6,17.9,1,5,3,1,0,2
18,4,11,0,36.7,3.8,9.3,68.5,8,3,1,0,5
1,0,11,0,0,10,15.6,75.1,2,3,1,0,3
8,3,4,0,0,10.4,14.9,43.4,8,3,1,0,3
4,1,3,0,0,9.6,9.8,73,2,3,1,0,3
4,4,10,0,0,9.5,18.6,5,2,2,1,0,6
19,3,8,0,0,10.1,28.4,73.8,8,4,1,0,4
12,3,3,0,43,2.3,11.4,13.5,5,3,1,0,4
21,1,10,0,46.9,1.7,17.5,37.9,4,4,1,0,7
4,2,8,0,0,9.6,26.8,48.9,2,2,1,0,1
0,3,11,0,0,9.9,9.9,38.3,2,3,0,0,3
13,4,9,0,0,10.1,20,27.6,6,4,1,0,1
3,5,4,0,0,9.7,12.7,36.1,3,3,1,0,0
12,5,1,0,0,10,9.8,7.9,7,3,1,1,1
12,4,11,0,0,10.1,16.6,73.8,6,3,1,1,7
21,0,6,0,8.3,9,25.2,31.8,3,3,1,1,6
8,1,10,0,0,9.9,14,15.8,8,3,1,1,13
14,4,1,0,19.4,6.8,6.8,63.1,7,3,1,0,1
8,1,5,0,0,10.3,15.6,83.8,8,3,1,0,4
23,1,4,0,0,9.7,12.6,22.5,2,2,1,0,0
21,3,10,1,0,10.5,20.8,33.4,2,3,0,0,3
18,1,1,0,0,10.4,5.3,31.3,10,2,1,0,2
0,0,11,0,0,9.8,13.9,23.4,2,2,1,0,1
13,1,7,0,0,10.4,24.2,16.2,5,3,1,0,4
6,1,12,0,0,9.7,10,89.6,4,3,1,0,2
18,0,7,0,0,9.7,24,75.5,8,4,1,0,4
3,2,11,0,29,4.9,10.4,70.2,2,4,1,0,3
4,6,3,0,0,9.9,12.9,36.4,4,2,1,0,1
8,4,11,0,0,10.3,16.5,67.3,8,3,1,0,1
23,1,11,0,0,10.2,10.7,35.7,1,3,1,1,2
8,4,3,0,0,9.9,9.8,66.4,8,2,1,0,2
10,6,8,0,0,10.4,26.4,12.2,8,3,1,0,4
20,4,5,0,0,9.7,15.7,27.7,3,2,1,0,0
4,2,5,0,46.1,2.1,18.8,0.8,2,3,1,0,4
22,5,11,0,0,9.8,12.4,21.6,4,3,1,0,4
5,1,5,0,0,10,20.6,44.3,2,2,1,0,0
3,2,5,0,0,9.5,15.7,1.3,1,3,1,0,3
4,0,5,0,23.8,5.4,21.7,73.6,3,2,0,0,6
21,1,8,0,0,10.4,23.3,65.5,3,3,1,0,1
1,6,11,0,31.8,4.1,10.3,24.8,2,2,1,1,5
2,5,10,0,0,10.3,14.5,32,2,3,1,0,5
6,0,12,0,0,9.8,6.3,63.6,3,3,1,0,1
11,2,12,0,0,10.1,12.9,14.4,6,3,1,0,1
0,6,11,0,0,10.4,14,32.8,3,3,1,0,3
17,1,10,0,0,9.8,14.8,59.3,8,2,1,0,0
3,3,4,0,0,10.3,16.3,47.3,2,3,1,0,1
6,5,8,0,0,10,27.1,32.5,3,3,1,0,1
19,2,9,1,15.5,7.7,25.7,8.7,7,3,1,0,8
21,3,12,0,0,9.7,7.4,36.1,3,2,1,0,5
20,3,12,0,27.5,4.9,10.4,67,3,3,1,0,7
7,1,6,1,0,10.2,21.2,49.8,6,3,1,0,1
4,2,6,0,0,9.8,21.4,51.3,2,2,1,0,1
22,5,10,0,32.3,3.7,20.5,34.3,4,3,1,0,6
20,3,1,0,27.2,4.8,9,19.9,2,4,1,0,3
13,2,7,0,0,10,28,49.3,6,3,1,0,1
4,3,9,0,0,10.1,22.5,89.7,2,2,1,0,2
21,3,7,0,0,9.8,27.2,69.3,2,3,1,0,1
1,6,4,0,0,10.3,17.8,10.1,2,3,0,0,1
22,6,2,0,0,9.8,11.9,19.1,3,3,1,0,5
8,1,1,0,0,10.1,5.4,58.9,7,3,1,0,3
9,6,11,0,0,10,14.7,81.3,7,3,1,0,4
7,4,5,0,0,9.7,17.8,31.7,8,2,1,0,2
8,3,1,0,0,9.7,7.7,35.4,7,4,1,0,4
4,3,5,0,0,10,16.7,12.5,2,2,0,0,2
4,5,10,0,0,10.1,21.6,10.7,3,2,1,0,3
20,5,5,0,0,9.6,15.2,88.7,3,3,1,0,1
21,0,6,1,0,9.6,25.8,42.2,2,2,0,0,1
1,3,1,0,0,9.7,10.4,18.3,1,2,0,0,3
7,3,7,0,0,10.3,27.8,35.5,9,3,1,0,6
7,4,9,0,0,10.1,22.1,56.8,7,3,1,0,4
1,5,9,0,0,10.1,18.7,45.1,2,3,0,0,2
5,3,10,0,0,10.4,14.7,29.2,2,4,1,0,0
3,5,8,0,35.5,3.8,29.8,55.1,2,3,1,0,5
22,0,7,0,0,10.5,24.3,16.3,3,2,1,0,0
15,6,8,0,44.2,1.8,26.7,42.8,6,2,1,0,2
20,4,4,1,32.8,3.6,17.8,60,3,3,1,0,1
5,1,11,0,0,10.2,13.6,50.6,3,4,1,0,0
9,2,6,0,0,10.3,25.7,5.8,8,2,1,0,3
19,0,2,0,0,10,6.7,65.2,9,4,1,0,5
18,3,9,0,0,10.3,25.1,20.9,9,2,1,1,2
6,6,10,0,0,9.8,18.5,57.4,2,2,1,0,0
2,2,5,0,0,9.5,20.5,30.7,2,3,0,0,4
1,5,3,0,0,10.4,12.3,30.2,4,3,0,1,4
18,5,6,0,0,9.9,26.8,25.2,5,3,1,0,7
1,2,7,0,0,9.9,28.6,27.2,2,2,1,0,3
15,4,3,0,0,10.2,12.2,69.8,5,2,1,0,2
23,0,8,0,0,9.6,24.5,4,3,2,1,0,0
21,5,5,1,0,10.1,16.7,18,2,3,1,0,1
8,0,1,0,0,9.6,9.3,49.4,8,4,1,0,2
10,4,8,1,45.2,1.4,25.1,7.8,4,4,1,0,12
22,3,2,0,0,10.2,9.7,20.9,1,3,1,0,0
21,2,6,0,24,5.5,22.7,15.4,4,3,1,0,2
17,5,2,0,0,9.9,9.3,55.9,6,3,1,0,7
21,5,2,0,0,10.3,6.9,53.6,3,2,1,0,1
3,5,10,0,0,10,19.3,8.1,4,3,0,0,0
4,5,3,0,0,10.1,11.6,18.5,4,3,1,0,4
2,4,1,0,0,10.3,11.8,5.6,3,2,1,0,2
0,1,7,0,0,9.8,25.1,34.3,2,4,1,0,3
9,6,11,0,32.6,3.8,16.1,59.2,8,2,1,1,8
14,3,6,0,0,9.5,23,65.8,6,3,1,0,4
3,4,8,0,36.6,3.4,28.9,67.6,2,3,1,0,4
20,4,10,0,17.5,7.1,17.8,46.1,3,4,1,0,3
22,4,12,0,0,9.8,11,52,2,4,0,0,2
16,0,5,0,0,9.8,17.1,66.7,6,3,1,0,2
22,1,8,0,0,9.5,29.9,87.1,2,2,1,0,2
23,5,3,0,0,9.8,13.1,68,2,2,1,0,5
8,1,9,0,46.4,1.6,23.4,86.6,8,2,1,0,9
14,6,11,0,0,10.1,10.6,30.4,7,2,1,0,0
0,6,2,1,5.6,8.9,7.8,25.5,1,2,1,1,4
3,0,10,0,0,10.4,18.5,87,3,4,1,0,1
14,2,7,0,0,10.3,24.1,70.3,6,2,1,0,1
8,1,8,1,0,9.7,25.1,58.1,5,3,1,0,4
2,0,10,0,0,9.5,18,58.8,1,2,1,0,3
15,3,7,0,0,10.3,22.6,20.3,6,4,1,0,3
21,2,7,1,0,10.1,24.9,76.8,2,3,1,0,3
9,5,7,0,0,9.9,22.7,57,7,2,1,1,2
12,0,9,0,0,10.5,24.5,87,5,3,1,1,1
3,1,11,0,0,10.2,16,13.4,2,2,1,0,3
22,5,3,1,0,10.4,14.6,8.8,2,3,1,0,2
2,6,4,0,0,10.5,16.4,29.2,4,3,1,0,2
5,2,2,0,21.1,6.4,10.4,39.5,3,2,1,0,2
15,0,1,1,0,10.2,9.7,25.5,4,3,1,0,1
16,3,7,0,0,10.2,26.8,64.5,6,2,1,0,2
7,1,2,0,0,10.1,12.9,88.8,8,3,1,0,4
15,3,3,0,0,9.6,10.9,18.9,6,3,1,0,1
23,0,9,0,0,10,18.9,80.6,2,3,1,0,3
7,0,4,0,0,9.9,12.8,42.4,8,3,1,0,3
23,1,11,0,17.1,6.5,13.5,25.3,1,3,1,0,4
19,1,10,0,0,9.6,20.9,44,10,3,1,0,1
13,5,4,0,0,9.7,18.4,85.2,8,2,1,0,2
16,0,7,0,0,10.3,28.6,40.7,5,3,1,0,2
11,2,4,0,24.2,5.4,16.6,77.2,6,2,1,0,3
11,5,8,0,31.6,4.2,27.5,47.8,7,3,1,0,5
1,4,11,0,19.5,6.5,9.3,33,2,4,1,0,3
15,5,10,0,0,10.3,20.1,28.8,7,3,1,0,1
11,3,8,0,0,10,26.3,74.3,7,3,1,0,4
14,0,2,0,47.9,1,7.3,10.1,5,2,1,0,5
11,3,8,0,9.9,7.7,28.4,75.1,6,3,1,0,3
22,4,9,0,0,9.6,24.3,15.5,2,3,1,0,2
5,4,3,0,0,10.5,14.7,62.4,2,2,1,0,3
6,4,12,1,17.5,6.7,10.3,14.6,2,2,1,0,2
10,1,1,0,0,10,10.2,26.6,7,3,1,0,4
15,0,3,0,1.7,9.8,9.8,32.2,6,3,1,0,1
8,1,1,0,0,10.2,12.7,87.8,8,3,1,0,6
11,0,5,0,0,9.9,19.5,19.4,7,4,1,0,4
13,1,10,0,15.5,7.7,18.2,30.2,7,3,1,0,1
8,3,3,0,0,10.3,9.1,16.7,8,3,1,0,5
0,1,5,0,0,10.1,16,59.9,2,2,1,0,1
8,3,2,0,0,10,9.5,23.2,8,4,1,0,2
8,1,10,1,0,10.4,15.1,14.7,6,3,1,0,2
20,0,9,0,0,10.3,22.8,15,3,3,1,0,1
21,5,12,0,0,9.9,7.1,12.3,3,3,1,0,1
16,1,4,0,0,10.2,18.6,76.1,6,4,1,0,1
2,0,3,0,0,9.8,10.9,73.5,3,3,1,0,1
23,6,2,0,0,9.6,7.8,11.3,2,2,1,0,0
0,6,8,0,5.8,9.2,26.1,5.3,2,3,1,0,0
3,6,2,0,45.1,1.6,8.8,8.2,4,3,0,0,5
18,6,1,0,0,10.5,6.4,67.9,5,4,1,0,4
14,5,2,0,0,9.9,7.7,20.5,6,3,1,0,1
11,5,5,0,16.7,6.6,17.3,54,7,3,1,0,8
21,3,11,0,0,10.2,9.7,12.9,3,3,0,0,2
6,2,4,0,0,9.6,17.7,65.3,3,4,1,0,4
21,4,7,0,0,9.6,25.6,11,3,2,1,0,0
1,6,2,0,9.4,8.4,8.6,27.2,3,2,1,0,3
16,2,9,0,0,10,25.6,2.8,6,2,1,0,1
14,0,1,0,0,10.3,12.1,14.8,6,3,1,0,1
21,3,11,0,0,10,13.5,14.1,2,3,1,0,1
9,2,1,1,41.9,2.3,10.9,2.4,7,3,1,0,4
7,5,5,0,0,9.6,17.4,30.4,2,3,1,1,4
15,4,1,0,0,9.9,9.6,72.7,5,4,1,0,3
9,2,7,0,0,10.5,22.6,76.5,7,3,1,1,4
18,0,10,0,40.2,2.7,15.7,71.6,9,3,1,0,7
0,5,12,0,25.2,5.6,12.6,84.4,3,4,1,0,6
4,5,11,0,0,9.9,15.9,82,3,3,1,0,2
7,0,3,0,41.4,2.5,12.5,39.3,8,2,1,0,2
8,5,9,0,0,10.5,21.9,1.8,4,2,1,0,1
13,2,11,0,47.2,1.7,10.1,10.1,6,2,1,0,6
10,2,10,0,0,10.2,21.5,19.6,5,2,1,0,1
18,0,8,0,0,9.6,26.4,42.7,8,3,1,0,4
19,0,12,0,0,10.2,12.3,21.6,9,3,1,0,5
0,3,5,0,0,10.3,17.4,77.3,1,3,1,0,2
2,6,8,0,0,10.3,27.7,78.9,4,2,1,0,5
1,5,11,0,0,10.1,9,18,3,3,1,0,7
15,6,12,0,29.9,4.4,8.3,7.6,6,3,1,0,9
22,6,3,1,0,10.1,9.2,86.2,1,3,1,0,4
22,1,4,0,0,9.8,17,34.4,2,2,1,0,1
13,1,7,0,48.8,1,25.6,22.3,6,4,1,0,1
10,5,7,0,0,10.2,27.9,23.1,6,2,1,1,6
1,0,5,0,0,10.5,20.4,11.9,3,2,1,0,3
10,5,9,0,0,9.8,25.8,44.9,8,3,1,0,5
10,3,3,0,0,10.3,9.2,76.8,6,3,1,1,2
8,1,12,0,44.8,1.9,9.5,89,8,3,1,0,6
16,6,5,0,0,9.7,23,0.4,7,2,1,0,0
15,5,2,0,34.2,4,9.2,53.1,7,3,1,0,6
1,5,10,0,0,10.2,19.9,86.2,3,2,0,0,5
8,1,4,0,0,9.6,17.8,14.7,9,3,1,0,3
23,6,5,0,0,9.9,15.8,33.1,2,3,0,0,5
13,0,1,0,0,10.2,10.2,64.2,7,3,1,0,2
15,2,3,0,0,9.8,10,38.5,6,3,1,1,0
3,4,7,0,0,10.2,28.5,32,2,3,1,0,3
13,5,5,0,0,10.3,18.6,72.7,7,2,1,0,2
21,0,7,0,6.3,8.5,25.8,62.3,4,4,1,0,5
9,0,3,0,40.9,2.8,9.5,2.4,8,2,1,0,5
15,3,1,0,0,10.2,8.6,43.7,5,3,1,0,0
18,6,7,1,31.7,4.5,29.8,76.4,4,3,1,0,8
1,4,1,0,3.6,9.7,8.3,42.6,2,4,1,0,0
9,5,4,0,0,10,15.7,61.6,8,4,1,0,7
5,4,4,0,0,10.2,12,18,2,2,1,0,1
17,0,1,0,34,3.6,11.9,45.3,10,3,1,0,4
11,6,1,0,0,10.4,11.8,78.6,7,2,1,0,4
3,6,10,0,0,9.6,18.5,45.7,2,2,0,0,1
14,6,9,0,0,9.7,20.9,73.7,6,2,1,0,2
15,2,5,0,18.9,6.9,17.9,59.8,5,3,1,0,2
13,3,9,0,0,9.5,19.2,0.9,7,2,1,1,2
1,3,1,0,0,10.4,5.5,56.8,2,4,0,0,5
11,0,5,0,0,9.6,18.2,57.9,7,3,1,0,4
6,2,2,1,0,10.2,11.9,11.3,3,3,1,0,1
10,6,11,0,39.9,2.9,10.9,69.7,7,3,1,0,3
1,6,11,0,0,10.1,9,30.5,2,4,0,0,5
22,4,11,0,0,10.2,9.8,46.5,1,3,1,0,2
13,1,8,0,34,3.8,26.5,70.1,7,3,1,0,6
4,3,12,0,0,10,10.2,62.5,2,2,1,0,3
3,2,10,0,0,9.6,16.4,33.7,2,2,1,0,1
9,2,4,0,0,9.5,15.4,6.1,7,3,1,0,7
14,6,8,0,0,10.2,22.7,56.2,7,3,1,0,5
5,5,1,0,0,10.2,9.5,11.1,3,2,0,0,5
21,4,3,0,10.7,8.4,14.7,52.2,2,3,1,0,0
0,2,7,0,26.6,5.1,22.7,88.2,2,3,1,0,3
19,2,3,1,19.8,6.3,11.3,29.2,7,2,1,1,6
10,3,9,0,0,9.9,19.9,79.8,6,3,1,0,3
13,3,2,0,0,10.3,7.1,48.6,5,2,1,0,2
0,6,8,0,0,10.2,23.3,5.4,4,3,1,0,3
16,2,1,0,0,9.6,5.7,62.9,7,4,1,0,2
10,5,6,0,0,10.2,21.2,59.6,7,2,1,0,1
22,1,11,0,0,9.5,9.1,15.6,2,4,1,0,3
0,6,11,0,48.6,1.1,13.8,34.8,4,4,0,0,2
23,0,5,0,0,9.7,21.5,56.3,3,2,1,0,1
22,5,10,0,41.1,2.5,21,51.2,3,3,1,0,5
18,6,4,0,0,9.8,17.8,2.1,7,4,1,0,6
10,3,7,0,0,10,24.9,68.3,7,2,1,1,4
18,6,1,0,34.6,4.2,12.3,17.7,6,2,1,0,5
8,1,2,0,0,10.3,12.6,46.8,7,2,1,0,4
1,0,7,0,0,9.6,23,82.7,2,3,1,0,1
1,2,7,0,0,9.9,28.9,70.9,2,3,1,0,5
10,4,4,0,35.8,3.6,17.7,81.4,5,3,1,0,5
9,4,7,0,0,9.9,26.7,48.7,7,3,1,0,2
18,5,11,0,41,2.7,9.4,30.9,7,4,1,0,11
14,6,1,0,0,10.1,10.5,42,6,3,1,0,3
5,6,1,0,2,9.3,7.3,17.5,3,3,1,1,1
8,5,3,0,0,9.7,8.2,75.9,4,2,1,0,4
14,1,6,0,0,10.4,26.8,89.8,7,4,1,1,3
12,5,6,0,0,10.1,26.4,68.7,7,3,1,0,1
20,6,5,0,0,10.5,22.1,18.8,2,3,1,0,1
12,6,11,0,0,10,10.4,64.1,7,3,1,0,2
18,5,1,0,0,10,6.9,19.7,6,3,1,0,4
14,4,6,0,25.9,5.2,22.6,38.9,6,3,1,0,2
20,0,6,0,0,10,23.4,7,3,2,1,0,0
1,4,4,0,0,9.8,17,69.2,3,2,1,0,4
9,2,6,0,0,9.9,23.6,59,8,3,1,0,4
7,4,10,0,0,10.2,17.7,71.3,8,2,1,0,4
4,4,3,0,0,10,13.3,31.9,1,3,1,0,3
1,1,3,0,0,10.1,14.4,82.2,2,3,0,0,3
18,3,11,0,5.7,9,9.3,62,9,2,1,0,5
11,4,1,0,0,9.9,6.3,10,6,3,1,0,2
6,2,7,0,0,9.7,26.6,27.9,2,4,1,0,0
0,1,8,1,0,10.3,26.2,81.9,3,3,1,1,5
12,4,3,0,31.1,4.3,11.1,59.3,6,2,1,0,5
2,5,12,0,24.9,6,10.4,89.6,2,2,1,0,3
0,0,11,0,0,9.9,15,77,2,2,1,0,1
14,3,8,1,0,9.7,29.6,12.6,5,2,1,0,0
3,1,5,0,0,9.7,20.4,1,2,3,1,0,0
21,4,4,0,31.9,4.3,16.3,59.4,2,4,1,1,0
12,6,4,0,0,9.7,11.7,38,8,3,1,0,1
3,6,11,0,21.1,5.8,11.6,50.6,2,2,0,0,3
0,3,11,0,0,10,9.5,73.4,2,3,1,0,6
18,1,5,0,0,10.5,20.6,61,10,4,1,0,5
0,4,10,0,0,10.2,18,63.4,1,2,1,0,4
11,3,5,0,0,10.1,16.9,65.3,7,3,1,0,2
1,4,7,0,0,9.5,28.8,29.8,1,3,1,0,4
16,2,3,0,43.6,1.7,9.5,57.1,5,2,1,0,4
13,5,8,0,0,9.7,23.4,22.4,7,3,1,0,4
12,1,8,0,0,10.2,28.1,73.8,7,2,1,0,1
9,4,9,0,0,9.8,21.7,40.8,8,3,1,0,4
16,5,12,0,0,9.9,9.2,66.8,6,3,1,0,2
3,3,10,0,0,10.5,20.2,67.6,2,4,1,0,4
1,6,6,0,0,10.2,24.2,23.5,3,4,1,0,2
3,6,2,0,0,9.9,10.7,81.1,3,2,0,0,7
23,6,2,0,0,10.3,12.5,24.2,2,4,1,0,2
2,6,12,0,0,9.8,9.4,15.9,2,2,1,0,3
1,5,3,0,49.2,1.5,11.5,82.2,2,4,1,0,6
1,2,1,0,0,9.5,6.7,71.3,2,3,0,0,4
10,2,4,0,0,9.9,11.5,32,6,2,1,1,4
3,6,9,0,0,10.3,20.9,55.7,3,3,1,0,0
20,6,6,1,0,9.5,25.5,29.3,2,3,1,0,5
21,6,12,0,0,9.8,7.6,12.9,3,3,1,0,0
15,6,2,0,0,10,13,15.1,6,2,1,0,1
5,6,11,0,49.7,0.6,16.4,29.4,3,3,1,0,4
23,3,2,0,0,9.7,10.6,83.1,1,3,1,0,3
13,6,4,0,4.8,8.7,16.9,84.3,7,2,1,0,1
12,4,12,1,27,5.5,13.8,28.8,4,4,1,0,3
0,4,8,0,0,9.8,23.8,61.2,1,3,1,0,5
22,4,8,0,0,9.8,29.7,5.3,3,2,1,0,3
5,6,8,0,0,10.3,29.3,14.3,2,3,1,0,3
9,2,12,0,0,10,6.8,29.1,9,2,1,0,3
22,3,5,0,0,10.3,16.6,58.6,2,3,1,0,4
1,0,6,0,0,9.6,26.8,58.5,2,2,1,0,0
7,3,8,0,0,9.7,28,69.8,9,4,1,0,6
2,0,8,0,0,9.7,26.7,88.9,2,4,1,0,2
13,2,10,0,0,10.2,20.9,48.4,6,4,1,1,4
18,4,12,0,0,10.3,7.7,59.3,8,3,1,0,0
14,6,6,0,0,9.7,20.3,50.6,8,2,1,1,1
17,1,7,0,0,9.7,22.4,85.1,10,3,1,0,7
3,5,1,0,15.3,7.6,12.7,54.2,2,3,1,0,4
14,0,5,0,0,9.6,16.6,56.7,6,4,1,0,0
11,4,11,0,0,9.7,15.6,28.5,7,3,1,1,2
3,5,9,0,0,9.6,25.3,70,2,2,1,0,4
16,5,5,0,0,9.6,17.8,51.5,6,3,1,0,3
11,6,12,0,0,10.1,13.1,36.2,7,3,1,1,2
12,4,12,0,0,10.1,9,70,6,3,1,0,4
13,4,12,0,0,9.8,12.9,85.3,6,3,1,0,1
7,0,3,0,14.6,7.8,14.5,1,9,4,1,0,10
22,4,12,0,0,10.2,13.4,89.9,3,4,1,0,5
4,4,6,0,0,9.9,22,10.2,3,2,1,0,3
0,5,11,0,15.6,7.6,14.1,74.3,2,3,0,0,1
14,2,5,0,44.6,1.7,17.8,9.1,6,2,1,0,3
21,2,4,0,0,9.9,18.1,48.3,3,3,1,0,0
23,3,1,0,0,9.7,6.5,3.6,2,4,1,1,5
15,6,11,0,0,10.3,16.1,45.2,7,3,1,0,2
11,4,1,0,34.1,3.7,12.8,66.4,6,3,1,0,4
8,6,2,0,0,9.7,12.6,17.9,3,2,1,0,3
20,1,4,0,0,9.8,12.5,13.2,2,2,1,0,0
13,4,5,0,0,9.7,18.4,5.5,6,2,1,0,1
11,5,7,0,0,9.7,22,59.4,7,3,1,0,2
15,2,6,0,1.2,9.8,25.9,29.8,6,3,1,0,2
8,1,10,0,0,9.6,19.9,10.8,8,4,1,0,2
17,4,6,0,0,10.3,23.3,13.8,8,3,1,0,9
13,4,9,0,0,9.8,25.7,26.1,7,2,1,0,4
2,1,8,0,0,10.3,25.2,24.4,1,2,1,0,0
16,3,9,0,0,9.8,19.8,63.7,6,2,1,0,2
8,1,5,0,49,1.7,16.7,10.5,8,4,1,0,7
1,5,1,0,48.3,1,12.8,48.4,4,3,1,0,10
4,3,4,0,0,9.6,14.8,44.6,2,2,1,0,2
5,1,7,0,0,9.6,25.4,41,2,3,1,0,2
12,3,1,0,41.6,2.9,6.1,69.3,6,4,1,0,1
3,4,12,0,0,9.6,7.1,68.4,3,2,1,0,2
17,0,1,0,15.2,7.3,11.7,12.8,10,2,1,0,6
3,3,3,0,47.8,1.2,8.6,30,2,2,0,0,6
9,2,2,0,0,9.9,8.1,81.6,9,2,1,0,3
14,5,8,0,0,9.9,27.8,13,7,2,1,0,2
22,3,10,0,0,10.3,19.2,22.1,2,3,1,0,1
2,4,12,0,0,10.2,12,63.3,1,2,1,0,2
3,0,6,0,0,10.3,20.1,41.4,3,3,0,0,2
4,0,12,0,0,9.5,13.7,33.5,2,4,1,0,1
4,2,3,1,28.7,5.1,9.2,16.4,2,4,1,0,4
3,1,1,0,37.7,3.2,5.1,74.9,2,3,1,0,6
4,5,4,0,19.9,6.7,18.8,54.5,2,4,1,0,5
3,0,2,0,0,9.8,7.9,14.6,1,2,1,0,1
20,0,4,0,0,10.1,15.5,71.1,2,3,1,0,4
10,6,7,0,0,10.2,22.8,36.7,7,2,1,0,1
12,3,10,0,8.5,8.7,14.6,56.3,7,2,1,0,3
16,4,12,0,0,10.3,9.6,11.8,6,3,1,0,3
6,4,10,1,31.6,4.3,20.4,12.8,3,3,1,0,5
2,2,10,0,9.4,8.6,16.1,42.6,2,3,1,0,1
1,2,5,0,0,10.4,16,33,3,3,1,0,1
21,0,10,0,39.6,3.1,18.5,13.9,2,3,1,0,1
14,5,2,0,0,10,12.5,9.8,6,2,1,0,3
10,2,10,0,0,10,16.2,3.4,5,3,1,0,0
18,0,10,0,40.5,3,21.8,19.2,8,2,1,0,4
12,0,5,0,0,9.9,16.7,80.4,5,2,1,0,3
11,3,8,0,0,9.7,27.6,31.9,6,3,1,0,2
23,5,10,0,0,10.5,21.5,66.9,3,3,1,0,5
23,0,8,0,0,10.1,27.1,52.1,1,4,0,0,1
12,1,6,0,0,10.2,26.6,33.3,6,3,1,0,3
14,3,7,0,0,9.9,29.8,30.2,7,3,1,0,1
17,3,7,0,0,10.2,27.1,63.2,10,2,1,0,4
15,5,10,0,22.5,6,14.3,26.1,6,2,1,0,5
14,3,11,0,0,9.5,12,20.2,6,4,1,0,3
13,0,1,1,0,10.3,9.2,66.7,4,2,1,0,3
20,3,1,0,0,9.6,10.1,88,2,3,1,0,1
4,4,2,0,0,10.3,11,23.4,2,3,1,0,3
22,4,2,0,36.8,3.9,11.1,70,1,4,0,0,10
3,0,8,0,0,9.6,24.1,16.3,1,3,0,0,2
15,5,2,0,0,10.4,11.1,40.6,5,3,1,1,3
10,2,8,0,0,9.5,26.2,22.9,5,3,1,1,0
16,6,3,0,0,10.4,8.2,12.5,5,4,1,0,1
2,2,12,0,37.4,3.3,10.1,36,1,2,1,0,5
6,5,8,0,0,10.1,24.2,28.7,2,3,1,0,2
2,3,3,0,0,9.8,11.3,54.3,3,3,1,1,2
11,1,2,0,0,9.6,8.5,0.9,6,4,1,0,3
12,2,10,0,28.3,5.1,21.6,72.7,6,3,1,0,4
15,3,1,0,0,9.6,6.4,29.4,6,3,1,1,0
18,0,8,0,0,9.9,29.2,82.6,8,4,1,1,5
2,4,6,0,15.3,7.7,22.9,57.7,3,3,0,0,6
2,1,12,0,45.2,2.4,13.5,78.1,2,2,1,0,3
8,5,3,0,0,9.6,10.6,13.3,3,3,1,0,3
15,2,6,0,0,9.6,25.1,64,6,2,1,0,2
15,0,4,1,41,2.3,11.8,18.8,4,3,1,0,5
4,1,6,0,0,10.1,20.6,36,1,3,1,0,2
3,5,2,0,0,9.7,6.2,59.6,3,3,1,0,2
13,4,6,1,0,9.6,24.2,65.9,4,3,1,0,2
16,3,2,0,0,10.5,7.8,4.8,5,3,1,0,1
19,5,12,0,0,9.7,12.6,62.3,6,2,1,0,4
16,5,10,0,0,10.4,15.9,28.4,5,2,1,0,3
0,1,5,0,38.1,2.7,17.8,42.6,1,2,1,1,2
7,4,9,0,5.1,8.9,23.9,40.7,8,3,1,0,2
11,2,12,0,0,10.2,12.9,75.9,6,3,1,0,1
13,6,4,0,25.1,5.2,16.9,87.6,7,4,1,1,9
21,2,6,0,0,10.5,21.5,3.7,3,3,1,0,3
3,0,8,0,0,10.2,26.2,26.1,2,2,1,0,1
1,1,5,0,24.7,5.1,17.8,75.1,1,2,1,0,4
8,1,12,0,0,9.6,7.8,42.6,8,4,1,0,2
8,2,10,0,0,10.2,16.6,52,8,2,1,0,2
9,4,11,0,39.2,3.3,9.8,47.4,8,3,1,0,5
17,0,7,0,0,10.4,28.3,52.2,9,3,1,0,4
0,3,9,0,3.2,9.8,23.2,30,1,3,1,0,1
18,5,9,0,10.7,7.7,23.9,44.6,5,4,1,0,6
2,0,3,0,5.3,8.8,11.8,74.9,2,2,0,0,3
8,6,10,0,0,10.1,17.5,57.3,2,4,1,0,2
15,3,5,0,29.6,4.5,17.2,34.7,7,3,1,0,1
14,0,10,0,0,9.5,19.2,59.1,6,3,1,0,2
5,2,9,0,0,9.8,23.6,35.2,1,4,1,0,1
4,2,11,0,0,10.4,14.2,33.9,2,4,1,0,2
22,2,10,0,0,10.1,17.2,4,3,2,1,0,2
7,6,12,0,44.1,2.3,9.1,87.6,4,2,1,0,4
0,1,6,0,0,9.6,24.1,50.1,1,3,1,0,1
16,6,4,0,48,1,11.3,12.7,5,3,1,0,7
15,4,6,0,0,10.4,25.4,39.5,6,2,1,0,0
16,2,2,0,30.3,4.4,7.8,84.7,7,3,1,0,4
7,6,9,0,0,9.9,18.5,62.8,2,3,1,0,2
13,2,4,0,0,9.6,15.4,66,7,4,1,0,0
15,0,10,0,0,10.3,14.3,88.3,7,3,1,0,3
23,0,2,1,0,10.2,9.5,27.3,3,2,1,1,7
12,5,3,0,0,9.6,11.5,80.7,8,3,1,0,3
0,1,7,0,0,10.3,26.5,89.2,1,4,1,1,1
9,0,6,0,0,9.7,21.3,54.6,8,2,1,0,2
22,5,6,0,0,9.9,21.4,33,3,4,1,0,2
11,3,12,0,0,9.6,13.3,75.7,6,3,1,0,1
4,0,4,0,0,10,11.9,44.9,1,3,1,0,1
19,3,8,1,0,9.9,23.8,34.1,7,3,1,1,3
19,6,6,0,0,10.3,23.7,68.2,6,3,1,0,3
3,4,7,0,0,9.8,29.9,48.1,2,4,1,0,1
23,1,3,0,0,10.2,10.2,89.9,3,3,1,0,5
3,2,10,0,0,10.3,17.6,1.6,1,2,0,0,2
2,2,10,0,0,9.9,16.1,70.8,2,3,1,0,2
3,5,1,0,0,9.9,7.5,49.8,2,4,0,0,0
11,4,12,1,5.9,8.9,6.9,7,3,3,1,0,4
10,4,6,0,0,10.2,22.8,87.6,6,2,1,0,1
18,0,2,0,0,10,12.2,45.7,9,3,1,0,3
20,0,2,0,0,10.1,14,56.7,3,3,1,0,2
15,5,9,0,0,9.7,22.6,82,6,3,1,0,5
2,2,9,0,0,10.2,22.8,40.4,2,3,1,0,3
21,1,10,0,0,9.8,14.7,37.9,4,3,1,0,0
5,3,1,0,0,10.3,10.7,42.3,1,2,1,1,0
2,1,9,0,0,10.4,20.8,36.2,2,4,1,0,3
23,0,2,0,0,9.9,9.3,40.5,3,3,1,0,4
4,0,10,0,0,10,16.6,15.9,2,3,0,0,2
16,4,9,0,0,9.8,20.5,16.1,5,4,1,0,2
19,2,2,0,14.7,7.3,7.8,15.2,10,3,1,0,6
0,4,1,0,0,10.3,5.1,74.9,1,2,1,0,2
14,2,2,0,0,9.6,13.1,44.4,5,2,1,0,1
11,6,2,0,4.2,8.9,8.7,40.8,7,4,1,0,3
22,6,9,0,0,10.2,25,3.2,3,2,1,0,2
15,1,8,0,0,9.8,23.6,78.8,7,4,1,0,0
2,3,9,0,0,9.5,23.5,55.2,2,2,1,0,1
9,6,4,0,0,10,16,53.8,7,3,1,0,3
14,2,4,0,23.5,5.6,11.9,62.7,6,3,1,0,3
8,4,4,0,0,9.6,17.2,23.5,8,3,1,0,2
15,5,4,0,0,9.8,14.3,51.5,5,2,1,0,0
19,4,6,0,0,10.5,19.2,34.1,10,3,1,0,5
5,6,9,0,0,9.8,19.3,33.6,3,3,1,0,0
0,6,9,0,0,10,19.3,27.1,2,4,1,0,1
20,3,3,0,0,10.4,8.6,45.4,3,4,1,0,0
17,4,3,0,0,9.9,14.7,77.3,10,3,1,0,1
6,0,5,0,0,9.9,18.4,20,3,3,1,0,2
0,3,12,0,0,10,6.9,20.2,3,3,1,0,1
9,2,3,0,0,9.6,9.4,77.8,8,2,1,1,5
15,2,7,0,0,9.7,24.6,50.9,6,2,1,0,0
17,6,8,0,0,10.2,24.6,63.8,6,4,1,0,1
22,0,7,0,26.2,4.9,23.6,78.3,1,3,1,0,4
3,3,5,0,0,9.8,17.6,80.1,2,2,1,0,2
16,4,5,0,0,9.8,21,89.7,7,2,1,0,1
13,1,3,0,0,9.5,13.6,17.9,5,3,1,0,0
14,4,3,1,0,10.4,10.8,1.3,3,3,1,0,3
12,2,9,0,0,9.6,19.2,65.8,6,3,1,0,1
20,6,7,0,0,10.1,24.2,72.7,4,4,1,0,1
7,1,2,0,0,9.6,9.8,0,7,2,1,0,3
3,1,9,0,0,10.2,20.8,75.5,2,2,0,0,9
13,5,6,0,0,10.4,25.2,31.1,7,3,1,0,3
23,0,4,0,0,9.5,13.5,8.5,2,3,1,1,3
22,5,5,0,28.8,4.3,20.7,42.4,3,3,1,0,4
22,1,12,0,0,9.6,9.4,76.1,1,4,1,0,4
10,6,11,0,35.6,4,13.7,85,7,4,1,0,6
14,0,5,0,0,9.9,20.1,75.8,7,3,1,0,2
22,0,10,0,45.9,1.4,14.7,28.6,2,2,1,0,2
23,1,5,0,0,10.4,16.5,68,1,2,1,0,2
6,2,4,0,0,10.2,13.1,44.1,3,3,1,0,2
5,0,10,0,0,9.7,19.6,31.2,3,3,1,0,3
6,2,4,0,6.2,9,12.5,12.6,3,3,1,0,3
11,6,1,0,0,9.8,12.2,16.8,7,2,1,0,1
19,3,10,0,0,9.9,20.7,22.7,9,3,1,0,1
7,6,9,0,0,9.8,22.6,53.4,2,2,1,0,6
10,6,1,0,38.4,3.4,8.7,14.9,6,2,1,0,2
6,3,2,0,28,5.2,6,14.3,2,3,1,0,6
4,2,3,0,0,9.8,13.4,78.5,2,3,1,0,3
7,2,6,0,0,10.1,25,82.3,8,2,1,0,1
2,2,7,0,0,9.8,25.1,73.9,1,3,1,0,1
2,2,11,0,0,9.9,15.5,14.5,1,3,1,0,2
1,2,7,0,0,10.1,28.4,40.5,2,3,1,0,1
5,3,9,0,0,9.6,18.1,85.3,2,3,1,0,2
9,0,2,0,0,9.6,10.8,33.2,8,4,1,0,3
0,3,6,0,6,9.2,23.3,35.7,1,3,1,0,2
14,5,10,0,0,10.3,19.9,47.1,7,2,1,0,0
19,5,11,0,25.9,5.6,11.7,57.3,6,3,1,1,8
9,4,9,0,0,10.2,18.4,51.6,7,3,1,0,3
12,1,11,0,10.8,8.3,14.3,24.7,6,4,1,0,1
10,1,2,0,0,10.1,9.7,37.9,6,3,1,0,1
10,2,6,0,0,10.4,23,47.9,5,3,1,0,0
18,0,11,0,0,9.6,15,47.7,9,3,1,0,3
18,3,7,0,48.7,1.3,25.9,21.1,10,2,1,0,5
5,6,12,0,0,9.9,7.7,81,3,3,1,0,4
7,6,7,0,0,10.3,25.6,83.2,2,3,1,1,6
13,3,4,0,0,9.6,16,89.9,6,4,1,0,0
19,1,3,0,0,9.6,11,66.9,10,4,1,0,5
15,5,4,0,0,10.4,12.7,41.5,5,3,1,0,1
14,4,11,0,0,9.8,16.4,14.3,6,2,1,1,0
21,3,9,0,0,9.6,21.3,23.4,3,2,1,0,2
23,0,5,0,0,10.2,15.3,35.9,3,4,1,0,0
4,6,5,0,0,10.3,20.8,33,3,2,0,0,1
20,5,2,0,0,10.3,12.1,30.8,3,3,1,0,4
9,0,4,0,0,10.2,13.5,64.4,8,3,1,0,4
9,6,7,0,0,10.4,26.7,13.4,6,3,1,0,4
11,5,3,0,0,10,11,83.3,7,3,1,0,3
7,2,4,0,0,10.3,17.3,58.5,8,3,1,0,1
23,6,9,0,0,9.9,18.3,56.4,4,3,1,0,4
18,4,4,0,0,9.7,18.5,77.2,8,4,1,0,3
6,5,2,0,15.5,6.9,8,68.6,3,2,1,0,3
3,3,2,0,29.7,4.8,8.4,0.9,2,2,1,0,6
8,3,11,0,0,10,16.6,27,9,2,1,0,3
5,3,1,0,0,10,6.3,5.9,2,3,1,0,0
21,4,3,0,12,7.6,10.4,69,3,4,1,0,2
12,6,3,0,0,9.7,15.7,88.3,7,3,1,0,4
4,2,6,0,0,9.8,21.5,50.7,3,2,1,0,5
22,1,4,0,0,10.3,11.2,38.5,2,3,1,0,1
8,0,2,0,24.2,5.9,9.8,87.4,7,4,1,0,6
10,2,9,0,0,9.6,19.1,67.5,6,4,1,0,1
9,4,4,0,0,9.8,15.4,59.5,8,3,1,0,6
14,5,4,0,0,10,13.7,61,7,3,1,0,3
15,6,1,0,49.5,1,9.5,89.6,7,3,1,0,11
19,5,4,0,0,9.9,13.2,40.6,7,4,1,0,3
22,5,7,0,0,9.8,27,35.1,2,3,1,0,2
14,5,11,0,0,10.4,16.1,64.3,7,2,1,0,1
0,4,10,0,6.8,8.6,14.6,78.4,3,4,1,0,4
4,3,2,0,0,9.9,12,66.6,2,3,1,0,2
5,4,10,0,38,2.8,17.9,54.4,2,3,1,0,2
16,0,8,1,0,9.9,29.7,9,4,3,1,0,2
22,0,11,0,0,10,16.6,24.7,2,3,1,0,0
0,1,9,0,0,10.3,18.5,72.2,3,4,1,0,2
16,1,12,0,0,9.9,13.4,70.8,5,2,1,0,3
0,2,1,0,43.7,2.5,5.4,33.9,2,3,1,0,3
15,3,7,0,0,9.6,26.8,57.3,6,3,1,0,1
17,2,10,0,24.9,5.8,18.6,11.3,9,2,1,0,2
19,0,4,0,33.1,3.9,18.8,60.2,9,3,1,0,8
20,0,4,0,31.9,4.6,12.9,35.7,2,3,1,0,4
6,3,10,0,0,10.2,19.2,46.3,3,2,1,0,2
21,0,11,0,0,9.8,15.3,38.4,2,3,1,0,1
17,5,5,0,0,10,19.4,84.6,7,3,1,0,6
23,2,9,0,0,10.4,22.2,72,2,2,1,0,1
21,1,11,0,0,10.3,15,13.7,4,3,1,0,0
12,2,7,0,0,10.4,25.7,12.3,7,2,1,1,4
2,0,7,0,0,9.7,29.8,87.9,3,3,1,0,2
2,1,5,0,0,10.2,19.7,60.5,1,2,1,0,0
3,4,5,0,0,10.1,16.9,39.4,3,3,1,0,0
23,2,5,0,42,2.2,20,38.3,1,4,1,0,2
23,4,10,0,42.6,2.3,19.6,38.9,1,2,0,0,5
11,0,1,0,0,9.7,9,53.2,6,2,1,0,2
18,3,10,0,0,9.9,18.8,53.1,10,2,1,0,3
19,3,7,0,32.5,4.1,25.7,77.7,8,3,1,0,5
10,0,5,0,0,10.2,21.8,22.8,7,3,1,0,3
22,5,5,0,28.1,5.3,20.2,66.7,4,2,1,0,6
23,0,11,0,0,10.1,15.1,18.2,3,3,1,0,4
18,2,9,0,0,10.3,22.3,35.8,9,2,1,0,5
11,3,3,0,47.8,1.7,15.1,26.5,6,2,1,0,3
8,0,8,0,0,9.7,29,39.6,9,2,1,1,1
19,3,8,0,0,10.1,25.3,76.3,9,4,1,0,6
11,1,6,0,34.8,3.6,25.6,63.2,7,3,1,0,9
17,6,4,0,0,9.6,16,44.7,6,2,1,1,5
11,0,12,0,44.9,1.4,10.8,38.8,7,2,1,0,6
13,1,9,0,0,10.4,25.8,4.8,7,3,1,0,4
7,4,3,0,46.5,1.9,10.7,8.5,8,4,1,0,5
11,1,12,0,5,8.9,7.6,31.6,6,2,1,0,2
19,0,9,1,0,9.7,25.7,47.6,6,3,1,0,3
5,1,11,0,11.3,7.8,16,82.1,2,3,1,0,5
17,6,2,0,14.9,7.2,7.4,46.7,7,3,1,0,4
12,6,8,0,0,9.6,24,12.7,8,3,1,0,4
21,5,10,0,0,10.2,16.6,47.5,3,3,1,0,2
6,2,11,0,0,9.6,9.2,9.4,3,3,1,0,2
21,5,1,0,47.4,1.3,9.7,81,3,4,1,1,7
16,4,3,0,0,9.5,9.7,41.2,5,2,1,0,0
6,3,4,0,0,9.5,14.1,81,2,3,1,1,6
12,0,3,0,33.6,4.3,11.4,51.3,7,4,1,0,4
13,3,5,0,0,10.3,17,0.9,6,2,1,0,2
20,0,2,0,0,9.6,10.3,15.1,3,4,1,0,1
9,2,10,0,0,9.9,21.1,18.2,7,3,1,0,1
15,0,2,0,0,9.7,12.1,72.6,5,3,1,0,4
6,6,4,0,1.2,9.4,17.9,22.6,2,3,1,0,2
9,4,2,0,0,9.8,11.8,2.3,8,2,1,0,2
10,0,2,0,0,10,10.9,15.3,7,3,1,1,2
0,4,1,0,0,9.6,6.8,56.5,2,2,1,0,2
21,4,7,0,0,10.2,26.9,31.1,4,3,1,0,2
9,5,12,0,0,10.5,13.1,33.1,6,3,1,0,4
20,2,4,0,0,9.9,16.9,40,3,3,1,0,1
16,1,4,0,10.1,8.6,16.3,55.7,7,3,1,0,3
15,0,9,0,0,10.3,24.2,56.1,5,2,1,0,3
14,0,12,0,0,9.7,13.9,61.3,7,4,1,0,2
14,1,12,0,0,9.8,13.5,55.1,6,2,1,0,1
0,6,1,0,46.6,1.5,10.9,86.2,3,2,1,0,8
13,0,9,0,0,10.1,23,63,6,2,1,0,1
14,0,1,0,0,9.9,6.4,1.8,6,3,1,0,1
0,3,11,0,0,10.5,16.1,6.2,1,3,1,0,0
21,1,11,0,0,10.4,9.7,54.3,4,2,1,0,2
16,2,9,0,16.3,6.7,23.2,63,6,3,1,0,4
1,1,10,1,0,9.8,15.6,42.3,2,4,1,0,4
10,1,6,0,0,10,21.1,82.2,7,2,1,0,3
4,6,2,0,3.7,9.4,7.9,7.9,2,4,1,0,2
20,6,8,0,0,10.2,26.9,5.1,2,4,1,0,0
22,0,1,0,0,9.7,10.7,34.8,2,2,1,0,2
9,5,11,0,0,9.9,13.1,7.2,8,3,1,0,4
5,6,6,0,0,9.9,25.7,26.7,3,4,1,0,3
21,2,5,0,3.6,9.2,20.9,55.8,4,2,1,0,2
10,4,6,0,0,10.5,23.6,65.4,6,3,1,0,3
23,1,4,0,18,6.7,14.7,83.1,3,3,1,0,3
0,6,3,0,0,10.4,9.2,32.9,3,4,0,0,2
15,1,5,0,19.9,6.2,22.6,49.4,5,3,1,0,3
21,0,6,0,16.5,7,21.3,21.2,4,2,1,1,1
20,2,11,0,0,10.1,13.2,30.7,3,4,1,0,2
14,2,7,0,0,10.2,29.3,81.2,6,3,1,0,3
4,2,11,0,0,10.2,13.9,73.2,1,3,1,1,3
2,4,8,0,0,10.4,27.8,6,2,2,1,0,1
1,3,4,0,18.1,6.9,15.5,70.5,3,3,0,0,7
6,4,9,0,0,9.9,24.5,1,3,2,1,0,0
20,6,7,1,0,10.4,23.2,56.3,2,3,1,0,2
6,5,10,0,6.9,9.2,15,78.1,3,3,1,0,2
13,5,6,0,0,10.3,19.3,25.5,7,3,1,1,5
3,4,3,0,37.9,3.7,10.7,37.1,3,3,1,1,5
5,0,5,0,34.3,3.4,20.1,62.8,2,2,1,0,3
20,5,7,1,0,10,27.4,62.7,2,2,1,0,0
7,4,8,1,0,10.1,24.9,80.9,5,2,1,0,0
20,5,10,0,0,10,15.3,18.1,3,3,1,0,3
14,4,11,0,0,9.7,9.9,34.9,5,2,1,0,5
11,3,1,0,44.6,2.3,6.7,2.1,5,2,1,0,3
12,4,3,0,0,10.1,14.4,60,7,2,1,0,6
12,5,10,0,18.7,6.8,21.8,66.8,7,3,1,0,1
3,2,3,0,0,10.4,14.4,18.4,3,4,0,0,3
23,1,8,0,0,10.1,24.2,63.3,2,4,1,0,2
13,6,8,0,0,10.1,22.4,5.7,8,3,1,0,2
21,2,4,0,0,9.5,16.2,78.6,4,3,1,0,3
2,4,6,0,0,9.7,24.3,33.4,2,2,1,0,2
11,6,5,0,0,10.4,20.4,36.7,8,2,1,0,2
14,3,9,0,0,9.5,22.1,77.4,6,3,1,0,7
13,0,9,0,0,10.1,20,49.5,7,4,1,0,2
23,6,6,0,0,10.2,22.1,51.9,3,4,1,0,4
0,6,9,0,0,10.4,23.6,27.6,4,3,1,0,1
0,0,1,0,41.5,2.7,5.5,40.7,1,3,1,1,6
18,0,11,0,16.3,6.6,14.6,77.5,9,3,1,0,9
8,4,2,0,0,10.2,13.4,40.9,8,2,1,0,4
19,3,2,1,43.2,2.5,13.5,40,7,3,1,0,6
5,3,5,0,30.3,4.5,20.5,87.2,1,3,1,1,5
10,6,11,0,0,10.2,15.5,85.3,6,2,1,0,4
22,3,1,0,0,9.9,9.3,37.7,1,3,1,0,0
8,5,6,0,0,9.7,26.4,12.4,2,2,1,0,4
2,6,11,0,0,10.1,10.9,13.3,2,4,1,0,1
16,5,5,0,44.1,1.7,22.4,77.5,7,2,1,0,6
21,1,9,0,0,10,25.9,6.5,2,4,1,0,0
7,6,5,0,0,9.5,17.6,35.5,2,4,1,0,4
19,6,9,0,0,10.3,19.3,53.9,6,2,1,0,0
2,4,2,0,0,10.3,6.3,25,2,4,1,0,2
9,6,8,0,0,10.4,27.5,62.6,8,3,1,0,5
19,5,2,0,13.9,7.3,10.1,28.2,7,2,1,0,5
13,5,11,0,0,10.3,15.4,61.9,6,4,1,0,4
23,5,5,0,0,10.3,21.6,16.5,3,3,1,0,4
2,2,2,0,0,10.5,6,17,3,3,1,0,2
6,2,1,0,0,10,5.9,39.3,3,2,1,0,0
1,0,2,0,0,9.8,12.3,83.3,2,2,1,0,0
3,2,10,0,0,9.7,15.8,54.3,3,3,1,0,0
18,2,4,0,0,9.9,15.3,1.6,8,3,1,0,3
13,1,4,0,9.1,8.1,11.9,21.5,6,3,1,0,2
2,3,12,0,44.5,2.3,12,2.1,3,2,0,0,7
22,0,10,0,0,9.7,17.2,19.6,2,3,1,0,1
15,0,11,0,35,3.7,15.4,35,6,3,1,1,5
8,3,3,0,0,10.1,12.8,72.9,9,3,1,0,3
22,4,1,0,0,9.8,6.2,12.7,2,2,1,0,1
2,4,1,0,0,10.4,11.9,66.7,2,3,0,0,4
3,2,3,0,0,10.1,11,16.1,2,2,1,1,3
16,0,7,0,8.2,8.2,28.9,75.1,6,3,1,0,3
19,6,1,1,0,9.5,8.7,71.9,4,3,1,0,9
13,1,9,0,2.3,9.2,26,75.8,5,3,1,0,1
15,1,1,0,0,10.3,8.6,53.1,7,2,1,0,1
0,1,8,0,0,10.2,25,18.4,1,2,1,0,1
11,0,6,0,0,10.2,22.5,53.8,6,3,1,0,0
15,0,6,0,0,10,19.1,9.1,6,3,1,0,0
6,5,9,0,0,9.8,22.9,31.2,3,3,1,1,2
15,3,9,1,0,10.2,22.5,6.1,5,3,1,0,3
6,0,10,0,0,9.5,16.4,85.8,2,3,1,0,3
6,0,2,0,36.5,3.7,7.8,82.4,2,4,1,0,3
11,6,8,0,0,10.1,29.1,73.3,7,4,1,0,3
8,6,10,0,40.8,2.6,16.2,84.6,3,4,1,0,5
7,1,8,0,0,10.2,26,37.1,8,3,1,0,1
15,5,2,0,0,9.6,9.2,38.9,6,2,1,0,2
15,3,10,0,0,9.7,15.9,72.4,6,3,1,0,1
2,0,12,1,0,10,6.7,87.3,3,4,1,1,2
11,5,11,0,0,10.2,9.7,14.9,7,2,1,1,5
12,6,8,0,0,10.1,26.2,74.9,7,2,1,0,3
15,4,4,0,42.7,2.5,16.6,72.9,6,3,1,0,9
1,0,1,0,5.8,8.9,6.2,6.6,3,4,1,0,5
9,5,4,0,0,9.9,14.1,31.1,6,3,1,0,11
22,1,1,0,12.9,7.3,12,30.1,1,2,1,0,5
22,2,10,0,24.4,5.9,18,19,2,4,0,0,5
23,6,1,0,0,10,9.3,68,2,3,1,0,1
13,3,10,0,0,10.3,15.8,23.8,7,2,1,0,2
0,4,4,1,0,9.9,14.2,38.7,3,3,1,0,1
23,6,11,0,0,10.2,13,52.2,3,3,1,0,3
17,5,4,1,0,9.8,13,43.2,3,4,1,0,2
5,3,4,0,0,10.3,13.3,89.8,2,4,1,0,2
7,0,5,0,22.8,5.5,21.1,70.2,8,2,1,0,4
6,4,5,0,0,10.1,22.8,69,4,2,1,0,2
15,6,11,0,0,9.9,15.1,9.3,6,3,1,0,1
18,5,12,1,0,9.7,11.3,82.2,4,3,1,0,2
14,1,1,0,33.4,3.9,7.7,67.5,5,3,1,0,4
4,3,8,0,0,10.3,23,73,3,4,1,0,3
9,5,3,0,0,10.5,10.2,76.5,8,3,1,0,3
9,2,3,0,0,10.4,12.8,76.6,8,2,1,0,3
18,6,2,0,42.2,2.5,10.3,77.3,7,3,1,0,9
10,2,12,1,47.5,1.5,6.9,42.9,4,3,1,0,4
10,1,3,0,0,10.4,13,1.5,5,4,1,0,3
13,0,11,0,39.8,3.1,10.5,49.3,5,2,1,0,3
18,3,10,0,42.9,1.9,17.4,58.4,9,2,1,0,4
3,5,4,0,49.9,1.3,16.9,61.6,2,2,1,0,1
3,6,12,1,10.7,7.7,11.8,70.7,3,3,0,0,5
6,6,11,0,0,10,16.6,39.4,3,3,1,0,0
1,5,8,0,0,9.6,24.3,25.5,2,2,1,0,0
14,2,5,0,0,10.2,17.2,42.9,6,2,1,0,1
7,5,8,0,0,10.1,27.1,13,3,3,1,0,5
18,0,4,0,0,9.7,18.7,83.8,10,3,1,0,4
0,2,12,0,0,9.8,9.8,16.9,2,4,1,0,5
11,0,7,0,0,9.7,22.4,30.3,6,2,1,0,1
17,0,12,1,0,9.6,9.3,3.9,7,3,1,0,4
23,1,4,0,1.1,9.9,12,25.2,2,3,0,0,2
8,6,10,0,0,10.3,14.4,62,3,4,1,0,6
16,4,4,0,0,9.9,13.8,32.1,6,4,1,0,4
5,1,12,1,41.5,2.2,8.4,5.5,2,3,1,0,5
4,5,2,0,19.2,6.2,6.3,15.8,4,3,1,0,2
7,5,3,0,0,10.1,13.4,85.5,4,3,1,0,6
19,6,8,0,0,9.7,27.9,69.5,5,3,1,0,4
4,0,4,0,0,10.4,15.5,35.5,2,4,1,0,2
4,1,1,0,0,10.4,6.9,49.7,2,3,1,0,2
15,6,4,0,0,10.2,11.7,13.3,6,3,1,0,2
5,5,5,0,0,9.5,15.1,2.5,3,2,0,0,1
23,6,11,0,9.9,8.7,9.8,70.5,3,3,1,0,1
4,2,6,0,45.8,1.9,25,23.5,1,2,1,0,4
9,4,10,0,0,10,18.1,42.1,7,2,1,1,3
11,5,9,0,19.2,6.2,21.3,71.8,7,3,1,0,1
5,6,10,0,35.9,3.7,14.4,18.7,3,3,1,0,1
19,6,11,0,0,10,10,5.5,7,2,1,0,5
23,2,11,0,0,10,16.4,46.4,2,2,1,1,1
2,1,12,0,0,10.2,10.2,58.1,2,3,1,0,1
22,1,6,0,0,9.9,19.8,86.5,2,3,0,0,3
11,6,5,0,20.5,6,20.4,30.6,7,3,1,0,9
0,6,4,0,0,10.1,15,16.1,4,3,1,0,4
20,0,5,0,0,9.7,21.1,32,4,3,1,0,1
23,1,3,0,35.7,3.5,11.7,79.1,1,2,1,0,3
12,5,6,0,20.6,5.8,19.6,7.5,8,3,1,0,8
5,1,1,0,5.8,9.2,5.9,11.5,2,2,1,0,2
9,6,10,0,0,9.9,14,55.9,6,3,1,0,2
19,0,2,0,0,10.1,6.9,26.3,8,3,1,0,4
23,1,4,0,0,9.6,14.6,30.2,2,2,1,1,2
17,3,12,1,1.6,10,7.9,84.2,7,4,1,1,4
1,1,1,0,19.8,6.8,5.7,78.4,1,2,1,1,5
1,6,7,0,0,10.1,25.9,76.3,3,3,1,0,2
23,0,2,0,0,9.5,10.2,40.3,1,3,1,0,3
6,1,11,0,0,9.6,14.3,40.6,3,3,1,0,2
2,6,5,0,0,9.5,23,89.3,3,2,1,0,7
20,4,10,0,0,10.3,20.8,8.1,3,2,1,0,1
18,1,3,0,1.6,9.7,10.5,55.7,10,2,1,0,4
4,6,7,0,0,10.4,25.3,63,4,3,1,0,4
6,2,9,0,0,10,19.8,60.3,3,3,1,0,4
9,6,1,0,0,10.4,5.9,12.8,7,3,1,0,0
4,3,10,0,0,9.6,19.3,8.4,2,3,1,0,0
6,0,9,0,0,10.2,23.5,13.1,2,3,1,0,0
3,2,4,0,0,9.6,15.7,69.6,3,3,1,1,2
7,0,1,0,0,10.1,12.3,35,9,2,1,0,2
21,1,10,0,0,10.4,14.4,6,3,3,1,1,1
23,2,1,0,0,10.4,9.2,78.5,3,4,1,0,2
0,3,8,0,0,9.7,27.7,40.4,1,3,1,0,0
4,2,1,0,43.7,2.4,11.6,83.1,3,2,1,0,2
16,5,9,0,0,9.7,21.6,8,5,3,1,0,3
14,4,2,0,49.8,1.4,11.4,7.1,5,3,1,0,5
18,2,7,0,0,9.6,27.3,26.7,9,2,1,0,2
12,2,9,1,0,9.9,20.3,4.8,4,4,1,0,0
15,4,2,0,0,10.2,10,46.2,7,2,1,1,1
15,6,10,0,31.6,4.1,21.4,37.8,6,3,1,0,5
17,1,2,0,34.2,3.7,6.2,20.6,10,4,1,1,11
4,6,1,0,27.3,4.7,11.7,16.2,3,3,1,1,6
8,3,10,0,32.7,4.6,14.6,51.4,8,3,1,0,11
1,6,6,0,0,10.2,20.8,75.8,3,4,1,0,2
19,2,12,0,0,9.6,6.7,31.2,9,3,1,0,5
17,3,8,0,0,10.3,27.3,2.4,9,3,1,0,3
14,3,10,0,0,9.6,19,82.4,6,4,1,0,2
6,3,12,1,0,9.8,10.2,35.9,1,4,1,0,2
21,6,6,0,0,10.2,21.7,41.1,2,4,1,0,2
11,2,5,0,0,10,18.2,12.6,7,3,1,0,2
17,5,10,0,0,10.3,15.8,84.7,6,3,1,0,2
21,2,3,0,0,10.5,11.9,82.3,3,2,0,0,3
19,6,11,0,49.6,1.1,13.5,35.2,6,4,1,0,8
0,1,5,0,33.9,3.9,19.6,83.4,1,3,1,0,4
2,6,6,0,0,9.8,22.6,29.4,3,2,1,0,2
23,6,9,0,0,9.9,20.5,1.4,3,2,1,0,0
2,0,6,0,0,10,27,62.6,2,3,1,0,1
8,2,3,0,0,10.1,14.1,36.2,9,3,1,0,8
8,2,3,0,0,10,15.9,80.4,8,4,1,0,6
4,2,10,0,0,10.3,17.4,29.9,1,2,0,1,4
7,1,11,0,0,10.3,15.4,78.2,7,2,1,0,6
9,6,9,0,0,10.1,26,44.2,7,4,1,0,3
9,5,7,0,18.6,6.7,27.9,15.1,7,2,1,0,2
22,4,2,0,3.6,9.1,7.1,75.7,1,3,1,1,5
17,3,6,1,0,10,23.1,7.8,7,2,1,0,5
12,1,10,0,0,10.1,18.1,69.8,6,3,1,0,2
1,4,3,0,0,10.1,9.4,41.1,1,3,1,0,6
18,4,10,0,0,9.7,14.8,38.4,9,3,1,1,5
7,6,10,0,0,9.8,21.5,24,2,4,1,0,4
0,4,6,0,0,10.3,25.2,55,2,2,0,0,2
18,1,8,1,12.7,8.1,25.7,47.4,7,2,1,0,6
0,6,11,0,39.8,2.7,15.3,77.7,3,2,1,1,13
7,5,9,0,42,2.7,26,69.2,2,3,1,0,5
14,0,6,0,0,9.7,24.8,80.9,7,2,1,0,2
18,5,6,0,10.3,7.9,25.9,46,5,2,1,0,5
3,1,7,1,0,9.7,23.7,10.6,2,4,0,0,2
23,5,2,0,0,9.6,13.3,3.8,3,2,1,0,4
19,5,12,0,10,8.1,7.7,1.2,5,4,1,0,5
9,0,9,0,0,9.6,20.7,0.8,8,2,1,0,1
18,1,12,0,0,9.8,9,71.2,10,4,1,0,4
22,4,8,0,0,9.7,25.6,12.8,1,3,1,0,2
0,2,2,0,0,9.5,13.9,83.7,2,3,1,0,2
19,0,8,0,0,9.9,28.9,2,8,2,1,0,3
5,6,11,0,35.2,4,9.3,5.3,2,3,0,0,6
14,4,11,0,0,9.8,15.7,85.1,6,2,1,0,2
1,4,1,0,0,10,5.3,2.4,3,3,1,0,2
5,3,9,1,5.3,9.3,20.9,9.7,2,4,1,0,0
2,1,9,1,0,9.7,21.7,20.6,1,2,1,0,3
12,1,2,0,28.5,4.6,10.3,47.5,6,3,1,0,4
21,6,4,0,40.6,3.1,18.4,75.4,4,3,1,1,5
8,3,7,0,0,9.8,26.7,68,9,2,1,0,3
23,5,5,0,0,10.4,15.5,64.3,4,4,1,0,0
7,5,12,1,0,9.5,10.9,45.2,3,3,1,0,6
2,1,8,0,0,10.3,25.1,50.1,2,3,0,0,3
18,2,4,0,16.5,6.7,16.9,87,9,3,1,0,4
8,1,7,0,0,9.6,23.7,4.6,8,3,1,0,1
5,5,11,0,0,10.2,11.1,76.5,4,3,0,0,7
4,0,2,0,0,10.2,10.3,56.3,3,4,1,0,5
3,3,6,0,0,9.7,26.9,87.5,2,2,1,1,0
17,0,7,0,0,9.6,28.7,75.8,9,2,1,0,7
5,4,11,0,0,9.7,14.8,35.3,3,4,0,0,3
3,2,2,0,0,9.9,6.4,81,2,2,1,0,2
23,3,6,0,0,10.1,25.9,59.3,2,2,1,1,4
17,1,12,0,0,9.5,9.6,28.1,8,2,1,0,2
11,4,4,0,0,10,12,45.2,6,2,1,0,2
1,3,3,0,0,9.7,15.9,47.4,2,2,1,0,0
9,0,4,0,44.9,2.4,13,59.5,9,4,1,0,7
7,0,5,0,0,9.9,21.2,63,9,3,1,0,2
3,4,2,0,0,10.4,11.6,24.6,3,3,1,1,5
8,4,9,0,0,9.5,22.3,81.7,7,3,1,0,2
8,3,9,0,11.7,7.7,19.5,35.5,8,3,1,0,6
14,2,9,0,0,10.4,18.7,30.6,6,3,1,0,0
3,4,3,0,0,9.6,13.5,43,2,4,0,0,1
15,0,7,0,41.7,2.5,28.2,72.7,5,3,1,0,4
19,0,7,0,29.9,4.8,24.4,12.2,9,3,1,0,7
13,3,7,1,0,9.8,22.1,71.1,4,3,1,0,3
14,6,5,0,0,9.7,19.1,54.8,7,2,1,0,5
13,2,12,0,31.8,4.4,8.8,83.3,5,4,1,0,2
5,6,8,0,0,10.2,25.8,36.1,4,3,1,1,1
3,0,6,0,0,10.3,21,71.7,2,2,1,0,1
18,4,7,0,0,10.1,23.6,7.1,9,3,1,0,1
8,3,3,0,0,9.8,9.3,73.1,7,4,1,0,2
23,6,8,0,0,10.2,27.8,78,3,3,1,0,3
9,1,2,0,0,9.7,8.6,22.8,9,3,1,1,5
4,6,4,0,7.4,8.4,18.5,88.6,3,3,1,0,5
12,6,4,0,0,10.1,16.9,44,6,3,1,0,4
17,0,2,0,0,9.7,6.3,29.6,9,2,1,0,6
10,6,4,0,43,2.6,17.3,66.6,7,4,1,0,3
13,2,3,0,33.7,3.8,10.1,4.8,6,3,1,0,5
20,5,11,0,0,10.2,10.9,53.6,2,3,1,0,1
17,5,7,0,0,9.9,26.7,46.3,5,4,1,0,5
14,5,3,0,40.6,3.1,15.9,48.6,8,4,1,0,6
18,6,2,0,32.5,4.2,6.2,82.8,5,3,1,0,6
1,6,2,1,44.5,1.5,11.5,34.7,2,2,1,1,11
1,5,4,0,0,9.8,13,84.9,3,2,1,0,4
13,6,10,0,0,9.6,14,66,8,3,1,0,2
8,2,12,0,0,9.6,6.2,62,8,4,1,0,1
20,3,6,0,5,9.4,26.9,20.2,3,3,1,0,0
19,6,10,0,0,9.5,18.9,33.1,6,2,1,0,2
17,5,10,0,0,9.9,17.7,1.4,5,3,1,0,3
21,5,11,0,0,9.9,12,53.2,2,3,1,0,1
19,1,3,1,21.9,6.3,15.9,40.9,8,3,1,0,2
2,4,1,0,0,10.1,12.5,84.7,3,3,1,0,5
9,3,10,0,27.3,5.4,19.2,13,7,4,1,0,5
18,0,8,1,0,10.5,29.1,64.9,7,2,1,0,4
13,6,9,0,0,9.6,24.8,33,8,4,1,0,1
20,3,4,0,0,9.9,18.6,41.3,2,2,1,0,2
17,4,6,0,0,9.8,19.5,43.7,9,3,1,0,3
13,0,7,0,0,10.4,28.2,0.6,5,3,1,0,2
3,4,6,0,0,10.3,26.1,9.8,3,2,1,0,1
11,1,8,1,0,9.7,22.3,6.4,4,3,1,0,0
15,2,12,0,0,10.4,10.6,28.1,6,4,1,0,1
18,4,8,0,0,9.7,28.9,31,9,3,1,0,6
15,1,5,0,45.1,2.1,15.6,23.2,5,3,1,0,3
9,1,12,0,38.3,3.4,8.7,82.7,8,2,1,0,3
6,4,9,0,0,9.8,20.4,48.8,2,3,1,0,1
20,6,5,0,2.8,9.3,18.6,40,3,2,1,0,1
2,2,7,0,0,10.2,22.1,3.1,3,3,1,0,5
2,0,8,0,0,9.6,29.9,1.7,2,3,1,0,2
20,0,7,0,0,9.7,28.5,83.9,3,2,1,0,3
10,6,10,0,0,9.5,20.9,68.4,7,2,1,1,2
5,2,11,0,0,9.9,16.1,30.6,2,2,0,0,4
11,5,12,0,1.9,9.4,12,5.9,6,3,1,0,2
23,0,4,0,0,9.5,13.8,84.4,3,3,1,0,2
9,5,10,0,0,10.5,16.7,55.4,8,3,1,0,4
11,3,2,1,0,10,13.5,1.2,3,3,1,0,2
17,3,12,0,39,3.4,14,45.1,9,2,1,0,8
15,3,7,0,0,9.8,22.1,14.5,6,2,1,1,1
8,1,7,0,0,10,23.5,5.5,7,3,1,0,2
3,0,1,0,2.5,9.9,8.4,60.9,2,2,1,0,2
0,1,2,0,0,9.7,7.1,83.5,2,4,1,0,5
10,6,10,0,29.9,4.7,17.4,15.1,6,2,1,0,2
22,1,8,0,0,9.6,25.7,41.7,1,3,1,0,0
11,6,3,0,0,9.5,9.5,63,6,4,1,0,2
16,6,2,0,0,10.2,11.5,50.9,6,2,1,0,1
17,4,2,0,0,10.1,9.7,87.6,8,4,1,0,2
10,1,8,0,0,10.1,23.7,49.3,6,2,1,0,3
9,6,1,0,0,9.6,10.8,42.9,6,2,1,0,4
21,1,1,0,24.6,5.4,6.7,11.9,3,3,1,1,8
20,1,1,0,0,9.6,11.8,11.8,3,3,1,0,0
3,1,6,0,39,2.6,19.7,30.2,1,3,1,1,6
12,4,2,0,38.5,3.3,11.2,89.2,5,4,1,0,6
23,4,4,0,0,9.8,17.7,66.8,3,2,1,0,1
6,0,7,0,0,9.9,26.5,33.2,4,3,1,0,2
22,3,3,0,0,9.9,10.9,27.3,2,3,1,1,3
6,5,4,0,0,9.8,15.8,15.1,2,2,1,0,2
4,2,4,0,0,10.4,16.9,84.7,2,3,1,0,8
23,4,7,0,0,9.8,28.6,7.6,2,4,1,0,5
14,1,6,0,0,9.7,21,85.4,7,2,1,0,1
11,6,11,0,0,9.9,14.8,33.3,7,4,1,0,4
22,5,5,0,0,10.4,17.7,17.9,4,3,1,0,6
6,2,3,1,0,9.9,12.3,81.7,2,3,1,0,1
10,1,7,0,0,10.4,26.6,35.7,7,2,1,0,1
8,1,4,0,0,10.5,13.1,34.6,9,3,1,1,5
13,6,2,0,15.8,7.4,6.4,51,6,3,1,0,2
17,5,11,0,0,10,11.9,15,7,2,1,0,3
5,1,6,0,0,10.2,20.4,80,2,3,1,0,2
15,1,11,0,0,10.4,14.4,62.2,6,3,1,0,2
14,1,10,0,0,9.9,15.6,0.3,6,2,1,0,0
20,5,6,0,0,10.4,19.5,83.5,3,4,1,0,1
4,3,11,0,15.8,7,14.3,85.1,1,2,1,0,4
20,5,2,0,2.2,9.2,9,31.1,3,3,1,0,1
19,5,3,0,0,10,10,11.5,6,3,1,0,4
20,5,8,0,0,10.4,26.8,15.7,3,3,1,0,3
4,1,7,0,0,10.5,25.8,8.2,1,3,1,0,2
16,6,3,0,2.4,9.1,9,35.7,6,3,1,0,3
2,6,8,0,0,9.9,27.7,23.6,4,3,1,0,2
6,5,3,0,35.7,3.1,8.8,54.7,3,2,1,0,8
12,0,7,0,0,10.5,24.7,33.4,5,3,1,0,4
20,0,9,1,0,10.3,20.2,74.5,1,4,1,0,5
21,0,4,0,33.2,4,13.3,35.9,3,4,1,0,2
1,2,6,0,9.1,8.5,19.5,7.8,3,3,1,0,3
21,0,10,0,0,9.7,16.6,49.2,3,2,1,0,1
5,3,3,0,43.4,2.2,9.1,59.5,1,2,0,0,6
18,4,8,0,0,10,25.9,7.2,9,2,1,0,2
10,5,10,0,0,10,18.4,31.7,8,2,1,0,4
2,5,7,0,0,10.5,27.4,70.7,3,2,1,0,2
0,6,6,0,0,10.5,23.5,41,4,3,1,1,3
17,5,7,0,0,9.9,25.6,27.9,7,3,1,0,3
10,0,1,0,0,10.2,8.8,3.4,6,3,1,0,3
20,4,11,0,0,9.9,11.6,4.5,3,3,1,0,0
11,0,3,0,0,10.2,11.4,21.1,5,3,1,0,3
10,4,7,0,0,10.2,24,87.5,7,3,1,0,2
9,4,2,0,0,10.1,12,21.8,8,3,1,0,4
16,6,11,0,0,9.7,10.8,53.4,6,2,1,0,4
16,4,5,0,48.4,1.8,21.1,40.1,5,2,1,0,4
6,2,11,0,0,9.8,15.4,11.9,4,2,1,0,0
8,4,7,0,0,9.6,27.8,20.1,7,2,1,0,2
3,1,12,0,20,6.3,11.7,35.2,2,3,1,0,7
11,4,5,0,0,9.9,16.8,6.5,7,3,1,0,2
13,1,11,0,12.8,7.5,11.3,23.9,5,2,1,1,3
22,5,11,0,0,10.3,9.3,71.2,4,4,1,0,3
1,1,11,0,0,10,16.1,5.8,2,2,1,0,0
7,4,6,0,0,10.3,23.9,25.2,8,2,1,0,4
16,1,10,0,1.3,9.6,18.6,9.7,5,2,1,0,0
8,3,8,0,0,9.6,29.2,70.5,8,2,1,0,5
23,0,3,0,0,9.6,15.5,15.6,1,3,1,0,1
6,2,12,0,0,9.5,10.3,41.3,4,3,1,0,2
14,5,3,0,0,9.6,8.4,33.6,7,4,1,0,7
15,2,5,0,0,10.3,22.5,16.5,6,3,1,0,3
21,3,11,0,0,10.4,10.4,28.5,2,3,1,0,1
22,2,9,0,12.7,7.5,19.5,51.6,3,2,1,1,3
7,5,6,0,0,10.3,24.9,4.5,4,2,1,0,1
9,5,1,0,0,10.1,7.8,52.9,7,3,1,0,4
5,1,3,0,0,10.2,10,50.2,1,2,1,0,0
12,1,7,0,0,9.8,29,34.4,7,2,1,0,0
17,6,4,0,0,9.8,18,75,6,3,1,0,2
14,0,3,1,0,10.2,14.1,61.6,3,3,1,0,4
20,5,4,0,0,10.2,14.3,24.1,3,3,1,0,1
11,4,3,1,20.3,6.4,9.1,54.4,3,3,1,0,3
13,1,1,0,38,3.4,8.2,39.2,6,4,1,0,3
5,0,7,0,0,9.8,26.1,58.2,2,2,1,0,0
17,6,1,1,0,10.4,6.8,77,3,4,1,1,6
3,5,6,0,0,10,23.3,89.2,3,2,1,0,3
9,6,3,0,0,9.5,11.1,51.3,7,3,1,0,3
23,3,11,0,0,9.9,11.5,67.1,2,4,1,0,2
13,6,3,0,1.3,10,8.4,14.7,7,2,1,0,0
23,3,9,0,0,10.4,24.9,8.1,3,3,1,0,3
16,0,11,0,0,9.6,13.4,5.1,7,3,1,0,3
11,1,12,0,27.4,4.8,6.8,29,5,2,1,0,3
11,4,12,0,0,10.3,7.4,70.1,7,2,1,1,3
13,1,4,0,0,10.4,18.1,45.1,7,4,1,0,2
23,0,9,0,31.7,4.3,24.5,74.4,2,3,1,0,4
21,4,3,0,30.6,4.1,12.3,45.7,4,3,0,0,9
3,5,1,0,0,9.9,9.7,0.6,4,3,1,0,2
4,3,10,0,0,10,18,10,3,3,1,0,2
15,1,12,0,0,10.3,7.2,35.2,6,3,1,0,2
3,1,6,0,0,10,23.5,85.7,2,2,1,0,1
14,5,5,0,0,10.1,18.6,56.5,6,3,1,0,2
14,4,10,0,0.7,10.2,17.7,61.7,6,3,1,0,3
16,1,10,0,0,9.6,17.7,26,6,4,1,0,2
3,3,5,0,0,9.8,17.5,71.3,1,4,1,0,0
5,0,1,0,23.2,5.7,7.3,54.2,1,3,1,0,3
17,4,9,0,0,9.5,21.9,60,9,2,1,0,7
14,6,6,0,11,8.2,24.8,68.4,7,3,1,0,5
3,4,5,0,0,9.9,19.3,76,3,3,1,1,8
20,6,4,0,0,9.6,12.8,82.7,3,3,1,0,1
15,2,11,0,0,10.4,12.2,82.5,5,2,1,0,1
10,2,10,0,0,9.6,21.5,69.1,5,2,1,0,0
7,1,11,0,39.8,2.6,11.5,81.1,8,3,1,0,6
7,2,1,0,7.3,8.5,7.8,9.1,8,3,1,1,7
20,1,11,0,0,9.9,11.2,57.8,3,3,1,0,1
17,2,3,0,0,9.7,14.7,12.6,10,2,1,0,3
2,0,6,0,0,10.1,21.9,53.9,2,3,1,0,3
14,6,9,0,0,9.8,24.7,76,6,3,1,0,3
19,1,1,0,0,10,6.8,11.2,8,2,1,0,1
20,4,10,0,0,9.5,17.8,48.1,2,3,1,1,3
17,3,3,0,9.5,8.2,10.4,29.4,9,3,1,0,4
3,2,7,0,0,9.8,25.1,7.9,2,4,1,0,2
9,1,4,0,30.4,4.3,14,71.4,8,3,1,1,3
1,4,10,0,0,10.1,18.3,21.1,3,4,1,0,0
19,3,11,0,0,9.7,11.4,24.9,10,3,1,0,10
22,4,6,0,0,10,19.9,53.3,1,2,1,0,6
17,1,11,0,0,10.4,12.7,83.4,10,3,1,0,9
16,0,2,0,2,9.7,8.7,39.1,6,2,1,0,3
10,4,1,0,39.8,3,11.9,75.9,6,2,1,0,6
7,6,6,0,0,9.8,23,67.6,4,3,1,0,0
21,2,4,0,0,10.2,12,51.8,4,2,1,0,3
20,6,6,0,0,9.9,23.6,62.1,3,3,1,0,2
10,0,3,0,0,9.7,8.6,30.9,6,3,1,0,1
14,0,4,0,0,10.1,15.5,18.8,5,3,1,1,0
10,4,6,0,0,10.3,22.4,33,7,3,1,0,0
10,6,7,0,0,10,23.5,31.2,8,2,1,0,3
16,1,8,0,0,10.4,26.4,38,7,3,1,0,1
5,4,2,0,3.9,9.5,9.3,3.1,1,4,1,0,1
17,6,11,0,0,9.8,16.8,86.7,5,4,1,0,0
15,1,1,0,0,9.7,6.1,77.1,7,3,1,0,4
6,0,10,0,0,9.9,17.2,62.6,4,4,1,0,2
5,1,9,0,0,10.4,22.1,68.9,3,3,1,0,4
15,0,8,0,0,10.1,25.4,49.8,6,2,1,0,5
9,1,10,0,0,9.6,17.9,49.4,8,4,1,0,3
15,3,1,0,36,3.6,10,10.1,7,2,1,0,2
17,1,7,0,0,9.7,22.3,23.6,9,2,1,0,1
1,5,11,0,0,9.5,15.1,6,2,4,1,0,1
6,1,5,0,0,10.3,20.1,5.4,3,3,1,0,2
8,4,8,1,0,10.1,23.2,35.1,6,3,1,0,5
0,2,12,0,21.3,5.8,12.6,4.6,1,3,1,0,1
0,1,9,0,0,9.7,25.5,13.6,1,3,1,0,3
11,1,7,0,0,9.5,25.7,54.4,5,2,1,0,0
18,0,1,0,23.3,5.5,11.2,58.9,8,2,1,0,3
2,5,7,0,0,9.5,28.6,28.5,4,3,1,0,2
2,3,1,0,20.6,6.8,6.2,20.3,2,2,1,0,1
10,1,4,0,0,9.6,18.6,82.2,6,2,1,0,3
5,3,10,1,0,9.9,19,28.4,1,2,1,1,3
21,1,5,0,0,9.9,19.3,10.1,2,2,1,0,0
17,4,2,0,0,10.4,13.9,63.3,9,3,1,0,6
12,0,1,0,23.1,5.4,11,39.4,6,2,1,0,1
9,4,10,0,0,9.5,17.2,66.3,9,2,1,0,7
14,0,9,0,0,10.5,21.3,24.7,5,4,1,0,0
5,1,12,0,0,10.2,12.9,32.3,2,2,1,1,0
17,4,7,0,0,10.2,25.2,21.5,8,2,1,1,4
12,6,1,1,0,10.4,8.1,67.8,5,2,1,0,7
19,0,7,1,0,9.8,26.3,75.8,6,3,1,0,3
19,6,10,0,0,9.7,14.9,8.7,7,3,1,1,5
8,2,9,0,0,10.3,19.2,1.6,8,4,1,1,3
0,3,6,0,0,10.1,21.3,80.2,2,3,1,0,0
1,4,3,0,0,9.5,9.1,69.3,3,4,1,0,5
12,1,1,0,0,9.6,7.1,29.2,5,2,1,0,2
5,1,6,0,15.1,6.9,19.8,69.4,3,3,1,0,1
2,5,3,0,0,9.8,8.1,59.9,4,2,0,1,4
4,4,4,0,0,9.5,16.8,67.1,1,2,1,0,1
2,1,1,0,26.9,5,9,38.6,3,2,0,0,4
9,5,3,0,0,9.9,9.8,57.1,7,2,1,0,1
11,3,12,0,0,9.7,11.9,44.3,5,2,1,0,1
13,4,3,0,0,9.6,13.4,74.3,6,2,1,0,5
22,6,7,0,0,9.8,22.6,83.4,4,3,0,0,7
11,0,1,0,0,10.3,7.4,50.9,7,2,1,0,1
6,2,1,0,0,10.2,8,13.7,2,2,1,0,2
11,1,6,0,0,9.5,22.2,62.2,7,4,1,0,1
22,4,8,0,0,9.6,23.2,22.4,3,3,1,0,6
8,4,7,0,0,9.9,28.9,1.6,9,2,1,0,2
9,1,11,0,36.4,3.2,9.2,63.7,7,3,1,0,1
7,3,3,0,0,10.4,11.1,88.9,7,2,1,0,4
1,0,2,0,1.2,9.6,13.5,73.2,1,4,1,0,3
23,0,11,0,0,9.7,16.9,31.9,2,2,1,0,1
20,3,9,0,0,9.5,19,18.5,3,2,1,0,0
3,0,8,0,0,10.2,28.7,47,1,2,1,0,0
7,3,2,0,1.9,9.8,6.9,55.4,9,2,1,0,4
15,3,2,0,0,10.3,6.3,79,6,2,1,0,0
9,4,1,0,0,9.9,7.8,78,8,2,1,0,4
12,1,3,0,29.5,5,11.1,60.2,6,3,1,0,2
14,5,11,0,0,10.2,11,76.5,8,3,1,0,3
3,6,7,0,0,9.9,22,83.5,2,3,1,0,4
6,5,12,0,0,10.4,10.6,26,4,3,1,1,0
9,0,12,0,0,9.6,6.1,77.2,7,2,1,0,2
22,4,7,0,0,10.3,23.8,78.1,2,3,1,0,1
3,6,5,0,0,10.3,16.2,45.5,4,3,0,0,5
2,3,8,0,12.1,7.7,26.5,45.6,2,3,1,0,4
12,0,3,0,0,10.3,14.7,33.3,6,3,1,0,0
2,3,2,1,41.4,2.5,8.9,72.5,3,3,1,0,3
10,2,4,0,0,10.4,13.4,6.6,6,3,1,0,2
5,2,5,0,0,10,22.9,80.4,1,3,1,0,1
4,0,8,0,0,9.7,25.8,6.1,3,2,0,0,4
4,1,9,0,0,10,18.4,80.6,2,3,1,0,3
10,6,6,0,0,9.8,19.2,47.2,8,2,1,0,4
13,2,1,0,0,10.2,8.3,5.2,6,3,1,0,1
8,1,7,0,0,10.4,23.9,70.3,8,2,1,0,4
22,1,3,0,5.6,9.3,14.7,74.7,2,3,1,0,2
9,1,10,0,0,9.8,20.7,36.4,8,2,1,0,3
18,6,3,0,0,10.2,16,88.6,7,2,1,0,5
17,0,2,0,0,10.3,13.4,72.6,8,2,1,0,6
14,1,5,0,0,9.7,15.9,72.8,5,3,1,0,1
17,0,9,0,0,10.2,24,29.3,8,3,1,0,4
19,1,3,0,38,2.8,14.9,14.4,9,3,1,0,7
20,2,3,0,32.4,4,9.6,44,3,4,1,0,0
23,0,9,0,0,10.3,21.3,44.6,2,3,1,1,0
0,5,12,0,0,10.3,7.4,4.2,2,2,0,0,3
8,4,10,0,0,9.7,15.3,86.1,7,2,1,1,2
11,5,6,0,0,9.6,26.1,20.4,7,3,1,0,1
12,4,9,0,0,9.8,24.3,56.1,7,2,1,0,2
5,4,7,0,0,9.5,26.5,66.6,3,2,1,0,2
18,0,8,0,0,9.9,29.3,55.1,9,2,1,0,2
15,3,5,0,0,9.6,15.1,16.4,7,3,1,0,3
3,4,3,0,0,10.2,8.8,33.5,2,2,0,0,3
12,2,7,0,0,10.2,29.1,38.3,6,2,1,1,2
17,2,6,0,0,9.7,24.6,5.7,9,3,1,0,3
18,5,2,0,0,9.5,12.8,43.7,6,4,1,0,5
2,4,9,0,0,10.1,23.4,63,2,2,1,0,4
20,3,10,0,12.1,7.5,18.7,50.2,3,3,1,0,2
17,5,5,0,0,10.4,17.7,45.3,7,4,1,0,4
22,6,8,0,0,9.5,26.1,35.8,2,3,1,0,4
18,3,3,0,43.5,1.7,8.9,16.5,9,4,1,0,9
5,6,3,0,14.7,7.4,12.8,70.9,3,4,1,0,1
13,3,1,0,0,9.8,11.7,86.7,6,2,1,0,2
22,1,10,1,0,9.6,15.8,33.4,1,3,1,0,1
18,1,7,0,0,9.9,22.2,47.6,9,4,1,1,5
13,6,3,0,26.5,5.7,8.1,51.5,6,2,1,0,3
7,5,2,0,0,9.7,9.3,1.1,4,3,1,0,6
9,0,12,0,23.8,6.1,10.2,42.9,8,2,1,0,10
17,3,1,0,0,10,9.9,17,9,2,1,1,3
8,0,8,0,0,9.9,24.7,17.7,9,3,1,0,5
7,3,3,0,0,9.8,11.7,17.8,8,4,1,0,2
10,1,9,0,0,9.8,23.9,24.1,5,4,1,0,1
0,6,1,0,26.9,4.9,8.4,27.4,4,4,1,0,4
1,3,12,0,0,10,11.2,77.1,3,3,0,0,6
11,5,5,0,19,6.6,19.9,3,6,3,1,0,3
9,2,1,0,0,10.3,8.1,26.1,7,3,1,0,2
22,1,8,0,0,10,23.7,35.7,2,4,1,0,3
4,1,12,0,0,10.4,13.3,57.8,3,3,1,0,2
16,6,6,0,0,9.5,22.8,18.5,6,3,1,0,1
19,6,9,0,0,9.5,24.8,71.9,6,2,1,0,3
14,0,5,0,0,10.3,21.1,49.1,6,4,1,0,1
1,6,2,0,46.6,1.8,13,42.7,4,3,1,0,6
4,3,12,0,0,9.7,12.4,41.7,2,2,1,0,1
12,4,5,0,0,10.2,19.3,85.8,5,2,1,0,1
21,5,10,0,18.3,6.8,21.8,40.5,4,3,1,0,2
8,4,9,0,0,9.7,25.3,66.8,8,2,1,0,6
15,4,1,0,0,10.1,10.3,61,6,4,1,0,4
8,6,10,0,0,10.4,19.2,8.4,2,3,1,0,1
19,1,7,0,44.1,1.8,26.1,48.5,9,2,1,0,7
16,2,1,0,7.8,8.6,9.6,30.5,6,4,1,0,1
13,4,1,0,0,9.6,9.8,80.5,7,2,1,0,1
17,0,9,0,31.4,4.3,23.1,72.4,10,3,1,0,6
8,2,9,0,0,10.4,18.6,1,8,4,1,0,1
11,1,7,0,0,10.4,23.2,20.1,6,2,1,0,2
22,0,4,0,0,9.9,12.1,67.9,1,3,1,0,1
11,1,12,0,37.8,3.4,12.5,71.1,7,3,1,0,7
22,4,8,0,0,9.9,29.5,36,1,2,0,0,0
12,6,8,0,0,10,24.3,6.6,7,3,1,0,4
1,2,3,0,0,9.7,11.3,55.8,1,3,1,0,3
11,3,10,0,0,10.4,19.3,13.9,7,3,1,0,2
17,5,8,0,0,10,27.7,40.6,5,3,1,1,2
16,6,5,0,0,9.6,16.6,47.5,5,3,1,1,2
2,2,5,1,0,10.2,22.4,13.2,2,4,0,0,3
9,5,10,1,0,9.5,18.1,51.7,5,4,1,0,1
19,4,7,0,0,9.9,23.3,70.7,10,2,1,0,1
22,5,3,1,17.2,6.6,12.6,43.6,2,3,0,0,10
11,3,9,0,24,5.5,23,0.3,6,3,1,0,6
9,6,1,0,0,9.8,7.1,64,7,2,1,0,4
15,3,4,0,49.5,0.9,12.8,7.8,6,4,1,0,6
16,3,4,0,15.3,6.9,13.4,89.7,6,3,1,0,3
23,4,7,0,0,9.8,22.5,87.2,1,3,1,1,3
22,4,6,0,0,10.5,20.3,48.4,2,3,1,0,2
11,4,1,0,0,9.6,10.9,8.6,7,3,1,0,3
21,0,7,1,0,10,22.4,1,1,2,1,0,1
0,6,4,0,0,10,12.4,72.4,2,2,1,0,3
11,6,9,0,0,9.8,25.8,66.9,7,3,1,0,1
19,5,6,0,0,9.8,22.5,54,7,4,1,0,2
6,4,8,0,0,10,26.1,4.8,4,3,1,0,4
5,0,11,0,0,10.1,13.3,65.1,2,3,0,1,3
3,0,6,0,0,10.1,21.7,72,1,4,1,0,2
21,5,3,0,0,10.1,11.8,0.6,3,3,1,0,5
4,5,4,1,0,9.8,17,74.1,2,4,1,0,5
10,5,10,0,12,7.4,20,6.6,7,2,1,0,3
12,4,7,1,0,9.6,23.9,35.7,3,2,1,0,1
20,0,11,0,0.9,9.9,10,77.4,3,3,1,0,1
7,5,1,0,30.6,4.3,10.5,69.1,3,3,1,0,7
17,3,1,0,0,9.8,11.5,44.4,9,3,1,0,3
9,5,9,0,0,9.8,20.6,46.2,6,2,1,0,2
20,2,9,0,0,10.3,24.1,35.8,3,2,1,0,1
15,4,8,1,0,9.9,23.9,73,3,3,1,0,3
20,1,7,0,0,9.6,24.8,89.5,3,3,1,1,2
14,1,11,0,0,9.9,15.5,28.4,5,3,1,0,0
4,1,5,0,0,10.1,17.5,51,1,3,0,0,1
10,5,8,0,0,10,26.6,66.2,8,3,1,0,5
13,2,7,0,0,9.7,24.6,54.7,6,4,1,0,2
14,0,3,0,0,10.2,14.8,72.1,5,3,1,0,0
20,0,10,0,18.3,6.7,15.7,76.5,2,4,1,0,2
18,6,7,0,43.5,2.6,24.6,68.7,7,3,1,0,9
4,0,3,0,29,4.5,15.9,5.9,2,2,1,0,3
2,4,10,0,0,9.5,19.4,29.8,2,2,1,0,2
14,2,7,0,0,9.6,26.4,19.9,5,4,1,0,2
4,1,7,0,0,9.7,23,40.4,2,2,0,0,2
12,3,5,0,40.2,2.3,19.5,4.7,6,2,1,0,3
9,0,12,0,0,10.3,8.4,4.8,9,3,1,1,5
4,2,10,0,0,9.9,15.3,75.8,1,3,1,0,8
14,2,6,0,0,9.7,23.2,19.6,6,3,1,0,5
19,5,9,0,0,10.1,20.5,28.2,7,3,1,0,4
4,1,12,0,0,10.4,6.8,9.1,2,3,1,0,1
3,2,10,0,0,9.7,14.1,63,1,3,1,0,5
9,3,5,0,0,10.1,17.7,64.4,8,4,1,0,5
20,4,11,0,0,10,15.8,6.1,3,3,1,0,2
18,5,6,0,0,10.5,23.8,87.5,7,3,1,1,8
0,6,10,0,0,9.7,20.4,4.6,3,3,0,0,2
10,2,6,0,0,9.9,21.2,44.9,7,3,1,0,2
3,1,5,0,0,9.5,18.1,40.2,2,3,1,0,1
2,3,7,0,0,9.7,29.1,77.5,2,3,1,0,1
6,1,9,0,0,9.9,22.1,21,3,3,1,0,3
1,4,5,0,0,10.4,19.1,37,1,4,1,1,2
19,6,5,0,0,10.2,15.1,69.3,6,3,1,0,7
8,0,4,0,0,10,13.4,82.3,8,3,1,0,6
20,1,10,0,17.2,7.2,20.1,4.1,3,3,1,1,2
1,6,4,0,0,10,18.8,12.6,3,3,1,1,2
3,4,12,0,0,9.8,9.5,32.6,2,2,1,1,6
23,1,10,0,0,10.4,19.6,72.5,2,3,1,0,3
20,2,12,0,0,10.3,7.3,37.8,3,3,1,0,2
12,3,3,0,48.3,1.7,8.7,8.3,7,2,1,0,4
10,4,5,0,0,10.3,22.5,83.5,5,3,1,0,2
16,4,1,0,0,9.7,10.4,51.6,5,3,1,0,2
20,3,1,0,0,10.3,12.9,52.3,3,2,1,0,1
10,1,10,0,0,10.4,18.4,56.2,5,3,1,0,1
18,0,6,0,29.3,4.6,26.9,68.6,9,2,1,0,5
4,0,11,0,12.3,7.7,9.9,10.3,2,4,1,0,1
17,0,3,0,0,10,13.1,76.3,10,2,1,0,5
19,0,2,1,0,9.7,12.2,53.1,6,3,1,0,5
19,3,1,0,21.3,6,9.1,37.2,9,4,1,0,9
6,0,6,0,0,10.2,25.1,39.6,4,3,1,0,0
15,4,10,0,0,10,19.7,25.2,5,3,1,0,1
2,2,2,0,0,9.6,13.4,9.2,1,2,0,0,2
14,0,6,0,0,10.4,23.3,6.7,5,4,1,0,4
20,2,11,0,0,9.8,12.3,42.6,4,2,1,0,3
9,6,1,1,7.2,8.5,6.7,44.9,5,2,1,0,7
16,3,9,0,0,9.5,22.5,8,6,4,1,0,2
5,2,2,0,0,9.9,10.4,56.4,2,2,1,0,0
14,1,5,0,0,10,17,15.9,5,4,1,0,1
2,5,8,0,0,10.4,22.9,5.7,2,2,0,0,2
17,0,11,0,49.9,0.7,15.1,75.4,9,3,1,0,6
4,4,12,0,0,9.8,11.1,21.7,1,2,1,0,3
23,5,10,0,0,9.6,21.1,37.4,3,2,1,0,2
4,2,12,0,9.1,8.8,6.3,71.4,3,2,1,0,2
6,5,8,0,0,10.4,25.9,55.5,2,3,1,0,2
8,6,7,0,0,10.1,23.7,69.9,3,3,1,0,3
12,6,1,0,0,10,6,19.6,7,3,1,0,4
20,1,8,0,0,10.4,28.5,26.9,2,2,1,0,3
5,5,6,0,0,10.5,25.7,70.4,3,3,0,0,4
0,2,8,0,0,9.6,29.4,24.8,2,4,1,0,2
2,0,5,0,0,10,18.7,74.2,1,2,0,1,0
10,2,4,0,0,9.9,15.1,4.7,6,3,1,0,0
23,5,9,0,0,9.8,22.7,29.2,4,3,1,0,3
17,0,9,0,33.7,4.1,20.6,27.1,9,3,1,0,6
23,0,6,0,0,10.2,19.1,3,1,2,1,0,3
22,0,11,0,0,9.7,14.9,8.6,3,2,1,0,0
2,2,6,0,0,9.5,26.9,36.2,3,2,1,0,0
4,2,1,1,43.5,2.3,6.5,15.8,2,2,1,0,3
6,2,9,0,0,9.6,19.8,15.7,2,3,1,0,0
6,1,4,0,0,10.3,14.3,25.5,2,3,1,0,1
9,4,8,0,13.6,7.6,25.4,24.1,8,4,1,0,7
18,4,11,0,23.9,5.4,12.2,69.7,9,2,1,0,9
20,4,1,0,0,9.8,7.1,70.4,3,2,1,0,2
14,6,5,0,0,10.2,20.3,30.4,7,4,1,0,2
18,4,6,0,0,9.7,26.3,67.9,9,3,1,0,2
14,6,11,0,0,9.7,14,83.8,7,2,1,0,3
21,4,1,0,36.7,3,9.5,53.1,2,3,1,0,2
7,5,9,0,0,10.3,23.2,62.5,2,2,1,1,5
0,0,5,0,0,10,19.4,64,2,2,1,0,1
3,2,7,0,0,9.8,28.2,35.7,2,3,1,0,4
12,1,4,0,0,10.2,15.7,72.6,6,3,1,1,5
20,3,12,0,0,10.1,6.7,36.9,4,2,1,0,1
10,1,10,0,19.8,6.1,20.3,51.4,5,4,1,0,2
2,1,4,0,0,9.7,18.3,37.7,2,2,0,0,4
2,5,1,0,0,10,6.7,6.7,3,3,1,0,4
0,0,5,0,0,10.4,15.3,47.7,3,3,0,0,2
2,4,10,1,0,9.6,20.8,18.1,2,4,0,0,2
10,1,2,0,0,10.1,11.4,43.7,7,3,1,0,2
15,0,12,0,0,9.6,13,70.4,5,4,1,0,1
4,2,8,0,48.5,1.3,28.4,7.9,1,2,1,0,6
13,3,9,0,0,10.4,19.5,6.5,6,2,1,1,4
18,2,3,0,17.7,7.2,8.6,21.4,10,2,1,0,4
17,2,6,0,0,9.7,24.2,66.6,10,2,1,0,7
16,2,7,0,0,10.1,29.6,19.9,5,3,1,0,3
21,3,4,0,0,9.8,12.2,89.1,3,4,1,0,2
11,0,5,0,1.6,9.3,17.4,89.9,7,2,1,0,0
12,4,11,0,0,9.7,9.3,63,6,2,1,0,0
20,6,7,0,0,10.2,29.9,72.4,2,2,1,0,0
13,1,4,0,17.9,7.1,12.3,20.6,6,2,1,0,1
8,3,6,0,0,9.9,23.8,53.6,7,3,1,0,4
3,5,2,0,0,9.5,12.8,69.7,2,3,0,0,3
13,2,2,0,0,9.9,9.9,88.2,6,3,1,0,0
17,0,2,1,31.3,4.8,11.7,29.6,7,3,1,0,10
17,0,3,0,0,10.1,12.9,2,8,3,1,0,7
3,1,11,0,0,9.9,16.4,81.3,3,3,1,1,8
8,1,10,0,21.2,6.6,18.5,4.4,8,2,1,0,6
14,6,5,0,0,9.6,17.5,40,6,2,1,0,2
1,1,6,0,14.4,7.4,22.2,55.2,2,3,1,0,5
9,5,3,0,12.9,7.4,12.1,69,7,3,1,0,5
17,2,6,0,0,10.1,19.2,15.7,9,3,1,1,2
6,1,11,0,0,10.2,11.3,16.3,2,2,1,0,1
16,3,4,1,41.5,2.6,14.1,81.4,4,3,1,0,5
2,3,8,0,0,10.4,24.9,21.7,1,3,1,0,5
6,0,4,0,0,9.8,17.2,73.9,2,2,1,1,1
3,4,4,0,31.1,4.4,14.9,54.3,1,4,1,0,4
22,5,11,0,0,10,11.9,87.3,3,4,1,0,2
11,5,4,0,0,10.5,16.2,42.2,8,3,1,0,2
9,6,4,0,0,9.6,13.4,68.1,6,3,1,0,1
14,3,7,0,0,9.8,24.8,59.3,6,3,1,1,0
18,1,9,0,0,9.8,22.4,36.6,8,4,1,0,2
12,3,11,0,0,9.5,14,43,6,3,1,0,0
21,3,2,0,0,9.6,7.1,73.7,3,3,1,0,1
2,2,3,0,2.5,10,10,74.7,3,2,1,0,2
22,0,4,0,0,10.1,16,76.6,2,2,1,0,2
21,4,4,0,0,9.8,11.6,88.7,4,3,1,0,2
12,6,6,0,0,9.8,22.4,77.9,8,3,1,1,2
11,1,4,0,0,10.2,13.5,67.6,6,3,1,0,2
5,2,10,0,0,9.6,16.5,56.3,2,3,1,0,1
10,6,2,0,0,10.4,12.1,67.6,8,4,1,0,2
0,4,8,0,0,10.2,24.2,12.5,1,2,1,0,2
6,2,8,0,0,10.2,28.8,60.1,3,3,1,0,4
16,2,12,0,0,9.7,11.2,47.7,5,3,1,0,4
20,5,3,0,0,10.2,10.2,5.8,4,3,1,0,1
6,3,11,0,43.2,2.7,13.2,18,2,2,1,0,1
1,5,11,0,0,9.8,12.1,22.8,4,3,1,0,3
16,1,12,0,0,10.2,11.1,62.8,6,3,1,0,5
11,3,5,0,0,9.6,16.5,23.5,6,2,1,0,4
2,0,6,0,17.6,7.2,24.7,80.5,2,3,0,0,4
8,5,2,1,12.5,7.6,9.1,45.8,1,2,1,0,2
16,5,4,0,0,9.9,11.4,3.8,6,2,1,0,2
3,3,8,0,48.1,1.5,23.2,41.6,3,2,1,0,5
16,3,7,0,0,9.9,22.7,51.4,7,3,1,0,2
6,1,7,1,0,10.2,28.9,30,3,2,1,0,1
2,4,6,0,0,9.6,22,32.8,1,2,1,0,1
5,3,7,0,0,10.4,27.6,30.2,1,4,1,0,1
15,4,4,1,0,9.7,12.2,46.4,3,3,1,0,4
2,5,6,0,0,9.7,20,46.6,4,3,1,0,4
18,3,3,0,0,10.1,14.1,20.1,10,2,1,0,6
4,2,3,0,0,10,11.1,0.1,2,2,1,1,1
22,6,5,0,0,9.8,16.7,61,2,4,1,0,6
3,5,10,0,0,9.9,19.7,39.1,4,3,1,0,0
19,5,11,0,0,9.7,15.2,1.4,6,3,1,0,7
6,5,3,0,4.3,9,15.9,63.3,3,3,1,0,2
3,2,8,0,0,9.6,29.6,3.3,2,2,1,0,2
1,1,7,0,0,9.7,24.1,42.2,2,3,0,0,1
16,4,12,0,0,9.6,7.5,25.5,6,3,1,0,1
22,4,7,0,0,9.8,28.7,73.1,1,2,1,0,1
21,3,7,0,0,9.6,25.1,30,4,3,0,0,1
0,0,1,0,0,10.2,5.2,35.2,1,3,1,0,0
2,4,1,0,10.8,7.7,12,36.1,2,4,1,0,5
19,5,4,0,3.4,9.6,15.7,47.4,6,2,1,1,2
9,6,9,0,0,10.1,25.6,30.2,8,2,1,0,5
8,5,4,0,0,9.6,17.2,35.5,3,4,1,1,5
18,2,8,0,0,10.3,28.8,78.5,10,2,1,1,5
23,1,1,0,0,10.4,9.8,55.7,2,2,1,0,0
9,1,11,0,49.9,1.3,11.8,2.6,8,3,1,0,9
7,3,9,0,0,9.9,18.7,58.9,9,4,1,0,2
13,3,7,0,0,10,26.6,61.9,6,3,1,1,3
20,4,11,0,0,10.1,12.7,52.3,2,3,1,0,0
10,2,10,0,0,9.9,21.8,75.2,6,2,1,0,1
23,4,1,0,0,10.4,12.5,26.2,3,2,0,0,2
2,6,3,0,0,9.9,11.2,72.1,3,3,1,0,2
20,2,1,1,0,9.8,9.8,57.5,2,3,1,0,2
1,5,4,0,0,10.1,11.1,9.2,4,3,1,1,2
8,1,10,0,33.2,4.1,15.2,16.3,7,2,1,0,3
1,0,8,0,7.2,8.5,23.4,34.6,2,2,1,0,3
9,0,12,0,0,10.3,6.7,57.8,8,3,1,0,5
12,4,8,0,0,9.8,29.5,19.7,6,2,1,0,5
16,1,11,0,10.3,7.9,14.9,20.6,7,3,1,0,6
16,2,4,0,0,10.3,14.8,47.2,5,3,1,0,1
20,3,10,0,0,10.1,16.4,78.4,3,3,1,0,1
0,6,12,0,3.4,9.9,6.3,15.7,3,3,1,0,0
6,2,3,0,0,10.3,12.5,62.7,3,4,1,0,0
18,2,5,0,0,10.2,22.8,0.4,9,2,1,1,3
21,1,12,0,49.6,0.6,7.5,50.6,3,3,1,1,10
23,5,2,0,18,6.3,14,15,3,3,1,0,6
15,1,9,0,0,9.9,20.3,85.9,6,3,1,0,4
2,3,11,0,41.5,2.3,14.5,62,2,3,1,0,6
2,5,6,0,0,9.9,24.8,78.3,2,3,1,0,1
8,4,2,0,0,9.9,7.3,53,9,3,1,0,2
7,4,10,0,37.4,3.7,16.5,2.9,8,3,1,0,7
5,6,4,0,0,10.3,18.4,47.8,2,3,1,0,2
11,4,4,0,0,10.4,12.2,15.8,6,2,1,0,0
11,6,6,0,0,10.1,19.5,64.7,7,2,1,0,2
22,1,11,0,0,10.1,10.8,71.6,3,4,1,0,2
20,0,6,1,0,10.1,26.6,84.3,2,3,1,0,4
3,6,7,0,0,10.2,27.8,44,4,2,1,0,2
10,3,4,0,0,10,17.2,32.3,6,4,1,0,0
20,2,6,0,0,10.3,19.6,77.7,2,3,1,0,0
5,0,3,0,0,10.3,10,44.5,2,2,1,0,0
1,1,10,0,0,10.3,14.4,58.4,1,2,1,0,0
13,5,12,0,31.5,4.4,11.8,21.6,7,3,1,0,2
4,3,3,1,0,9.8,9.9,25.3,1,3,1,0,0
17,5,9,0,0,9.7,24.2,66.6,6,2,1,0,6
18,5,11,0,0,10.2,16.9,66.4,6,3,1,0,4
0,2,3,0,0,9.6,8.4,42.7,1,2,1,0,2
21,4,10,0,23.2,5.9,14.6,9.9,4,2,1,0,3
4,4,7,0,0,9.6,23.5,38.5,1,3,1,0,0
21,4,9,0,21.6,6.2,21.2,12.1,3,3,0,0,1
11,3,4,0,42.4,2.4,17,74.1,5,4,1,0,5
9,6,7,0,0,9.9,27.8,0.1,8,2,1,1,5
9,4,4,0,0,10,14.4,79.8,8,3,1,1,7
17,4,4,1,0,9.7,16.5,82.8,6,4,1,0,8
20,1,8,0,0,10.1,24.2,3.9,3,3,1,0,2
14,1,3,0,0,9.6,9.5,7.9,5,4,1,0,2
15,2,11,0,0,10.3,14.8,59.1,7,3,1,0,2
10,1,3,0,14.3,7.8,14.3,88.9,6,4,1,0,4
2,3,4,0,0,10.5,16.7,36.6,1,3,1,0,3
5,5,7,0,0,10.1,23.7,82.2,3,2,1,0,4
12,4,3,0,10.8,8.4,12,38.3,6,2,1,0,2
22,1,7,0,0,9.7,25.8,77.5,2,3,1,0,2
15,5,3,0,0,9.9,14.2,45.3,6,3,1,0,3
3,1,8,0,0,9.7,27.1,13.1,2,3,1,0,0
19,5,12,0,0,10.4,11,75.9,7,3,1,0,6
1,0,12,0,30.1,4.4,6.8,18.7,3,3,1,0,3
15,4,7,0,0,10.3,27,58.6,6,4,1,0,5
23,4,10,0,0,10,19.1,80.3,2,2,1,0,0
6,1,10,0,0,10,17.8,12.2,3,2,1,0,2
4,5,3,0,0,10.4,8.8,55.5,4,4,1,0,3
10,2,1,0,0,10.1,7.5,24.2,6,3,1,0,1
21,0,3,0,41.9,2.3,13.6,27.7,3,4,0,0,6
18,2,2,0,0,10.1,11,5.8,8,2,1,0,5
16,6,3,0,45.1,2.2,8.2,18,6,3,1,0,4
15,3,12,0,0,10.4,9.4,15.6,5,3,1,0,1
8,0,2,0,0,10.3,10.9,1.5,8,2,1,0,2
4,2,1,0,0,10,6.5,36.9,1,3,1,0,1
6,3,6,0,0,10,22.5,55.1,3,3,1,0,2
7,5,9,0,0,10.4,22.4,30.9,3,2,1,0,9
15,6,11,0,21.6,6.5,16,38,6,3,1,0,4
17,4,4,1,0,10.3,13.7,12.3,7,3,1,0,5
13,3,8,0,0,9.8,22.1,63.1,6,4,1,1,4
14,0,2,1,0,10.3,8.1,85.6,4,3,1,0,4
10,0,9,0,0,9.5,18.8,44.2,6,3,1,0,1
22,1,6,0,0,9.9,23.1,1.7,3,3,1,0,3
7,3,6,0,0,10.2,26.2,81.1,9,3,1,1,5
1,6,3,0,0,10.2,9.9,29.1,3,3,1,0,4
7,4,11,0,37.6,3.6,15.9,60.4,7,3,1,0,2
2,6,3,0,0,10.1,8.7,72.6,3,2,1,0,5
12,6,8,1,0,9.8,23.2,85.1,5,2,1,0,3
19,3,12,0,5.7,8.5,13.7,17.7,9,4,1,0,5
14,2,5,0,0,10.4,16.4,37.2,5,2,1,0,1
1,4,10,0,0,10.4,17.9,44.6,3,3,1,0,4
11,6,4,0,0,9.8,17.6,2.5,8,2,1,0,2
8,6,3,1,0,9.9,10.8,27.7,2,2,1,0,2
20,6,4,1,0,10.3,16.1,4.2,3,4,1,1,3
23,2,12,0,49.2,1.4,11.2,38,1,2,0,0,6
1,2,8,1,0,10.2,22.6,66.2,3,3,0,0,4
18,5,7,0,0,9.6,22.8,79.8,6,4,1,0,4
14,3,2,0,0,9.9,9.9,0,6,4,1,0,3
4,5,10,1,0,9.6,17.2,88,2,2,1,0,2
7,0,12,0,0,10,13.3,77,8,3,1,0,3
1,2,2,0,19.7,6,9.9,40.6,1,3,1,0,3
9,6,5,0,16.7,6.8,15.8,83.7,7,4,1,0,5
23,5,12,0,0,9.8,12.9,44.7,3,2,1,0,2
4,2,9,0,0,10.4,21.3,28.6,3,3,1,0,3
15,4,10,0,0,10.3,14.5,52,6,4,1,0,0
5,4,7,0,0,10.3,29.8,10,2,3,1,0,1
7,2,9,0,0,10,23.7,3.7,7,2,1,0,1
12,1,5,0,0,10.3,17.5,14.1,6,3,1,0,1
1,6,10,0,3.6,9.2,17.8,17.4,2,2,1,0,1
20,2,6,0,3.6,9.1,20.5,72.8,3,3,1,0,0
22,0,1,0,0,9.9,9.9,27.3,3,3,1,0,1
9,2,5,0,0,10.5,19.8,8.8,8,3,1,0,2
9,5,2,0,0,10.3,6.2,87.5,8,4,1,0,3
22,5,9,0,0,9.8,24.4,11.1,3,3,1,0,1
15,2,11,0,0,9.9,13.9,70.1,7,2,1,0,5
18,1,3,0,0,10.4,15.6,31.7,8,2,1,0,3
20,5,8,0,0,9.8,25.9,11.6,4,3,1,0,0
19,2,2,0,36,3.1,11.4,46.1,10,4,1,1,7
5,2,1,0,0,9.8,8.8,40.6,3,4,0,0,0
18,0,5,0,0,10.5,19.7,29.7,9,4,1,0,2
11,3,3,0,0,10,15.4,39.9,7,3,1,0,3
6,3,11,0,0,9.6,16.4,75.9,2,2,1,0,3
8,3,10,0,0,10.4,14.6,52,7,3,1,1,10
9,0,10,0,23.3,5.9,14.4,32.6,8,2,1,0,5
18,2,12,0,0,9.9,6.1,50.1,10,3,1,0,6
5,2,11,0,0,9.7,16.1,47.3,1,3,0,0,0
6,1,4,0,45,1.9,14.4,65.5,3,3,1,0,2
12,2,6,0,0,10.5,24.9,51.7,7,3,1,0,0
11,5,4,0,0,10.4,16.5,63.8,7,2,1,0,4
21,0,12,0,0,9.9,13.1,83.6,3,3,1,0,3
10,1,5,0,0,9.8,21.1,70.1,6,2,1,0,2
23,0,1,0,37,3.7,5.5,9.9,3,2,1,0,4
16,2,9,0,0,10.3,22.8,43.2,6,2,1,0,1
20,5,1,0,0,10.4,12.8,24.7,4,2,1,0,1
10,6,4,0,0,10.3,15.2,36,7,2,1,0,1
0,2,4,0,0,9.5,18.1,43.6,2,4,1,0,2
10,5,4,0,0,10.3,16,5.7,7,2,1,0,3
21,1,9,0,49.1,1.5,25.6,87.3,3,4,1,0,2
10,6,6,0,8.4,8.2,21.1,84.8,7,3,1,0,2
17,4,1,0,0,9.6,11.3,50.6,9,2,1,0,2
4,4,11,0,39.8,2.9,10.3,18.5,1,3,1,0,7
12,6,6,0,1.4,9.6,24.8,23.7,8,2,1,0,3
15,0,6,0,0,9.7,20.1,0.2,6,3,1,0,0
12,5,4,0,10.9,8.1,14.7,89.5,7,2,1,0,3
9,4,5,0,44.8,1.7,19.3,12,8,3,1,0,7
17,2,11,0,33.4,3.6,15.9,48.3,10,3,1,0,9
13,3,1,0,0,10,12.3,56.5,5,2,1,0,0
23,5,11,0,0,9.9,11.4,41.9,3,3,0,0,7
9,0,9,0,0,9.8,18.3,64.2,8,3,1,0,2
6,4,7,0,17.7,7,27.3,3.5,2,4,1,1,5
19,1,9,0,0,9.9,23.6,9.9,10,3,1,0,5
11,1,7,0,0,10.4,28.4,63.3,6,2,1,0,1
17,1,5,0,0,9.7,17.8,9.6,8,2,1,1,5
19,1,7,0,0,9.7,25.8,69.5,9,3,1,0,8
14,5,12,0,31.6,4.7,10.5,13.8,8,3,1,0,7
2,1,9,0,0,9.9,22.7,8,1,2,0,0,1
21,1,6,0,0,9.6,19.9,44,3,3,1,0,1
9,3,6,0,0,10.1,22,33.5,7,3,1,0,2
16,0,12,0,0,10.4,8.7,19.2,7,2,1,0,0
10,1,1,0,0,10.1,5.8,53.4,6,4,1,0,1
8,6,8,0,0,10.2,23.3,85.2,3,3,1,0,2
3,0,3,0,0,10.4,8.1,0.1,2,3,0,0,2
13,5,11,0,27.4,5.3,12,66.6,7,3,1,0,4
4,0,5,0,0,9.9,15.4,27,2,3,1,0,1
9,5,6,0,0,9.9,21.4,53,6,2,1,0,3
8,6,10,1,0,10.2,17.9,1.4,2,3,1,0,4
2,5,6,0,20.2,6.4,23.6,41.8,2,3,1,0,5
10,1,7,0,0,9.6,26.6,83.6,5,4,1,0,1
0,1,10,0,0,9.9,15.8,45.3,2,4,1,0,0
11,3,4,0,0,9.6,13.5,82.6,6,2,1,0,1
5,5,2,0,0,10.3,7.2,48.9,2,3,1,0,3
7,2,10,0,0,10,20.9,62.9,7,3,1,0,1
18,2,2,0,0,10.2,6,8.4,9,3,1,0,4
17,2,2,0,0,10.3,9.7,77.9,9,2,1,1,9
2,5,8,0,11.7,7.7,28.3,67.4,3,3,1,0,6
17,6,1,0,0,10.5,10.8,19.5,5,2,1,0,4
19,6,10,0,0,10.1,21.1,72.2,6,2,1,0,3
14,2,5,0,0,9.8,16.2,50.9,6,2,1,0,1
10,2,11,1,1,9.8,16.7,34.2,5,4,1,0,3
20,5,7,1,0,10.4,28.3,42.9,2,3,1,0,3
20,1,10,0,0,9.6,15.8,42.2,2,4,1,0,1
2,0,8,0,0,9.6,26.4,37.7,1,2,1,0,1
6,1,4,0,0,9.7,17.3,19.4,3,2,1,0,0
12,6,12,0,0,10.5,9,88.6,7,2,1,0,0
19,2,11,0,0,10,12.1,70.1,9,2,1,0,3
12,6,5,0,0,10.1,17.3,43.1,8,2,1,0,4
5,2,6,0,0,10,19.1,22.3,2,3,0,0,5
14,4,7,1,0,9.7,26.7,11.7,3,2,1,0,0
2,4,12,0,0,10.5,13.4,85.6,3,4,1,0,4
22,0,5,0,0,10.1,21.4,15.6,3,3,0,0,1
0,1,4,0,0,10,14.8,1.7,1,2,1,0,1
0,1,11,0,0,10.3,9.7,79.9,2,3,0,1,4
8,3,7,0,0,10.2,22.1,8.8,7,4,1,0,3
23,3,1,0,0,9.8,10.9,83.9,3,2,1,0,4
17,5,11,1,4.9,8.9,12.6,53.5,3,3,1,0,5
3,2,1,0,0,10,12.8,87.8,2,2,1,0,1
17,1,9,0,0,9.7,23.6,87.3,9,2,1,0,6
17,5,6,0,0,9.6,25.7,72.2,6,2,1,0,1
14,2,8,0,0,10.5,29.7,82.3,6,3,1,0,1
4,2,10,1,0,9.7,14.6,27,2,3,1,0,5
6,5,5,0,0,10.4,20,41.6,3,3,1,0,2
12,6,12,0,26.2,5.5,6.3,14.1,8,2,1,0,4
15,4,7,0,0,10.2,26.5,0.9,5,4,1,0,1
9,1,7,0,0,10.2,23.1,32.9,8,2,1,0,3
8,6,11,0,0,10.2,10.2,21.8,4,2,1,0,1
9,0,5,0,0,9.9,22.8,1.1,7,2,1,0,2
10,4,9,0,0,10.3,19.3,51.8,6,4,1,0,4
2,2,4,0,8.9,8.3,18.3,66.8,2,2,1,1,5
13,2,8,0,0,10.1,24.4,40.6,6,4,1,0,2
9,1,11,0,0,10,10.1,63.5,7,3,1,0,4
7,5,10,0,16.3,6.8,20.2,53.1,2,4,1,0,4
16,0,4,0,0,9.7,13.7,56.6,7,2,1,1,2
5,1,5,0,0,9.5,19.6,33.7,2,3,1,0,0
10,0,7,1,0,9.6,22.8,2.6,4,3,1,0,2
18,2,11,0,8,9,15.5,60.8,10,3,1,0,4
10,1,9,0,24.6,5.6,22.7,76,7,4,1,0,1
22,5,4,0,0,10.5,18.5,87.7,3,3,1,0,3
12,3,4,0,0,10.1,18.8,36.9,5,3,1,0,2
21,6,9,0,0,10.2,19.9,11.8,4,2,1,0,1
1,2,10,0,0,10.3,19.3,37.8,2,2,1,0,3
23,6,10,1,45.9,2,17.3,8.6,1,2,1,0,4
12,5,2,0,26.4,5.2,10.1,63.7,7,2,1,0,5
18,3,6,0,0,10,20.3,43.1,9,2,1,0,5
21,6,5,0,0,10,17.8,25.4,3,2,1,0,0
17,1,1,0,0,10.5,9.2,53.9,9,3,1,0,4
2,2,7,0,0,10.4,25,46.4,2,3,1,0,2
9,2,7,1,0,10.3,28.6,18.7,6,2,1,0,4
1,1,6,0,0,9.9,25.1,19.3,3,4,1,0,0
6,0,7,0,0,9.6,28.3,75.6,2,3,1,0,1
3,1,5,0,19.1,6.9,17.7,2.1,1,3,1,0,2
18,4,9,0,0,10,23,21.3,9,2,1,0,1
6,6,5,0,0,10.2,15.2,52.2,3,3,1,0,3
22,2,2,0,0,10.5,9.3,89.1,2,3,1,0,4
10,1,8,0,0,9.6,23.3,22.5,5,3,1,1,4
11,0,11,0,0,9.5,11.1,83.1,7,2,1,0,3
13,0,12,0,9.4,8.4,9.9,49.8,7,3,1,0,0
17,3,4,0,0,10,15.9,74.6,10,3,1,0,3
17,1,5,0,0,9.7,15.6,78.1,8,2,1,0,5
4,3,11,0,0,9.6,11.1,10.9,3,4,1,1,1
2,6,9,0,0,10.3,24.5,72.4,3,4,1,0,3
15,3,9,0,0,9.8,25.8,19.8,5,2,1,0,0
3,0,9,0,0,10.4,20.7,7.7,2,2,1,0,2
14,0,9,0,37.4,3.6,24.5,81.2,6,3,1,0,3
8,6,6,0,0,9.8,20,68.8,3,4,1,0,4
14,2,5,0,0,10.4,19.2,0.3,7,2,1,0,3
2,1,11,0,0.7,9.8,10.8,38.4,3,3,1,1,1
15,3,4,0,0,9.6,19,54.2,6,3,1,0,0
10,1,7,1,0,9.5,24.2,26.2,4,3,1,0,3
16,4,5,0,0,10,22.2,22.2,7,2,1,0,4
7,5,8,0,0,10.1,28.5,73.4,4,3,1,0,5
1,2,10,1,0,9.8,16.3,85,3,3,1,0,3
21,4,12,0,0,9.8,13.5,20.6,4,3,1,1,1
7,0,1,0,0,10.1,6.4,56.4,9,2,1,0,5
14,1,10,0,0,10.2,15.2,45.6,6,2,1,0,0
23,6,9,0,0,9.9,20.6,59.5,4,2,0,0,2
22,0,4,0,6.7,9.1,18.3,35.1,3,3,1,0,2
10,3,10,0,0,9.6,15.1,2.2,6,3,1,0,0
11,6,5,0,0,10.3,19.3,53.6,6,3,1,0,2
7,4,12,0,0,10,12.7,8.9,8,3,1,0,5
10,0,10,0,0,9.6,14.4,7.2,7,2,1,0,1
10,3,2,0,0,10,10.5,70.9,7,4,1,0,1
2,6,4,1,0,10.1,12.1,68.7,2,3,1,0,1
21,5,12,0,0,10,7.6,83.9,2,3,1,0,7
10,5,7,1,0,10.5,28.2,47.7,4,2,1,1,1
23,3,5,0,0,10.1,20,64.6,3,2,1,0,1
19,1,7,0,0,10.1,26.7,37.2,9,3,1,1,3
18,5,4,0,0,9.6,18.2,13.4,7,3,1,0,5
19,4,6,0,0,9.7,20.5,55.3,10,3,1,0,7
3,6,2,1,0,9.7,6.4,23.2,2,3,1,0,3
21,5,12,1,0,9.9,13.1,70.2,2,3,1,0,2
23,2,7,0,0,9.6,23.4,65.2,2,4,1,0,1
17,6,1,0,33.1,4.1,12.6,42.2,5,3,1,0,8
4,2,12,0,0,9.6,9.8,19.5,2,3,1,0,2
20,3,7,0,0,10.4,24.3,76.5,2,2,1,0,1
7,0,12,0,0,10.1,7.3,22.7,8,2,1,0,4
15,5,12,0,9,8.3,11.7,88.3,7,3,1,0,1
4,0,2,0,0,10.1,7.1,42.3,3,2,1,0,3
12,2,2,0,0,9.8,8.7,61.6,5,3,1,0,0
3,4,5,0,0,10.2,16,78.9,1,2,1,0,2
1,1,12,0,35.4,3.3,8.2,12.8,3,3,1,0,6
19,0,7,0,0,9.9,29.2,38.4,9,3,1,0,1
6,6,1,0,13,8.1,8.1,39.2,3,3,1,1,4
10,5,11,0,0,9.6,16.6,74.7,6,2,1,0,1
0,2,1,0,0,9.9,9.6,63.5,1,4,1,0,5
17,0,6,0,0,10.5,24.2,57.2,8,3,1,0,5
21,1,10,0,0,9.6,21.3,69.9,4,3,1,0,1
17,4,9,0,4.6,9.1,22.3,1.7,8,3,1,0,6
17,3,2,0,0,9.8,13.2,16,10,2,1,0,6
23,6,6,0,0,9.9,23.8,88.4,2,4,1,0,2
9,6,6,0,0,9.9,21,69,7,2,1,0,0
18,6,6,0,0,10.4,19.3,68.1,7,4,1,0,2
12,5,9,0,0,9.5,22.1,24.5,7,4,1,1,5
15,2,7,0,0,10.2,27.8,51.5,7,3,1,0,3
10,5,7,0,0,10.4,23.8,46.9,7,3,1,0,3
20,4,10,0,0,9.6,20.2,23.2,2,3,1,0,1
18,0,11,1,29.6,4.8,16.8,76.5,8,4,1,0,8
12,4,3,0,32.2,4.6,10.3,20.9,7,3,1,0,4
18,5,9,0,0,9.8,23,64,6,2,1,0,9
17,0,7,0,0,10.3,29.9,60.9,9,4,1,0,6
21,5,4,0,31.5,4.3,15.3,34.9,2,2,1,0,1
6,3,10,0,0,10.5,16.7,68.9,3,2,1,1,4
5,3,4,0,0,9.8,12,56.1,1,3,1,0,1
15,3,2,0,0,9.8,6.3,21.9,6,3,1,0,3
1,3,2,0,21.2,6,13.5,71.4,2,3,1,0,4
20,1,8,0,0,9.5,25.3,2.7,3,2,1,0,0
4,4,11,0,0,9.5,12.1,25.5,2,3,1,1,3
10,0,3,0,17,6.4,12,69.1,6,4,1,0,2
13,6,4,0,0,9.8,17.6,3.2,7,4,1,0,2
4,3,10,1,0,9.7,14.5,40,3,4,1,0,1
20,3,1,0,17.4,6.5,5.3,18.6,4,3,1,0,0
13,4,8,0,0,9.9,27.8,49.6,5,2,1,0,5
12,6,11,0,42.6,2.1,12.8,14.4,8,2,1,0,2
7,5,8,0,0,10,22.4,25.7,3,3,1,0,2
17,1,1,0,34.8,3.8,10.5,66.8,10,2,1,0,4
16,4,6,0,0,10,19.1,51.1,7,2,1,0,4
10,1,6,0,0,10,21,44.5,7,3,1,1,0
22,5,10,0,0,10,20.2,4.8,3,2,0,0,3
12,4,1,0,39.9,2.5,8.2,64.8,6,3,1,0,1
6,6,8,1,0,9.9,24.7,65.6,2,3,1,1,4
15,6,10,0,0,9.6,18.7,17.2,5,2,1,0,1
21,2,4,0,0,9.8,17.7,71.3,2,3,1,0,3
22,0,8,1,0,10.2,25.2,78.5,1,2,1,0,2
9,0,5,0,0,10,18,39.8,8,4,1,0,4
1,6,10,0,23.7,6,18,66.3,2,2,1,1,7
2,0,11,0,0,10,16.2,71.2,2,4,1,0,6
14,5,5,0,0,9.8,18.1,61,7,4,1,0,1
2,3,5,0,0,9.7,17.3,84.7,3,3,1,0,2
19,6,4,0,0,10.3,14.2,51.6,7,3,1,0,4
16,2,6,0,39.9,2.6,24.3,72,6,3,1,0,2
19,0,9,1,0,10.3,22,15.4,7,4,1,0,4
5,2,6,0,0,10.5,24.9,9.8,3,2,1,1,3
17,2,7,0,0,10.1,27.3,65.4,9,2,1,1,4
21,3,12,0,0,10.2,12.8,0.7,4,2,1,0,0
11,4,8,0,0,9.8,24.7,49.2,5,3,1,0,5
2,6,5,0,0,10.1,19.3,40.2,3,3,1,0,1
23,4,5,0,0,10.4,15.6,38.7,2,3,1,1,6
19,4,9,0,0,10.5,22.2,84.7,9,3,1,0,3
8,0,2,0,0,9.6,13.5,89.2,9,3,1,0,9
7,4,10,1,14.3,7.9,16.3,26.5,6,3,1,0,4
17,6,7,0,0,10.4,28.9,5.6,7,3,1,1,6
22,1,8,0,0,9.7,23.7,39.6,2,4,1,0,0
13,5,11,0,43.7,2,10.5,5.6,8,2,1,0,7
12,3,2,0,0,9.8,12.9,29.8,6,2,1,0,2
0,1,11,0,0,9.7,10.1,84.4,3,3,1,0,4
18,5,10,0,0,10,21.1,89.4,7,3,1,0,1
7,0,11,0,0,10.3,13.3,78,8,4,1,0,4
12,4,7,0,0,9.9,29,43.2,6,3,1,0,2
4,4,8,0,0,10.2,23.2,45.5,3,3,1,0,1
23,0,7,0,0,10.3,24.1,57,3,4,1,0,1
6,5,3,0,0,10,13.2,69,2,3,1,0,3
4,6,8,0,0,10.3,23.4,31,4,3,0,1,4
10,2,5,0,0,10.2,20.6,20.1,6,3,1,0,2
3,3,8,0,0,10.5,24.9,52.5,2,3,1,0,1
10,3,10,1,0,9.8,19.4,80.8,4,3,1,0,1
5,4,2,0,27.4,4.9,10.3,82.6,2,2,1,0,3
18,5,5,0,0,9.5,18.3,57.3,6,2,1,1,5
3,1,12,0,0,10.4,9,49,1,3,1,1,3
21,0,2,0,23.1,6.2,7.6,36.3,2,4,1,0,5
19,2,8,0,0,10.4,24.8,44.5,9,3,1,0,1
10,2,11,0,0,9.6,14.7,7.5,5,3,1,0,4
5,5,6,0,0,10.4,20.1,84,4,4,1,0,2
20,2,2,0,0,10.2,6.7,74.9,3,3,1,0,1
6,0,11,0,0,10.3,16.1,41.7,2,4,1,0,0
1,1,12,0,0,9.7,13.5,70.7,2,3,0,0,2
13,1,5,0,0,9.5,17,15.8,6,3,1,0,2
15,4,6,0,1.8,10.1,22.8,82.2,5,4,1,0,1
0,0,9,0,48.3,0.9,24.4,66.7,2,2,1,0,4
22,1,8,0,0,9.7,23.9,73.7,1,2,1,0,5
9,4,5,0,26.5,5.3,19.4,58,8,3,1,0,4
21,4,10,1,33.7,3.6,17.1,50.5,3,2,1,0,4
9,5,12,0,0,9.6,12.9,19.6,7,3,1,0,3
10,6,1,0,0,10.3,5.2,79.9,6,3,1,0,2
16,3,7,0,0,10,24.8,63.3,6,4,1,0,3
12,0,4,0,0,10,11.6,58.7,7,4,1,0,0
22,6,8,0,0,10.5,28.1,51.6,3,2,1,0,1
19,4,5,0,0,10.3,18.2,61.8,8,4,1,0,3
3,5,11,0,0,10.3,13.6,78,2,4,1,0,2
0,6,7,0,0,10,24.3,62.6,3,3,1,0,3
18,3,3,0,0,9.8,12.3,62.3,9,3,1,0,5
18,3,1,0,0,10,6.3,67.6,9,3,1,0,5
7,4,1,1,0,9.9,8.5,46.7,6,3,1,0,5
1,3,4,0,0,10.4,15.6,43.3,1,3,1,0,1
8,2,2,0,6.1,8.7,7.7,34.1,7,3,1,0,5
16,4,3,0,0,10.3,10.7,63.8,6,3,1,0,3
8,6,4,0,13.7,7.1,13.3,71.9,3,4,1,0,5
0,6,2,0,0,10.1,7.1,44.7,2,2,0,0,8
12,6,9,0,0,10.3,18.4,52.3,8,4,1,0,4
2,3,11,0,0,10,9.6,37.1,2,3,0,0,4
6,6,12,0,0,9.5,11.5,15.5,3,3,1,0,2
9,6,3,0,0,9.8,14,38.5,7,2,1,0,6
10,1,9,1,21,6.7,25.1,79.9,4,2,1,0,4
10,4,3,0,0,10.3,13.7,49.6,7,3,1,0,5
2,3,1,0,0,9.6,10.5,56.1,2,3,1,0,2
18,2,9,0,0,10.4,19.4,63.5,9,2,1,0,5
15,1,11,0,0,9.9,12.2,44.3,7,2,1,0,0
4,3,6,0,0,10.5,22.8,74.5,2,3,1,0,8
23,0,8,0,0,10.5,23,27.1,2,3,1,0,3
18,3,6,0,0,10.3,26,44.1,10,4,1,0,4
23,5,8,0,0,10.3,27.8,41.3,2,3,1,0,1
10,0,3,0,0,10.3,14.6,49.6,5,2,1,0,2
21,3,7,0,0,9.9,29.3,75.9,3,2,1,0,1
9,3,11,0,0,10.3,9,1.2,8,4,1,0,3
1,6,4,0,0,10,15.1,66,4,4,1,0,2
22,0,10,0,0,9.7,18,53.4,2,4,1,0,3
13,2,1,0,0,10.2,7.2,30.6,6,2,1,0,2
19,4,3,0,0,10.1,12,52,8,2,1,0,2
5,3,3,0,0,9.7,9.7,76.1,2,3,1,0,1
7,0,10,0,0,10.5,17.7,69.8,8,2,1,0,1
16,2,3,0,20.3,6.3,9,30.8,6,3,1,0,4
6,3,12,0,0,10.4,7.6,44.3,2,3,1,0,1
12,1,9,0,39.4,3.3,19.8,60.7,5,3,1,0,4
22,0,1,0,0,9.6,6.7,84.2,1,4,1,0,2
3,5,11,0,0,9.7,11.2,35.9,4,2,1,0,2
14,1,8,0,0,10.2,27,67.7,6,2,1,0,4
12,2,6,0,0,9.8,25.7,13,6,4,1,0,3
0,2,4,0,0,10,16.2,89.2,2,3,1,0,3
20,6,10,1,0,10.1,18.9,82.2,2,3,1,0,1
11,0,4,0,0,9.9,15.7,60.7,7,3,1,0,2
0,3,7,0,0,10.1,25.2,60.4,1,4,1,0,5
7,1,9,0,0,9.6,23.8,20.8,8,3,1,0,2
11,4,7,0,0,9.8,26.6,88.7,5,3,1,0,2
17,4,6,0,0,9.9,22.5,59.6,9,2,1,0,2
23,6,2,1,40.4,2.7,7.6,60.4,1,4,0,0,6
16,3,5,0,0,9.6,20.3,0.5,5,2,1,1,0
17,4,7,0,0,9.5,25.5,87.9,9,3,1,0,7
11,5,5,0,0,10.3,21.3,55.5,6,2,1,0,5
17,0,1,0,0,10.3,10.7,37.7,10,3,1,0,3
14,6,9,0,0,10.3,25.6,29.3,7,3,1,1,3
6,3,9,0,0,9.9,18.7,47.6,4,3,1,0,1
8,2,1,0,0,9.8,6.7,3.7,7,3,1,1,5
19,5,3,0,38.8,2.7,10,36.5,6,2,1,0,2
7,4,8,1,0,9.5,24.6,27.9,6,3,1,0,3
8,3,5,0,0,10.1,20.3,79.3,8,2,1,0,2
23,4,11,0,17.9,7.1,14.7,64,2,4,1,0,2
16,4,4,0,0,10.3,14.3,64.4,6,2,1,0,2
0,1,10,0,0,9.7,18.1,9.5,3,2,1,0,2
17,0,6,0,0,10.4,25.5,53.8,9,3,1,0,3
11,2,2,0,0,10.2,10.7,75,6,3,1,0,3
17,0,11,0,0,10.1,10.6,14.7,10,3,1,0,3
22,0,10,0,29.8,4.3,15.1,68.6,2,3,1,0,10
11,4,9,0,0,9.9,22.3,35,5,4,1,0,2
23,1,12,1,3.4,9.3,14,33.4,1,3,1,0,0
17,3,1,0,4.6,8.8,10.8,77.7,9,2,1,0,3
10,2,10,0,0,10,19.8,12.2,6,2,1,0,2
13,4,11,0,0,10.5,15.5,76.1,7,4,1,0,3
9,2,1,0,7.5,8.2,6.7,38,8,3,1,0,11
3,2,1,0,0,9.7,8.4,29.3,2,3,1,0,5
4,5,8,0,0,10.1,23.8,55.6,3,3,1,1,3
21,4,11,1,0,10,15.9,58.5,3,2,1,0,4
19,6,6,0,46.9,2,23,47.2,6,2,1,0,7
4,4,8,0,38,3,28.1,48.6,2,2,1,0,8
11,3,3,0,0,10.3,10.4,14.2,7,3,1,0,1
4,2,3,0,0,9.8,10.7,66.8,3,2,1,0,4
3,2,1,0,31.5,4.7,12.2,29.7,3,2,1,0,5
4,1,3,0,0,9.6,12.8,79.5,3,3,1,0,5
8,6,1,0,0,10.3,9.1,23.9,4,2,1,0,4
9,0,3,0,46.6,1.3,8.7,44.3,9,4,1,0,9
14,4,10,0,0,9.7,16.7,45.4,6,3,1,0,4
16,4,3,0,0,10,13,28.3,6,2,1,0,1
2,3,9,0,0,10.1,20.6,88.6,2,3,1,0,2
8,3,7,0,0,9.9,22.4,11.6,8,3,1,0,4
20,3,6,0,0,10.3,24.7,35.1,3,2,1,0,2
3,5,11,1,0,10.2,16.5,23.1,3,2,1,0,0
12,0,5,0,0,10.1,21.9,34.4,6,4,1,0,1
2,4,10,0,6.6,9.2,15.8,73.7,3,3,0,0,2
0,6,1,0,0,9.8,7.4,54,3,4,1,0,5
15,4,7,1,0,10.4,29.1,10.4,4,2,1,0,3
4,3,5,0,46,1.4,16.3,16.8,3,3,1,1,8
12,4,8,0,0,10.4,24,41.3,5,3,1,0,3
14,3,12,0,0,10,7.2,77.9,5,4,1,0,1
6,6,9,0,0,9.7,22.4,23.5,3,3,1,0,2
0,2,12,0,0,10.5,9.4,14.9,3,3,1,0,0
8,4,6,0,10.5,8.3,21.1,89.9,8,4,1,0,6
3,1,5,0,19.7,6.2,19.5,8,3,2,1,0,4
22,3,12,0,18.4,7.2,10.4,56.3,2,3,1,0,3
13,1,12,0,0,9.7,9.2,38.5,6,3,1,0,1
13,0,4,0,0,10,19,6.6,6,3,1,1,3
15,6,3,0,0,9.5,14.5,76.5,5,2,1,1,1
3,2,5,0,14.5,7.6,18.3,22.6,2,2,1,0,0
0,6,12,0,0,10.3,9.1,73.7,4,3,1,1,6
16,5,1,0,0,10.1,8.7,20.8,6,2,1,0,1
5,6,4,0,0,9.7,12.4,32.7,4,3,1,0,4
20,2,6,0,0,9.7,25.1,44,2,2,1,0,0
19,0,8,0,0,10.3,27.8,76.5,8,3,1,0,6
16,2,11,0,17.7,6.7,16.7,77.6,7,3,1,0,2
13,2,5,0,19.4,6.2,18.2,44.4,6,3,1,0,5
19,2,10,0,0,10.2,16.8,75.8,10,2,1,0,3
20,1,5,1,0,9.9,16.4,58.3,2,3,1,0,2
7,5,10,0,0,9.7,20.4,31.4,3,2,1,0,1
7,4,4,0,0,10.4,15.6,16.8,8,2,1,0,5
15,1,8,0,0,10.4,22.7,0.1,7,2,1,0,2
3,0,12,0,0,10,13,40.7,2,2,1,0,1
13,2,12,0,0,10.4,12.9,67.1,5,2,1,0,2
8,0,6,0,0,10.2,25.1,25.5,9,2,1,0,0
20,3,7,1,0,9.6,29,29.5,2,3,1,0,3
6,1,1,0,11.1,7.8,11.9,33.4,3,3,1,0,1
11,5,11,0,0,9.7,12.7,65.4,8,3,1,0,2
22,4,11,0,0,10.1,10.9,64.7,3,2,1,0,3
9,5,2,0,0,10.4,8,37,7,2,1,0,2
18,0,1,0,0,10.3,7.9,79.8,10,3,1,1,2
17,5,11,0,0,9.8,16.8,72.5,5,3,1,0,4
21,0,5,0,0,10,19.1,55.3,2,3,1,0,0
21,6,7,0,0,10.2,22.7,44.3,3,4,1,0,7
0,1,3,0,31.5,4.2,8,64.2,2,3,1,0,2
20,0,3,0,0,10.1,11,19.7,4,2,1,0,2
0,1,1,0,0,9.6,7.8,72.5,3,2,1,0,1
20,4,6,0,0,10.4,19,26.3,2,4,1,0,0
1,6,12,0,0,9.6,13.3,27.1,4,4,1,0,5
16,2,8,0,0,9.9,23.6,73,7,2,1,0,3
3,2,2,0,0,10.4,7.5,46.4,1,3,0,0,2
11,2,11,0,0,10,13.2,65.1,6,3,1,0,2
13,5,12,0,0,10.3,8.1,45.2,7,4,1,0,0
22,6,5,0,0,10.2,22.1,76.1,3,3,1,0,2
10,0,8,0,0,10.4,24.8,31.7,6,2,1,0,1
1,4,12,0,22.2,5.8,9.6,75.3,2,3,1,0,3
16,3,3,0,0,10.3,10,53.7,6,2,1,0,4
9,4,12,0,0,9.8,11.8,80.3,8,2,1,0,5
7,2,1,0,0,9.9,7.1,66.1,7,3,1,0,2
4,5,8,0,0,9.6,24.3,33.1,2,4,1,0,2
10,2,6,0,0,9.8,21.8,86.7,7,3,1,0,5
11,6,11,0,0,10.3,12.3,4.9,8,3,1,0,0
23,4,2,1,0,10.2,8.3,7.2,1,3,1,0,1
22,4,8,0,0,10.1,29.1,70.1,2,2,0,0,7
2,0,6,0,0,9.7,19.6,9.7,3,2,1,0,0
19,5,4,0,0,10.2,18.5,39,6,2,1,0,0
21,1,9,0,0,9.7,23.2,85.7,3,3,1,0,2
13,6,8,0,0,10.4,29,72.4,7,3,1,0,1
9,1,12,0,0,10,7.2,73.5,8,2,1,0,3
15,4,7,0,0,10.3,24.6,8.4,6,3,1,0,3
16,3,11,0,0,9.8,15.5,19.6,7,3,1,0,2
13,3,5,0,0,9.8,22.5,56.4,7,3,1,0,3
18,3,7,0,0,10,29.7,11,10,2,1,0,6
12,4,8,0,0,9.7,23.7,43.7,6,3,1,1,3
9,5,9,0,0,9.7,25.4,70.9,7,3,1,0,9
17,5,1,1,0,9.6,10.9,82.5,4,3,1,0,4
7,1,8,1,0,9.8,25.5,17.4,6,3,1,0,1
21,4,7,0,0,9.6,24.9,4.6,3,4,1,0,3
13,2,11,0,44,2.1,9.4,7.9,6,2,1,0,7
15,5,10,0,14.3,7.1,18.4,0.1,5,4,1,0,2
1,0,6,0,0,10,21.8,81,2,3,1,0,2
4,3,1,0,0,10.1,5.8,10.2,2,3,0,0,1
0,5,8,0,0,10.2,23,3.6,2,3,1,0,2
14,2,6,0,0,10,21.3,40.2,7,2,1,1,2
7,6,2,0,0,9.9,12.8,15.8,2,2,1,0,2
4,2,8,0,0,9.9,29.5,80.5,2,3,1,0,0
14,5,6,0,48,1.8,25.8,82.6,8,3,1,0,2
2,6,2,0,26.4,5.6,9.6,61.9,2,2,0,0,7
23,4,12,0,43.6,2,12.5,80.7,2,2,1,0,2
12,5,5,0,0,9.8,22.4,29.8,6,2,1,0,0
2,6,11,0,0,9.8,13,70.1,2,3,1,0,3
7,0,6,0,0,10.2,20.5,63.1,7,3,1,0,3
14,3,1,0,39.4,2.4,12.7,24.3,5,2,1,0,8
15,0,8,0,0,9.9,26.2,40.9,6,3,1,1,5
22,0,1,0,0,10.4,9.7,69.7,2,3,1,0,0
18,1,7,0,0,10,27.7,23.2,9,3,1,0,7
11,3,1,0,0,10.5,11.9,0.6,6,2,1,0,2
4,5,12,0,33.3,3.7,6.2,11.6,4,4,1,0,6
19,6,4,0,32.6,4.2,17.8,0.3,6,4,1,0,2
22,3,11,0,46.5,1.9,14.3,47.1,2,3,0,0,6
18,2,7,0,0,10.1,25.2,39.1,10,3,1,0,7
11,6,2,0,0,9.7,13.4,75.1,8,4,1,0,3
1,0,8,0,0,10.2,29,65,2,3,1,0,4
9,3,8,0,0,10.5,29.4,60,9,4,1,0,2
18,4,8,0,0,9.6,22.3,7.2,8,4,1,0,2
12,6,8,0,21.3,6.3,23.5,33.3,7,2,1,0,3
20,3,9,0,0,10.2,21.8,20.9,3,3,1,0,1
19,5,5,0,0,9.8,19,10.2,6,3,1,0,3
7,4,3,0,11.4,7.9,11.7,38.8,9,2,1,0,7
15,5,11,0,0,10.3,9.6,27.1,5,2,1,0,2
7,4,12,1,0,10,6.3,52.9,7,3,1,0,6
11,3,3,0,10.4,7.7,12.3,80.1,7,2,1,0,4
18,5,5,0,39.4,2.5,17.4,77.2,7,3,1,0,5
16,6,2,0,0,10.1,10.9,84.4,6,2,1,0,5
16,2,9,0,4.9,9.3,18.3,17,6,3,1,1,2
21,1,7,0,0,9.8,24.6,37.5,2,2,0,0,1
12,4,12,0,12.9,7.5,9.9,77.4,7,2,1,0,7
21,0,12,0,0,10.3,8,51.4,4,2,1,0,1
6,2,3,1,0,10.2,13.9,0,1,3,1,0,1
12,4,1,0,13,8,9.2,85.9,6,2,1,0,4
10,4,2,0,0,10.3,8.6,10.5,6,2,1,0,4
9,4,3,0,0,10.4,13.1,9.2,8,3,1,0,3
2,1,9,0,0,9.9,22.6,17.1,1,2,1,0,3
14,2,1,0,0,10,7.4,27.7,6,3,1,0,2
17,0,12,0,0,10.4,10.8,22.3,9,4,1,0,2
8,5,11,0,0,10.5,10.5,13.5,2,4,1,1,2
4,1,2,0,0,10,7.4,86.8,2,3,1,0,0
4,1,12,0,0,9.9,13.5,42.9,1,2,0,0,5
17,3,8,0,0,10,22.2,69.5,9,4,1,0,13
4,0,1,0,39.8,3.2,5.4,21.7,1,2,0,0,5
4,2,8,0,0,9.8,25.5,26,1,4,1,0,1
5,3,7,0,0,10.2,23.9,49.6,2,2,1,0,1
16,4,4,0,0,10.5,16,69.9,6,4,1,0,0
23,0,5,0,0,9.9,22.3,69.6,1,3,1,0,3
18,1,11,0,12.8,7.9,14.8,31.2,10,4,1,1,1
17,4,5,0,0,10.1,21.3,36,10,3,1,0,3
17,0,6,0,0,10.1,25.6,49.7,9,3,1,0,2
3,1,4,0,0,10.1,13.8,8.7,2,4,1,0,2
19,3,8,0,0,9.7,28.9,83.9,8,3,1,0,0
10,5,1,0,0,10,12.4,12.8,6,2,1,0,5
22,1,11,0,0,10,10.1,7.2,1,3,1,0,1
9,5,8,0,0,9.8,23.1,73.9,6,2,1,0,5
2,2,10,0,49.5,0.7,14.1,48.2,2,2,1,0,5
17,0,9,0,0,9.9,22.4,33.5,8,2,1,0,2
22,2,1,0,0,9.6,7.1,38,2,3,1,0,1
2,2,10,0,0,10.4,14.1,59.8,3,3,1,0,1
6,2,5,0,18.4,7.1,21.4,26.5,3,2,1,1,2
11,2,12,0,2.8,9.5,13.8,13.2,6,4,1,0,4
2,3,7,0,26.4,5.5,29.1,50.3,2,3,1,0,5
16,3,8,0,0,9.7,26.3,48,6,3,1,0,1
8,4,8,0,0,9.6,24,30.7,8,3,1,0,3
8,0,9,0,0,10,25.8,59.2,9,4,1,0,2
15,6,6,0,0,10.4,19.8,88.6,6,2,1,0,1
8,6,5,0,0,10.1,18.6,60.7,3,2,1,0,2
14,0,3,0,0,10.5,8.6,32,6,4,1,0,0
11,2,11,0,0,10.3,14.4,24,7,2,1,0,3
14,5,9,0,0,10.3,25.4,14.8,7,4,1,0,3
14,6,3,0,14.2,7.7,12.9,44.5,8,2,1,0,1
14,2,11,0,0,10.4,11.2,84.8,5,4,1,0,2
13,2,5,0,0,10.3,17.4,85.2,6,4,1,0,2
0,0,9,0,0,9.7,19.3,41.7,1,3,1,0,2
12,5,7,0,0,10.1,25.9,80.3,7,4,1,1,5
14,3,10,0,0,10.4,18.6,23.5,7,2,1,0,0
16,0,2,0,0,9.6,10.1,69.1,6,2,1,0,4
3,1,8,0,40.9,2.2,24,21.8,3,3,1,0,6
10,1,7,0,0,10.1,23.2,11.1,7,3,1,0,0
18,6,1,0,1.1,9.4,10.9,58.5,5,2,1,0,1
21,2,5,0,0,10.3,18.5,88.8,2,3,1,0,2
3,6,7,0,0,10.2,27,64.4,3,4,1,0,1
10,2,4,0,0,10.4,15.3,13.9,6,4,1,0,1
8,6,10,0,0,9.8,14.3,71.9,2,3,1,0,8
16,0,6,1,0,9.8,26,64.4,4,3,1,0,7
8,5,12,0,0,9.8,12.2,24.6,3,3,1,0,2
13,0,7,0,0,10.4,25.1,49.2,5,4,1,0,1
6,3,8,0,0,10.3,26.5,81.3,4,4,1,0,0
3,1,2,1,0,9.5,7.3,32.4,3,3,1,0,0
13,0,10,0,0,10.5,15.8,75.8,6,3,1,1,2
21,6,2,0,6.7,8.7,6.5,11.9,2,2,1,0,3
16,2,5,0,0,10.1,16.2,83.2,6,3,1,0,2
9,4,12,0,31.3,4.7,11.9,78.8,7,4,1,0,5
23,0,9,0,0,10.4,20.2,2.1,1,2,1,0,0
12,0,8,0,0,10.2,28.1,24.9,5,4,1,0,1
2,1,9,0,0,10.5,25.7,31.5,3,4,0,0,2
20,2,11,0,0,9.7,16.6,47.3,3,2,1,0,2
8,1,4,0,0,9.8,18.3,20.6,8,3,1,0,4
23,4,3,1,0,9.6,8.1,34.1,2,2,1,0,4
18,5,7,0,0,9.8,29,6.1,7,3,1,0,2
18,4,4,1,0,9.5,17.5,88.9,6,3,1,0,8
2,5,5,0,48.9,0.9,20.5,60.3,4,3,1,0,3
19,0,8,0,32.9,4.1,29,84.9,8,3,1,0,8
10,6,10,0,0,10,17.7,31.6,7,3,1,0,0
5,1,1,0,0,10,11.4,77.7,3,3,0,0,0
23,2,2,0,0,9.5,10.1,49.2,2,3,1,0,2
0,4,6,0,17.1,6.7,25.6,39.4,3,3,1,0,4
3,2,12,0,48.4,1,10.4,68.9,2,2,1,0,7
18,2,2,0,0,10.4,12,34,9,2,1,0,9
14,2,10,1,0,9.6,19.2,84.4,4,2,1,0,1
14,4,4,0,0,10.1,13.5,40.9,5,2,1,0,2
8,2,11,0,0,9.6,16.2,88.4,9,3,1,0,1
1,3,11,0,0,9.6,13.1,40.2,2,3,1,0,6
23,1,8,0,0,10.3,22.9,32.8,3,2,0,0,1
10,3,11,0,0,10.3,9.9,21.1,6,2,1,0,1
18,4,12,0,0,9.8,9.9,48.4,9,3,1,1,5
20,3,6,0,0,10,22.5,84.3,3,4,1,0,4
15,6,1,0,14,7.4,11.7,70.8,5,3,1,1,2
23,6,11,0,47.5,1.1,13.5,7.4,3,3,1,0,3
15,5,8,0,0,10.2,24,33.7,6,3,1,0,2
9,0,5,0,0,10.4,20,22.6,8,3,1,0,4
20,1,3,0,43.5,2.5,12.2,75.7,4,2,1,0,1
22,6,2,0,0,10.2,6.1,64.7,4,3,0,0,4
3,5,8,0,0,9.5,24.5,49.3,4,3,1,0,5
21,3,7,0,0,10.2,25.1,77.5,3,3,1,0,0
21,5,6,0,0,9.9,21.6,28.9,2,3,1,0,3
16,3,3,0,0,9.8,9.3,38.8,6,3,1,0,0
19,1,10,0,0,10.2,19.2,38.9,9,2,1,1,4
1,1,3,0,12.7,7.4,12.4,17.1,2,2,1,1,3
21,0,7,0,0,9.8,26.2,28.8,2,3,1,0,0
2,2,4,0,0,9.8,14.6,85.8,1,2,0,0,4
7,2,6,0,0,10.4,22.5,78.9,8,2,1,0,6
20,4,3,0,0,10.4,13.5,54,3,2,1,0,2
13,4,5,0,0,10.4,19.7,35.4,7,3,1,0,4
6,3,8,0,0,10.4,22.4,73.1,2,4,1,0,2
1,5,10,0,0,10.2,15,0.8,3,4,1,0,3
18,0,11,0,0,10.3,10.4,27.4,10,3,1,0,1
12,2,7,0,0,9.7,23.7,61,5,2,1,0,2
21,4,2,0,3.2,9.4,8.5,77,4,3,1,0,1
9,4,5,0,0,9.5,17.2,1.3,9,3,1,0,8
8,0,5,0,0,9.5,20,42.1,7,3,1,0,5
20,5,4,0,0,9.8,14.2,39.4,3,3,1,0,1
3,2,8,0,0,9.9,25.4,30.6,2,3,1,0,1
8,1,8,0,0,10.5,24.8,84,7,3,1,0,2
5,3,10,0,0,10.1,21.1,45.4,3,3,1,0,3
19,6,1,0,0,10.2,5.9,88.8,6,2,1,0,3
9,6,3,0,0,9.9,13.4,88.5,6,4,1,0,3
22,2,5,0,0,9.7,17.1,22.6,3,4,1,0,1
4,1,12,0,0,9.5,6.5,56.6,1,3,1,0,1
1,6,11,0,0,9.9,13.4,60.2,2,3,0,0,2
18,0,1,0,48.8,1.1,10.8,38.2,10,3,1,0,7
9,2,7,0,0,10.2,28.6,31.8,9,4,1,0,3
9,5,7,0,0,10,26,28.2,8,2,1,0,4
21,3,6,0,0,10.4,22.3,71,2,4,0,0,1
23,2,3,0,0,10.2,12.1,57.4,1,3,1,0,0
2,5,5,0,0,10.1,17.9,64.8,3,2,1,0,1
4,3,5,0,0,10.3,15.4,7,3,2,1,0,0
19,6,4,0,0,9.8,18.8,17.1,5,3,1,0,0
22,5,11,0,20,6,11.1,41.5,3,4,1,0,1
17,3,9,0,0,10.2,24,36.3,9,2,1,1,6
17,1,7,0,0,10.2,26.5,27.8,9,3,1,0,5
20,3,3,0,0,9.9,12.5,76.5,2,2,1,0,1
7,5,5,0,0,10.4,21.6,54.5,2,2,1,0,1
21,5,4,0,0,10.4,14.4,35.8,2,2,0,0,5
16,6,9,0,0,10,22.2,42.4,7,2,1,0,2
0,6,4,0,0,10.2,18.3,32.4,3,3,1,0,2
1,6,9,0,0,10.2,25,49,3,2,1,0,1
2,6,3,0,0,9.7,15.7,54.2,4,4,0,0,0
21,1,3,0,19.6,6.1,14.1,16.2,2,2,1,0,0
2,1,4,0,0,10.3,12.7,6,3,3,1,1,2
19,3,8,0,0,9.7,24.8,1.6,10,2,1,0,5
22,0,12,0,0,10.5,12,85.6,2,3,1,0,2
9,4,4,0,43.3,2.6,14.8,33.5,7,3,1,0,4
22,5,9,0,7.5,9.1,25.2,75.9,2,3,1,0,1
17,5,4,0,0,10.1,12.4,18.4,5,4,1,0,1
22,1,3,0,12.1,8,14,16.8,2,2,1,0,0
5,0,4,0,0,10.1,16.8,14.9,3,4,1,0,1
23,6,2,0,0,9.6,9.5,83.1,4,4,1,0,1
10,0,6,0,0,9.8,20.4,39.8,7,2,1,0,1
15,5,6,0,0,9.8,24.4,32.5,5,3,1,0,1
10,0,8,0,0,10,26,14.7,6,3,1,0,1
8,3,8,0,0.8,10,23.8,2.1,8,3,1,0,4
0,0,8,0,0,10,26.8,39.8,3,2,1,0,0
22,4,4,0,0,9.6,12.3,74.4,2,3,0,0,2
1,2,1,0,16.1,6.7,8.8,64.2,2,3,1,0,3
14,4,7,0,0,10.5,27,8.1,7,3,1,0,2
20,2,9,0,0,10,23.3,10.8,2,2,1,0,3
13,3,12,0,0,10.4,10.7,30.4,6,3,1,0,0
1,4,3,0,0,9.8,8.6,81,3,3,1,1,7
5,3,8,0,0,9.7,23.2,55.6,2,3,1,0,0
18,4,8,0,0,10,23.4,41.3,8,3,1,0,3
21,5,1,0,0,9.5,11.5,21.8,3,4,1,0,2
17,2,5,0,0,10.1,16.9,65.1,9,4,1,0,7
7,2,4,0,0,10.4,18.5,56.8,7,2,1,0,1
1,0,5,0,19,6.8,17,62,2,3,1,0,3
11,3,1,0,18.5,6.9,10.9,79.6,7,2,1,0,1
2,0,8,0,0,9.8,29.9,29.9,2,2,1,1,3
9,3,4,0,0,9.6,16,11.1,9,3,1,0,2
12,2,3,0,0,10.5,9.4,39.7,5,2,1,0,2
20,4,2,0,0,9.6,8.5,10.7,3,4,1,1,6
14,6,9,0,0,9.7,18.6,65.2,6,3,1,0,7
23,0,11,1,21.1,6.1,14.9,53.1,1,2,1,0,3
3,6,3,0,0,10,11.9,86,3,3,1,0,2
18,0,2,0,0.6,10.1,7.5,37.4,8,3,1,0,2
19,4,7,0,0,10,23.8,12,10,2,1,0,4
1,6,8,0,0,10.1,28.5,67.7,3,3,1,0,3
8,3,1,0,24.7,5.3,11.8,82.6,7,3,1,0,8
13,1,8,0,0,9.7,23.8,30.6,6,3,1,0,3
14,3,1,0,0,9.6,8,19.7,6,4,1,0,2
7,4,1,0,40.5,3,12,47.8,9,4,1,0,10
2,6,3,0,14.9,7.2,13.3,34.2,4,3,0,0,4
11,6,10,0,0,9.9,16.7,72.1,7,3,1,0,6
11,6,6,0,0,10.4,21,73.1,8,3,1,0,2
10,6,12,0,23.2,5.9,11.1,7.4,7,3,1,0,5
21,6,7,0,0,10.3,25.2,22.9,4,3,1,0,3
0,0,9,0,28.7,4.4,19,12.9,2,3,1,0,4
19,6,8,0,0,9.7,24.3,6.3,5,3,1,0,0
1,4,6,0,0,9.7,21.1,36.7,1,3,1,0,6
6,5,9,1,47.7,1,18.7,79.6,2,2,1,0,7
13,5,7,1,0,9.5,26.8,17.9,4,3,1,0,2
18,1,7,0,0,10.4,26,41.2,9,2,1,0,4
19,0,4,0,0,9.6,13.6,77.5,9,3,1,0,2
12,4,4,0,0,9.7,11.4,55.6,7,2,1,0,2
11,5,12,0,32.9,3.9,12,2.6,6,3,1,0,5
20,0,12,0,25.6,5.3,6.9,84.3,4,3,1,0,7
18,2,1,0,24.2,5.3,6.3,3,8,3,1,0,3
5,4,5,0,0,10.1,15.7,60.3,3,3,0,0,5
22,5,10,0,0,9.9,22,89.9,3,3,1,0,0
8,0,6,0,0,10.5,26,66.4,8,3,1,0,5
21,2,1,0,0,9.9,12.5,67.4,3,2,1,0,2
4,4,12,1,0,9.8,6.6,43.5,2,4,1,0,1
7,0,7,0,0,9.5,25.9,55.6,9,4,1,1,4
20,1,12,0,0,10.4,13,68.4,4,3,1,0,4
12,4,9,1,0,10,23.5,32.8,4,3,1,1,4
7,3,12,0,32.1,4.1,13.1,28.2,8,2,1,0,2
6,1,3,0,0,9.6,9.2,35.5,3,3,1,0,2
18,3,12,0,0,10.3,13,52.2,9,3,1,0,4
18,3,4,1,31.5,4.1,12.6,51.4,8,2,1,0,4
3,1,8,0,0,10.2,22.1,43.9,1,2,1,0,2
21,5,1,0,0,9.8,11.5,0.4,4,2,1,0,2
11,3,8,0,0,9.8,28.1,46.9,7,2,1,0,3
23,1,8,0,0,9.6,28.1,15.7,2,4,0,0,2
10,6,7,0,0,10.2,23.2,86.9,8,3,1,1,7
2,4,6,0,0,10.2,19.5,9.3,2,2,1,1,4
12,3,4,0,0,10.1,14.8,45.6,6,2,1,0,2
0,1,4,0,0,9.5,12.4,59.8,2,2,1,0,1
6,5,12,0,35.7,3.8,7,62,4,3,1,0,6
12,4,8,0,0,9.6,27.6,69.6,6,3,1,0,4
23,4,9,0,0,9.7,18,64.2,2,3,1,0,2
23,0,7,0,0,10.3,23.1,81.2,1,2,1,0,3
22,4,11,0,0,10.5,13.5,50.6,2,3,1,0,3
13,6,7,1,0,10.4,26.3,39.3,5,2,1,0,4
11,4,6,0,0,10,20.1,18.7,6,4,1,0,3
0,0,10,0,32,3.8,17.1,50.6,2,2,1,0,1
14,1,1,0,43,2,10.1,19.3,7,2,1,0,4
13,1,8,0,32.5,3.9,28.2,45.3,7,3,1,0,2
20,5,1,0,0,9.8,11.4,75.5,4,3,1,0,2
14,1,10,0,0,10.2,14,85.2,7,3,1,0,5
11,4,9,0,42.6,2.2,25.8,12.3,6,2,1,0,3
16,0,11,1,0,9.6,9.1,8.2,4,2,1,0,3
2,4,11,1,0,9.5,10.7,45.6,2,3,1,0,2
7,6,7,0,0,10.1,29.8,49.9,3,2,1,0,3
7,1,2,0,15,7.7,10.3,22.8,9,2,1,0,1
18,5,1,0,0,9.8,11,52,5,3,1,0,5
21,1,3,0,0,9.9,11.3,42.1,4,2,0,0,1
18,2,2,0,0,10.3,6.1,19.1,9,3,1,0,4
3,4,4,0,37.9,3.3,16.1,78.5,3,4,1,0,6
10,0,4,0,0,9.6,14.8,37.3,6,3,1,0,1
4,5,11,0,0,10.3,16,5.3,2,3,1,0,0
16,4,3,0,0,9.7,8.1,39.4,6,2,1,0,2
21,1,7,0,0,10,23.5,36.4,3,3,1,0,1
9,2,4,0,0,9.9,16.8,87.5,8,3,1,0,6
3,6,9,0,46.3,2,20.5,39,4,2,1,0,4
11,0,11,0,0,10.5,9.1,54.8,5,4,1,0,0
18,1,5,0,0,9.7,18.9,45.8,9,2,1,0,3
7,6,4,0,0,9.7,16,79.7,2,3,1,0,3
15,6,9,0,0,9.9,22.3,0.7,6,2,1,0,4
21,4,12,0,0,10.2,11.5,81.8,3,3,0,0,5
21,4,6,0,0,10.1,22.6,78.3,2,3,1,0,1
19,1,3,0,0,9.6,14.4,86.7,10,4,1,0,6
18,2,12,0,0,9.8,8.9,5.8,9,2,1,0,5
7,2,7,0,0,10.4,26,38.8,7,4,1,0,4
12,2,8,0,0,10,27.7,58.9,5,2,1,0,1
13,1,9,0,0,9.9,25.7,18.9,6,2,1,0,2
6,0,10,0,0,9.9,18.2,71.2,3,3,1,0,2
12,1,4,1,0,9.9,11.8,14.2,4,2,1,0,0
6,5,7,0,41.4,2.3,29.1,45,3,4,1,0,6
3,0,12,0,20.9,6.5,9.5,88.6,3,3,1,0,2
20,2,8,0,0,10.5,23.2,80.6,3,2,1,0,2
12,5,7,0,0,10.3,23.5,35.1,6,3,1,0,3
16,6,11,0,0,10.2,16.1,12.1,6,2,1,0,2
9,2,8,0,0,10.3,29.3,38.8,7,2,1,0,4
23,2,1,0,0,10.1,5.1,41.8,1,3,1,0,1
11,5,12,1,0,9.9,8,30.6,6,4,1,0,2
18,6,6,0,0,9.6,23.5,72,6,2,1,0,2
5,4,11,0,39.4,2.6,13.1,77.4,2,2,1,0,1
5,3,10,0,0,9.5,16.6,5.1,2,4,1,0,1
19,2,4,1,0,10.2,12.4,4.1,8,3,1,0,4
9,2,1,0,0,10.5,10.4,20.9,8,3,1,0,3
11,5,9,1,0,9.5,21.3,22.9,4,3,1,0,1
20,0,9,0,48.7,1.5,20.2,60.4,4,4,1,0,4
15,1,2,1,13,7.4,10.6,20.8,3,2,1,0,2
0,1,12,0,0,10.2,10,24.9,3,3,1,0,4
0,3,3,0,0,9.6,10.3,79.3,2,2,1,0,2
6,4,11,0,0,9.6,13.3,85,3,2,1,0,2
0,1,7,0,0,10,25.5,11.9,3,3,1,0,3
12,3,9,1,0,9.8,23.2,6,4,3,1,0,2
16,1,10,0,31.4,4.8,15.9,33,6,3,1,1,6
22,6,1,0,40.6,2.7,10.8,41,3,4,1,0,3
19,0,10,0,0,9.6,16.5,74.1,9,3,1,0,4
6,6,11,0,0,9.7,16.2,48.7,4,3,1,0,0
23,0,5,0,0,10,22.1,38.6,2,2,1,0,5
14,6,2,0,0,10.4,10.7,34.8,7,2,1,0,2
8,4,6,0,0,10.2,22.6,82.2,9,3,1,0,4
18,6,2,0,0,10.1,11.1,48.1,6,4,1,0,2
12,0,11,0,34.9,3.9,13.5,30.1,6,3,1,0,2
13,1,2,0,0,9.9,10,44.4,5,3,1,0,1
3,2,12,0,37.4,3,12.3,33.3,1,2,1,0,1
1,3,10,0,0,10,15.3,66,2,3,1,0,2
18,5,8,0,0,9.6,28.9,10.3,7,3,1,0,7
14,6,9,0,0,10.5,19.9,60,8,2,1,0,3
20,5,10,1,0,10.3,17.7,50.2,1,3,1,1,6
12,6,1,1,45.1,1.8,8.2,44.5,5,3,1,0,0
3,1,8,0,0,10.2,22.8,38.7,2,3,1,0,1
22,3,3,0,0,9.5,10.4,46.1,2,3,0,0,2
14,0,3,0,0,10.5,11.2,88.6,5,2,1,0,1
15,1,6,0,0,9.9,22.7,80.2,5,4,1,1,4
22,2,1,0,45.6,1.5,5.2,56.1,3,2,1,0,8
7,5,11,0,48.6,0.9,15.9,88,3,3,1,0,10
10,3,4,0,0,10.3,14.5,50.2,7,4,1,0,1
11,1,7,0,0,9.9,29.9,31.3,6,3,1,1,3
12,4,8,0,0,9.6,28.2,30.9,6,3,1,0,3
10,4,7,0,0,9.7,25.4,3.1,6,3,1,0,0
2,3,10,0,0,10.5,14.6,52.7,2,3,1,0,0
5,3,4,0,0,10.3,13.7,58.2,2,3,0,0,1
8,3,2,0,0,9.6,7.2,63,9,3,1,0,3
14,0,12,0,49.5,0.7,10.2,9.7,6,3,1,1,12
23,0,3,0,0,10,15.4,22.5,2,3,0,0,4
16,0,9,0,11.2,8.2,18.2,89.5,6,4,1,0,1
12,5,4,0,0,10.2,16.3,72.9,7,2,1,0,5
13,0,3,0,45.7,2.2,15.2,86.7,7,3,1,0,4
6,3,3,1,0,9.8,12.1,50.4,3,3,1,0,3
18,1,1,0,42.2,2.6,8,87.2,9,4,1,0,6
9,4,10,0,12.1,7.8,19.4,35.6,8,3,1,0,3
18,2,4,0,6.8,8.5,14.8,13.3,9,4,1,0,7
11,3,5,0,0,10,15.1,29.1,6,3,1,0,1
7,2,5,0,0,10.3,20.4,42.6,8,3,1,0,2
19,3,6,0,0,9.9,26.3,37.3,8,3,1,0,2
2,6,3,0,13.1,7.7,12.9,54.7,4,3,0,0,8
16,0,2,0,0,10.2,6.2,11.7,6,2,1,0,2
14,1,6,0,0,10.5,25.7,25.4,5,2,1,1,3
16,3,11,0,0,10.4,14.1,80,6,3,1,0,2
1,5,2,1,0,9.8,10.4,45.8,1,3,1,0,0
2,5,9,0,0,10.3,24,58,2,4,0,0,3
8,1,6,0,0,10,20.5,41.1,8,4,1,0,1
16,4,6,0,46.3,1.7,22.5,3.1,6,2,1,0,10
10,5,11,0,0,10.1,11.9,45.3,7,3,1,0,0
12,4,12,0,0,10.2,7.4,30.6,5,4,1,1,3
13,5,11,0,0,10.5,12.3,88.8,7,3,1,0,2
13,1,12,0,0,10.4,13,29.3,6,4,1,0,1
2,0,12,0,0,9.7,13.6,29.9,2,2,1,0,2
21,1,9,0,0,10.4,20.8,68.9,3,3,0,0,6
17,5,11,0,0,9.6,11,45.4,6,3,1,0,3
10,0,5,0,0,10.3,19.5,35.8,5,4,1,0,1
16,0,1,0,0,9.9,10.6,81,6,4,1,0,6
22,5,3,0,0,9.7,8.4,89.5,2,2,1,0,2
8,1,4,0,0,10,16.4,61.2,8,2,1,0,6
6,5,2,1,0,10.1,10.8,23.1,2,3,1,1,3
13,0,11,0,0,10,11.1,35.5,7,3,1,0,2
23,0,8,0,0,9.8,23.8,35.1,2,2,1,0,0
11,6,4,0,0,10.4,14,13,7,3,1,0,2
23,0,8,0,0,10.2,27.3,15.8,2,4,1,0,2
23,5,2,0,0,9.8,11.6,71,2,3,1,0,6
18,6,1,0,30.5,4.3,12.1,36.1,7,2,1,0,4
21,0,7,0,0,10,27.9,86.4,3,4,1,0,1
6,5,11,0,0,10.3,16,61.9,3,4,1,0,3
20,1,10,0,0,9.9,17.7,62.7,3,3,1,0,4
19,3,10,0,0,9.8,19.6,16.5,10,3,1,1,4
4,3,9,0,0,9.8,18.2,5.8,2,3,1,0,2
23,4,2,0,31.5,4.2,11.8,31.8,2,2,1,0,4
11,1,12,0,0,10.2,13,80.8,5,4,1,0,1
22,1,10,0,0,9.9,15.1,76.8,2,3,1,0,2
13,2,8,0,0,10.2,28.8,44.9,6,4,1,0,0
21,1,9,0,0,10.4,19,49.6,3,4,1,0,2
9,6,6,0,0,9.8,19.9,1.1,7,2,1,1,7
2,4,4,0,0,10.2,18.6,33.9,3,4,1,0,1
9,6,8,0,0,9.9,23.8,85.7,7,2,1,0,4
2,2,1,0,0,9.7,12.1,44.9,2,3,1,0,0
9,0,6,0,23.9,5.9,19.2,43,9,3,1,0,7
23,2,10,0,0,9.9,16.4,87.9,1,3,1,0,4
19,5,11,0,0,9.9,9.9,10.2,6,3,1,0,4
13,1,10,0,0,9.8,17.8,25,6,2,1,1,1
14,3,6,0,0,10.3,26.3,7.3,6,3,1,0,1
18,6,11,0,0,9.6,10.5,53.5,6,2,1,0,1
9,2,12,0,16.4,6.9,6.3,65.6,7,2,1,0,5
4,1,10,0,0,10.4,20.2,68.7,2,2,1,0,3
18,5,9,1,0,10.3,22,65.7,3,3,1,0,8
6,3,7,0,0,10,23.8,57.7,3,2,1,0,1
18,3,11,0,0,10.3,16.4,87.8,10,2,1,0,4
12,1,10,0,0,10.5,19.9,61.8,5,3,1,0,2
11,1,8,0,0,9.9,22.1,55.9,6,4,1,0,1
14,2,4,0,0,10.5,18.6,39.8,6,4,1,0,0
18,6,9,0,25.5,5.4,18.1,29.6,6,2,1,0,6
19,2,1,0,0,10.5,7.8,71.8,10,3,1,0,2
3,2,7,0,0,10.3,28.6,16.5,3,3,0,0,3
23,4,3,0,5.6,8.7,15,38.3,1,2,1,0,1
17,2,11,0,43.1,2.5,15.1,83.6,9,2,1,0,8
7,5,6,0,0,9.8,25,57.5,4,3,1,0,3
22,6,12,0,0,10,6.5,56.5,4,3,1,0,4
1,4,1,0,0,9.5,7.3,33.3,3,4,0,0,2
16,5,2,0,0,9.6,8.7,33,6,3,1,1,1
8,3,11,0,2.6,9.9,11.7,27.1,9,3,1,0,2
18,4,11,1,0,9.8,15.3,56.1,7,4,1,0,8
9,3,3,0,0,9.8,12.1,66.9,8,3,1,0,1
9,6,11,0,32.5,4.5,13.9,74.7,7,4,1,0,7
22,6,12,0,0,10.3,9.3,56.9,4,2,1,0,2
18,4,8,0,0,9.5,26.7,87.2,10,3,1,0,5
19,0,11,0,3.2,9.3,11.6,83.5,9,2,1,0,2
13,0,3,0,0,10,9.4,78,7,3,1,0,3
8,2,1,0,0,10.1,9.9,40.6,8,2,1,0,1
15,0,7,1,0,9.9,29.5,7.4,5,3,1,0,3
3,2,3,0,0,9.8,13.3,66.6,1,3,1,0,5
7,5,8,0,0,10,28.6,12.2,3,3,1,0,5
15,5,7,1,0,9.8,27.4,28,4,3,1,1,3
4,2,6,0,10.3,8.5,22.4,13.7,1,3,1,0,4
4,6,11,0,24.3,5.1,12.2,48.7,3,3,0,0,2
5,3,2,0,15.7,7.4,7.5,55.6,2,2,1,0,1
7,1,3,0,22.6,6.2,11.5,39.1,8,3,1,0,9
18,2,5,0,0,9.6,18.3,31.2,10,2,1,0,8
12,5,7,0,0,9.7,23.5,17.2,7,4,1,0,1
14,4,1,0,45.8,1.8,9.3,17,5,3,1,0,3
12,3,5,0,12.9,7.3,15.5,10.7,6,3,1,0,4
3,2,5,0,0,9.7,18.9,81.8,2,2,1,1,2
12,6,7,1,0,9.7,27.7,31.8,5,2,1,0,2
4,2,8,0,0,9.6,29.4,30.3,2,3,0,0,5
13,1,2,1,4.3,9.6,12.8,80.1,4,4,1,1,3
19,3,11,0,0,9.9,12.2,84,8,3,1,0,6
7,3,4,1,0,10,18.4,67.9,6,2,1,0,2
1,2,12,0,39.9,2.8,11.1,88.6,3,3,1,0,6
14,1,9,0,0,9.7,22.8,74.4,5,3,1,0,3
9,4,11,0,34.4,4.2,11.4,69.4,8,2,1,0,5
15,6,11,0,0,10.2,11.2,38.6,6,3,1,0,2
20,5,6,0,0,10.4,23.4,48.6,3,2,1,0,2
18,0,12,0,0,9.6,11,7,8,3,1,0,1
6,1,4,0,0,10.2,15.6,23.8,2,2,1,0,0
19,5,4,0,0,9.8,11.1,84.2,5,2,1,0,5
12,3,4,0,0,9.8,18.2,85.8,5,2,1,1,1
19,6,10,0,0,10.2,14.4,68.6,6,4,1,0,1
22,0,1,0,0,9.8,11.2,71.8,1,3,1,0,2
13,1,6,0,32.8,3.6,24.6,72.6,7,3,1,0,3
5,2,10,0,44.2,2,16.3,59.8,2,3,1,0,1
15,6,11,0,0,10.3,14.6,61,6,3,1,0,6
22,0,7,0,0,9.7,25.8,9.5,3,2,1,0,1
9,5,9,0,0,9.8,21.3,19.5,8,2,1,0,4
0,5,7,0,0,10.4,24.5,4.8,3,4,1,0,0
3,5,2,0,0,10.4,9.7,34.8,2,2,1,0,4
20,0,8,0,0,10.5,25.8,34.3,4,3,1,0,0
18,0,11,0,0,10.2,11.5,77,10,4,1,1,5
8,1,5,0,48,1.6,21.7,75.3,8,3,1,0,6
1,5,7,0,0,9.6,22.6,7.1,4,3,1,0,4
19,1,4,0,0,9.9,12.2,76.1,9,3,1,0,3
8,4,6,1,16.5,7.4,19.8,62.2,5,4,1,0,7
15,4,10,0,24.4,5.5,20.7,67.4,6,3,1,1,3
3,5,11,0,0,9.8,11.3,27.6,3,2,1,0,6
21,3,9,0,0,10.5,24.7,6.9,4,4,1,0,0
0,6,10,0,45.6,1.4,16.6,35.8,3,3,1,1,5
19,2,8,0,0,9.6,24.1,65.7,9,3,1,1,5
20,0,2,0,0,9.5,11.5,65.1,4,3,1,0,3
17,5,12,0,0,10.3,6.7,11,7,2,1,0,5
7,0,3,0,0,9.6,8,62.1,9,3,1,0,3
14,5,2,0,9.9,8.5,10,63.8,6,2,1,0,6
4,0,10,0,29.9,5,16.1,33.3,2,2,1,0,1
21,2,10,0,0,10.3,15.8,78.3,3,2,0,0,4
22,4,4,0,0,9.7,12.7,52.6,2,2,1,0,3
4,0,4,0,44.5,1.6,16.2,4.6,1,3,1,0,5
9,5,12,0,7.4,8.9,7.5,77,8,3,1,0,11
0,4,6,0,0,10,22.8,15.3,1,2,1,0,1
20,0,9,1,0,10.1,21.6,33.5,2,2,1,0,2
17,4,4,0,32.1,4.7,14.5,66.6,8,2,1,0,8
15,0,1,0,18.1,6.9,9.1,11.7,5,3,1,0,0
3,6,9,1,0,9.7,23.2,20.9,3,2,1,0,6
23,2,4,0,0,9.9,13.4,28.9,3,2,1,1,4
21,5,7,0,0,9.6,26.6,88.8,3,4,1,0,3
7,3,4,0,0,9.8,11.5,43.9,8,3,1,1,6
1,0,5,0,0,9.6,18.8,72.6,2,3,1,0,1
8,3,4,0,0,10.4,11.5,38.2,8,2,1,0,5
20,0,3,1,0,9.7,15.2,65.5,2,3,1,0,5
17,0,10,0,0,10.5,17.3,77.4,10,4,1,0,8
9,1,1,0,46.4,1.8,12.2,87.6,9,4,1,0,6
15,6,6,0,0,9.7,26.4,2.2,5,3,1,0,0
1,2,12,0,31.7,3.8,6.6,22.9,3,3,1,0,0
1,0,1,0,15,7.2,11.8,22.7,2,3,1,0,4
17,4,10,0,0,9.9,16.5,38,8,2,1,0,4
5,5,2,0,0,9.7,11.3,5.4,3,3,1,0,1
0,3,2,0,31.8,4.5,9.8,72.4,3,4,1,0,3
7,6,3,0,23.2,5.8,9.3,27.7,3,3,1,0,8
9,0,11,0,44.8,1.5,9.7,71.9,7,3,1,0,13
9,4,10,0,0.7,10,17.1,76.6,9,3,1,0,7
0,5,8,0,0,10.2,27.4,43,4,3,1,0,2
4,2,2,0,0,10,9.4,76.2,2,3,1,0,3
19,0,10,0,18.6,6.5,16,30.8,9,3,1,0,4
11,3,8,0,0,10.1,28.8,39.2,7,4,1,0,5
15,3,2,0,0,10,12.8,85,5,3,1,0,4
9,0,11,0,0,10.1,13.3,41.2,8,3,1,0,5
10,5,6,0,0,9.9,25.7,67.8,7,2,1,0,2
10,0,10,0,0,10.3,19.5,14.4,7,3,1,0,2
12,4,6,0,0,10,26.6,50,7,2,1,0,2
7,3,7,0,0,10.3,23.5,41.8,8,3,1,0,5
11,0,1,0,0,9.9,5.8,31.9,6,3,1,0,1
3,3,5,0,6,8.6,20.4,52.4,1,4,1,0,2
19,0,6,0,0,9.6,24,12.8,8,4,1,1,6
15,2,4,0,0,10.1,16.7,68.2,6,3,1,0,0
22,3,11,0,0,10.1,9.9,58,1,3,1,0,2
17,3,10,0,0,10.4,18.7,8.6,8,2,1,1,4
11,4,7,0,0,10.1,24,19.5,7,3,1,0,2
21,5,5,0,0,9.8,16.9,64.8,2,4,1,0,0
7,0,12,0,0,10.3,11.5,7.1,8,2,1,0,3
6,1,7,0,0,9.8,28.7,57,3,4,1,0,1
17,5,8,0,0,10.4,27.9,79.2,6,3,1,0,2
13,3,3,0,0,10,12.3,82.7,5,3,1,1,7
23,2,2,0,0,9.6,10.1,12.7,2,3,1,0,1
2,1,10,0,0,10.3,16,5.1,3,3,1,0,0
19,3,4,0,0,9.6,12.7,18.8,8,2,1,1,2
12,3,4,0,11.3,7.5,11.4,62.8,5,4,1,0,2
14,2,7,0,0,10.5,22.1,84.9,6,4,1,0,3
19,3,11,0,44.3,1.5,14.3,85,9,3,1,0,11
8,6,12,0,0,9.6,13.3,28.2,2,3,1,0,1
8,6,8,0,0,10.2,22.2,70.8,4,3,1,1,10
4,3,7,0,0,10.4,28.9,71.7,3,3,0,0,5
10,3,6,1,0,9.7,22.2,23.5,3,3,1,0,3
23,6,8,0,0,9.6,26.1,44.9,3,2,1,0,2
17,0,2,0,0,10.4,8.8,44.1,9,3,1,0,3
8,5,5,0,0,10.5,21,56.2,4,2,1,0,3
11,6,1,1,0,9.7,10.4,59.2,6,2,1,0,3
4,2,2,0,0,10,8.4,78.7,3,3,0,0,2
17,0,5,0,0,10,20.4,20.3,9,3,1,0,3
14,6,2,0,25,5,11.5,78.4,7,2,1,0,1
14,3,9,0,0,10.5,20.9,39.3,6,3,1,0,1
13,3,3,0,0,9.7,14.6,49.8,5,3,1,0,1
20,4,3,0,47.6,1.7,13,48.1,2,3,1,0,6
18,4,5,0,0,10.1,21.2,53.2,10,3,1,1,4
17,1,7,0,28.2,4.5,24.9,74.1,8,2,1,0,5
7,2,6,0,0,10.1,21.5,35.2,9,2,1,0,4
12,6,12,0,0,9.6,12.2,21.9,8,3,1,0,3
8,2,1,0,0,10.4,8.1,24.1,8,3,1,0,4
3,6,9,0,0,9.8,18.9,5,2,2,1,0,1
7,6,12,0,0,9.7,6.2,0.5,3,2,1,0,3
19,5,11,0,14.2,7.8,14.5,42.3,6,2,1,0,4
17,6,4,1,0,9.6,16.2,51.9,3,3,1,0,2
1,2,11,0,0,9.6,14,83.5,2,3,1,0,2
9,1,8,0,0,10,26,70.6,8,3,1,0,2
17,2,2,0,0,9.6,7.5,14.1,9,2,1,0,4
11,0,4,0,0,10.2,18,57.2,5,2,1,0,0
9,0,3,1,0,10.3,11.9,56.9,5,3,1,0,4
4,3,7,0,0,10.3,26.5,80.4,2,3,1,0,1
4,5,6,0,0,9.5,26.8,33,2,2,1,0,3
9,4,2,0,49.4,0.7,7.8,38.7,8,2,1,0,10
13,4,2,0,0,10.1,13.9,82.5,6,2,1,0,2
17,4,8,0,0,9.7,27.4,4.2,8,3,1,0,4
7,0,11,0,7.7,8.1,14.8,59.3,8,3,1,1,7
15,5,3,0,0,10,11.8,45.6,6,3,1,0,3
16,0,9,0,0,9.6,19.5,76.9,6,2,1,0,2
14,3,1,0,0,9.6,10.5,35.7,5,3,1,0,3
6,3,8,0,0,9.7,27.2,6.1,3,3,1,0,0
12,6,9,0,0,10.4,19.3,52.9,7,2,1,0,2
0,3,9,0,0,10.1,19.3,25.7,2,3,1,0,1
1,4,1,0,36.4,3.6,12.3,31.1,2,3,0,0,6
13,6,6,0,0,10,24.9,12.2,6,2,1,0,2
22,3,12,0,16.3,7.2,13.1,42.9,2,2,1,0,1
22,1,8,0,0,10.1,24.7,83,1,2,1,0,2
2,2,6,0,0,9.6,24.1,39.6,2,3,1,0,0
15,5,6,0,0,10,23.8,86.9,6,2,1,0,4
20,6,10,0,0,9.5,16.5,1.3,4,3,1,0,2
3,2,8,0,0,9.9,22.9,55.3,2,4,1,0,2
9,1,5,0,0,9.9,16.4,16.1,8,3,1,0,3
21,0,2,0,0,9.6,10.1,39.4,4,2,1,0,2
6,6,9,0,0,9.9,19.2,58.2,3,4,1,0,2
2,0,4,0,0,9.8,15.4,50.4,2,3,1,1,2
4,3,4,0,20.2,5.9,11.6,74,2,3,0,0,2
19,6,1,0,0,9.5,9.8,38.7,6,4,1,0,3
1,0,2,0,0,9.8,9.2,58.9,3,4,1,0,2
20,2,3,0,33.4,4,12.1,80.4,3,2,1,1,4
12,4,2,1,0,10.1,11.4,36.4,5,2,1,0,0
21,2,1,0,0,10.5,8.3,15.9,4,3,0,0,2
21,3,6,0,0,10.2,21.8,76.3,4,3,1,0,1
13,0,3,0,0,10.4,9.5,75.5,7,3,1,0,3
10,4,12,0,4,9.1,8.6,86.6,7,4,1,0,2
3,3,5,0,33.1,4.2,23,54.3,2,4,1,0,3
22,2,6,0,0,10.4,26.3,62.4,2,4,1,0,3
12,5,5,0,0,10.3,21.3,72.5,6,3,1,0,5
19,4,8,0,0,9.7,26.1,52.1,8,3,1,0,1
4,3,6,0,0,10,25.2,87.1,3,2,1,0,0
20,2,8,0,0,9.9,28.8,47.6,3,3,1,0,1
3,5,3,0,10.6,7.9,8.4,78.2,3,3,1,0,4
9,1,6,0,0,10.3,26.3,77.1,8,4,1,0,4
3,6,2,0,8,9,10.1,28.7,3,3,0,0,3
1,2,1,0,0,10.4,10.8,57.5,3,3,1,0,5
13,2,8,0,0,10,26.2,23,6,3,1,0,4
15,3,11,0,0,10.2,14,56,7,2,1,0,2
8,2,2,0,0,10,7.8,45.6,8,4,1,0,1
4,5,10,1,0,10.4,14.8,54.3,2,2,1,0,4
20,2,12,0,0,9.6,11.2,51.7,4,2,1,0,0
9,6,8,0,0,9.6,28.7,67.4,8,3,1,0,1
0,6,1,0,26.7,5,9.9,50.7,4,3,1,0,2
3,5,3,0,44.9,1.5,13.2,38,2,4,1,0,11
21,6,7,0,0,10.4,27.4,42.8,2,2,1,0,2
15,1,11,1,0,10.1,14.9,27.9,4,3,1,0,2
22,4,7,0,0,10.2,29.8,68.4,2,2,1,0,1
18,5,3,0,0,10.2,14.8,40.5,7,4,1,0,1
14,0,6,0,0,9.7,19.7,81.7,7,2,1,1,5
23,2,7,0,0,10.1,28.4,65.5,2,2,0,0,1
8,0,2,1,32.9,3.9,9,27.4,6,4,1,0,8
1,2,1,0,1.5,10,10.8,21.7,1,3,0,0,2
20,0,7,0,0,10.5,24.7,76.5,4,2,1,0,4
19,0,8,0,44.6,1.9,26.6,5.6,9,4,1,0,4
3,3,10,1,0,10.4,14.5,51.9,2,2,1,0,3
6,0,10,0,0,9.9,18.5,56,3,3,1,0,3
16,1,1,0,0,10,7.5,42.2,7,3,1,0,1
6,3,6,0,0,10.2,23.3,38.8,2,3,1,0,0
22,1,1,0,0,10.1,8.5,80.9,2,3,1,0,2
6,3,8,0,0,9.6,28.7,34.4,4,3,1,0,1
17,1,5,0,0,10.4,20.1,74.9,10,2,1,0,5
6,5,2,0,0,10.1,9.8,48.5,4,2,1,0,1
3,4,12,1,40.5,3,6.2,81.2,2,3,1,0,4
3,4,4,0,0,10,15.5,8.4,3,4,0,0,4
16,6,7,0,21.4,6.6,22.6,86.5,6,2,1,0,6
8,1,1,0,0,9.6,12.8,30.8,8,3,1,0,3
15,5,11,0,0,10.2,10.4,89.9,5,2,1,0,3
14,2,10,0,0,10.3,19.5,55,6,3,1,0,1
8,4,6,0,0,9.7,21.9,53.9,7,2,1,0,6
15,5,8,1,0,9.8,27.4,38,3,3,1,0,2
8,2,9,0,26.4,4.8,19,58.3,8,3,1,0,9
6,3,6,1,0,10.1,20.9,41.7,3,3,1,0,2
8,5,3,0,17.8,7,14.3,79.7,3,3,1,0,0
6,1,6,1,0,9.8,24.5,69.4,2,2,1,0,2
9,0,8,0,0,10,23.5,66.1,8,4,1,0,5
20,2,9,0,0,9.9,22.2,33,3,4,1,0,0
6,5,11,0,0,10,15.8,5.7,3,2,1,0,1
6,6,5,0,0,10.4,22.5,39.9,4,3,1,0,2
23,3,2,0,0,10.1,10.3,0.7,1,4,0,0,4
5,5,3,0,0,10.5,15,35.1,4,3,1,0,2
12,2,5,0,16.7,6.9,22.5,13.8,6,4,1,0,2
8,6,3,0,0,9.9,9.7,5.1,2,4,1,0,4
19,4,5,0,19.5,6.8,16.6,64.8,9,2,1,0,4
15,4,6,0,0,9.6,19.5,37.9,5,2,1,0,3
5,2,11,1,0,10.1,9.6,19.3,1,3,1,0,1
17,4,9,0,0,10,18.7,80.6,9,3,1,0,3
13,4,1,0,28.1,4.9,7.1,69.3,5,3,1,0,3
22,3,8,0,0,10.1,29.6,69.8,1,3,1,0,0
9,1,9,0,0,9.5,22.7,42.2,9,3,1,0,3
3,4,1,1,0,10.2,7.2,15,1,4,0,0,3
12,0,4,1,0,9.6,11.6,47.5,4,2,1,0,3
17,4,2,0,0,10.1,7.3,37.3,8,3,1,0,3
17,4,2,1,0,9.6,6.3,87.6,8,3,1,0,5
17,5,1,1,0,10.5,6.4,76.6,4,3,1,0,2
8,3,10,0,0,9.7,17.2,84.2,8,3,1,0,2
22,4,9,1,0,10.4,23.5,79.9,2,2,0,0,2
4,2,2,1,0,10.1,9,10.8,1,3,1,0,1
7,5,3,1,0,9.7,14.9,84.1,3,2,1,0,0
9,0,11,0,0,10.1,12.4,30.4,7,2,1,0,4
6,1,10,0,0,10,19.6,2.5,3,2,1,0,1
1,0,12,0,0,10.1,8.1,32.6,3,2,1,0,4
23,5,5,0,0,10.1,15.5,45.2,4,3,1,0,0
12,2,2,0,0,10.1,9.2,1.4,6,3,1,0,0
10,0,12,0,40.8,2.6,11.1,72.2,6,2,1,0,6
19,5,7,0,0,10.2,27.1,74.8,6,2,1,1,9
15,3,5,0,0,9.6,22.7,77.4,6,4,1,0,3
9,2,10,0,28.2,4.5,15.2,55.5,7,3,1,0,6
4,4,5,0,0,9.5,21.3,2.2,2,2,1,1,3
1,1,4,0,0,9.6,11.5,38.5,1,3,1,0,2
8,5,2,0,9.7,7.8,10.6,26.9,2,3,1,0,1
14,4,1,0,0,10.1,9.4,40.1,6,2,1,0,3
17,1,10,0,0,9.9,21.6,12.3,8,3,1,0,4
17,6,6,0,0,9.5,21.1,31.8,6,2,1,0,6
14,0,10,0,21.9,5.6,18.2,56.6,7,2,1,0,4
5,5,12,0,0,10.3,6.9,68.6,2,3,1,0,4
1,6,6,0,0,10,26.1,66.1,3,2,1,0,1
13,5,8,0,0,9.6,27.5,5.9,8,2,1,0,4
11,3,5,0,0,9.8,20.7,2.2,6,2,1,0,1
13,3,4,0,0,9.6,16.5,57,6,3,1,0,1
14,4,3,0,20.7,5.9,11.8,15.1,6,2,1,0,2
2,4,11,0,0,9.9,11.6,72.5,1,3,1,0,3
7,1,10,0,0,10.3,18.4,57.7,8,2,1,0,4
21,2,3,0,0,9.7,10,59.5,3,3,1,0,0
8,1,5,1,0,10.2,20.7,72.4,6,2,1,0,2
12,1,1,0,27.2,5.5,11,66,6,3,1,0,6
20,0,7,0,0,9.7,25.2,42.6,3,2,1,0,2
17,1,1,0,0,9.9,9.1,89.6,8,3,1,0,0
16,0,11,0,3.9,9.5,9.3,85.5,5,3,1,0,2
5,3,2,0,19.2,7,12.5,41.2,3,3,1,1,3
4,6,3,0,37.3,2.8,10.7,58.5,2,4,1,0,2
9,3,7,0,0,10,26.5,87.6,8,2,1,0,4
15,6,12,0,4.2,9.1,7.7,52.2,6,3,1,0,0
5,0,4,0,3,9.2,15,6.5,2,3,1,1,3
13,5,11,0,0,9.5,14.6,22.3,6,3,1,0,1
7,3,10,0,0,10,21.2,51.1,9,2,1,0,7
7,4,6,0,0,10.1,24.8,21.9,9,2,1,1,3
21,0,6,0,0,10.3,25.2,14.3,4,4,1,0,0
18,2,7,0,0,9.8,29.9,76.4,9,2,1,0,5
13,1,5,0,0,9.8,16.5,73.5,6,3,1,0,0
7,6,3,0,0,9.9,13.6,87.7,2,4,1,0,5
15,2,2,0,0,9.8,7.8,79.9,6,4,1,0,3
2,6,9,0,0,10,21.9,44.6,3,3,1,0,4
16,5,4,0,0,10.4,18.2,17.1,6,3,1,1,2
11,6,7,0,6.5,8.8,26.1,55.6,8,3,1,0,8
0,1,9,0,0,9.5,19.7,23,2,3,1,0,3
3,0,9,0,0,10.1,22.7,82.6,1,3,1,0,3
19,2,1,0,0,9.9,7.3,32.3,8,3,1,0,3
20,1,9,1,45.4,1.8,24,0.3,2,2,1,0,6
18,3,1,0,0,10.4,11.6,36.7,10,4,1,0,2
12,3,1,0,14.9,7.2,9.8,63.2,5,2,1,0,3
19,3,6,0,0,9.9,22.1,1.5,9,3,1,0,1
6,1,9,0,0,9.8,23.6,85.7,3,3,1,0,4
14,6,6,0,5.8,9.1,20.5,88.3,8,3,1,0,3
18,1,8,0,0,9.7,27.9,54.7,10,3,1,0,4
6,2,12,0,0,10.1,10.8,82.8,3,3,1,0,3
7,0,7,0,0,9.8,28.9,87.8,8,2,1,0,2
3,1,7,0,0,9.9,25.9,32.5,2,4,1,0,1
19,3,8,0,21.4,6,28.2,52.4,8,2,1,1,11
18,3,7,0,0,9.7,25.1,43.8,10,3,1,0,6
18,0,5,0,0,9.8,15.3,65.2,9,3,1,1,4
4,2,5,0,0,10,18.3,5.5,2,3,1,0,5
3,2,7,0,0,10,29.9,84.7,1,3,1,0,1
0,4,11,0,0,10,9,64.8,2,2,1,0,3
10,3,8,0,0,10.5,25.8,69.4,7,3,1,0,2
2,4,7,0,0,9.9,28.1,47.5,1,2,1,0,2
0,1,3,0,0,9.8,14.6,46.4,2,3,1,0,2
0,6,6,0,0,10.5,25.4,73.5,4,4,1,0,2
17,5,1,0,0,10.4,9.9,80.7,7,2,1,0,7
11,3,9,0,0,9.5,25.4,54.1,7,2,1,1,2
8,0,6,0,0,10.2,24.6,13.1,8,3,1,0,2
23,6,10,0,12.5,7.5,16.6,84.5,3,2,1,0,3
13,6,12,0,29,5.1,11.7,32.8,7,3,1,1,3
15,1,11,0,0,10.3,10.7,57.1,6,4,1,0,1
2,1,11,0,38.1,2.9,16.8,40.9,1,3,1,1,13
5,2,11,0,0,9.6,16.9,60.2,2,4,1,0,1
7,6,9,0,0,10.3,24.8,22,4,2,1,0,1
23,2,1,0,0,10.4,6.1,23.4,3,4,0,0,2
12,4,1,0,0,9.6,10,70.4,6,3,1,0,2
0,1,2,0,15.8,7.6,10.8,22.5,3,2,1,0,1
18,1,12,0,18.1,7.2,13.6,50.4,8,3,1,0,5
5,5,10,0,0,9.5,16.6,32.8,3,4,1,0,4
12,6,6,0,0,10.2,25.7,72.9,7,3,1,0,1
18,5,6,1,0,10,25.1,49.2,4,2,1,0,7
14,4,4,1,0,10.1,15.5,73.2,4,3,1,0,6
10,6,7,0,0,10.2,27.1,0.3,6,2,1,0,3
14,6,6,1,0,10.4,24.3,3.1,5,4,1,0,0
12,6,10,0,0,10.5,15.7,1.9,7,3,1,0,2
5,0,3,0,0,10.3,14.2,1.2,2,4,1,0,3
2,1,1,0,0,10,6.4,61.3,2,4,1,0,1
13,0,11,0,0,10.2,11.2,6,5,4,1,0,1
13,2,3,0,0,10,8.9,61.6,7,2,1,1,0
23,3,2,0,0,9.7,8.6,89,3,2,1,0,0
23,3,7,0,0,10.4,26.4,2.2,2,3,0,0,1
4,6,5,0,0,10.5,18.8,3.4,2,3,1,0,3
19,1,2,0,0,9.5,9.7,72.6,8,4,1,0,3
3,5,2,0,0,10.3,8.2,57.4,3,4,1,0,5
20,3,12,0,0,10.2,8.2,44,3,2,1,0,0
18,6,10,0,0,10.1,19.9,84.7,6,3,1,0,4
6,1,5,0,30.8,4.5,15.2,41.7,2,2,1,0,4
22,6,10,0,0,10.2,21.6,19,2,2,1,0,0
20,1,1,0,0,10,5.7,72.1,2,3,1,0,5
8,4,11,0,44.5,2,12.4,62.5,7,3,1,0,7
2,0,3,0,0,10,8,47.8,1,4,0,0,4
13,3,4,0,0,9.6,14.6,0.6,6,3,1,0,1
23,6,5,0,0,9.7,22,75.6,3,3,1,0,1
5,2,8,0,0,10.1,26.6,62.5,2,2,1,0,0
20,3,1,0,33.6,3.7,8.8,74.6,2,4,1,0,3
14,6,11,0,0,10.5,9.8,54.9,7,4,1,0,1
20,2,8,0,0,10.2,25.3,63.2,3,4,1,0,3
16,6,5,0,38,3.3,19.6,87.5,7,2,1,0,5
21,6,4,1,0,10,13.8,7.5,2,3,0,0,3
22,4,8,0,0,10.3,29.4,25.6,1,4,1,0,1
17,3,12,0,20.7,6.3,7,57.6,8,3,1,0,6
21,1,9,0,16,6.9,24.3,34,3,2,1,0,1
4,5,9,0,0,9.9,20.1,23,2,3,0,0,5
12,6,10,0,0,10.4,14.9,53.3,6,3,1,1,1
21,1,11,0,0,10.1,9.2,56.4,3,4,1,0,1
22,4,1,0,0,10,9.1,10.4,2,2,1,0,0
17,6,4,0,0,10,16.1,78.6,5,3,1,0,5
6,2,4,0,0,10.2,13.8,36.7,4,2,1,0,2
3,2,11,0,0,10.1,14.3,79.8,2,3,1,0,2
17,5,1,0,24,5.3,8.5,44.1,5,3,1,0,6
8,3,10,0,0,10.4,14,17.3,9,3,1,0,2
12,2,2,0,0,9.8,12,3,6,2,1,0,1
13,5,6,0,0,10,26.4,21.4,8,3,1,0,1
0,4,1,0,0,10.2,6,47.3,2,2,1,0,0
6,3,9,0,0,10.4,23.9,56.7,4,4,1,0,0
6,0,8,1,0,10,29.2,38.2,2,2,1,0,3
3,2,5,1,0,10.2,22.8,89.3,1,2,1,0,2
5,6,12,0,0,10.4,11.3,36.8,3,2,1,0,1
18,6,11,0,0,10.2,13.9,31.6,5,3,1,0,3
16,4,6,0,0,10.4,24.2,23.6,6,4,1,0,2
19,0,6,0,0,10,20.7,62.8,8,3,1,1,11
1,1,8,0,0,10.1,27.8,8.6,2,3,0,1,4
8,2,9,0,0,9.8,20.1,75.8,8,2,1,0,5
15,5,3,0,0,10.1,13.3,32,7,2,1,0,6
21,4,3,0,0,10.4,14.1,78.6,3,2,1,0,2
3,2,12,0,39.1,2.8,7.2,63.3,2,4,0,0,2
11,0,10,0,0,10.2,21.2,27.7,6,3,1,1,4
9,4,8,0,0,9.7,29.2,4.9,8,2,1,0,2
19,0,11,1,0,10.3,11,57.7,7,4,1,1,1
4,0,11,0,16.1,7.5,12.8,31,1,3,0,0,6
4,2,9,0,0,9.9,22.3,2.2,3,3,1,0,1
12,2,9,0,0,9.6,19.4,31.7,6,3,1,0,1
19,4,6,0,0,10.1,23.1,25.9,8,2,1,0,1
21,5,7,0,0,9.5,26.8,30.1,2,2,1,0,1
20,3,6,0,0,10.1,20.3,51.7,4,4,1,0,2
19,5,10,0,0,10,14.7,46.8,7,4,1,0,6
0,6,10,0,0,9.9,22,20.1,3,3,1,0,3
16,4,10,0,0,9.6,19.1,8.2,7,4,1,0,2
16,5,1,0,39.6,2.8,7.5,65.3,7,3,1,0,3
21,0,3,0,16.3,7.4,10.4,12.6,3,3,1,0,1
14,3,10,0,0,10.3,19.1,37.4,5,2,1,0,0
6,0,9,0,0,10.1,20.5,15.4,2,4,1,0,0
22,1,4,0,0,10,18.7,16.3,2,3,1,0,1
22,3,5,0,0,10.4,17.3,11.3,3,2,1,0,0
3,3,5,0,0,9.6,20.9,4,2,4,0,0,2
21,3,1,0,0,10.4,8,86.4,2,3,1,1,2
21,3,1,0,5.2,9.3,12,24.2,3,4,1,0,5
8,5,12,0,18.5,6.6,11.1,67.6,4,2,1,0,3
10,5,6,0,0,9.5,22.2,6.9,6,2,1,0,0
11,5,9,0,18.5,6.8,19.6,4.6,7,3,1,0,5
7,4,6,0,38.6,3.1,26.1,55.1,9,3,1,0,4
22,1,4,0,31.4,4.6,12,56.7,1,4,1,0,2
14,6,6,1,0,10.3,21.8,29.1,5,3,1,0,5
23,5,12,0,14.8,6.9,7.9,5.5,2,2,1,0,6
10,4,2,0,0,9.6,8.4,64.7,7,2,1,0,2
17,3,11,0,0,9.6,9,69.4,9,3,1,0,3
0,1,4,0,0,9.6,11.2,17.2,2,3,1,0,0
21,1,6,1,0,10,19.8,83.9,2,2,1,0,0
15,3,3,0,0,10.2,10.2,66.2,7,3,1,1,7
8,0,9,0,0,9.5,18.4,22.1,9,3,1,1,2
10,3,8,0,0,9.6,28,82.3,5,2,1,0,3
22,3,8,0,0,9.7,24.4,85.2,1,3,1,0,4
23,6,2,0,0,9.8,11.8,19.6,3,2,1,0,0
18,6,12,0,0,10.4,13,61.9,7,3,1,1,6
0,4,11,0,0,10.1,10.8,78.7,2,2,1,0,3
14,2,2,0,17.4,7.2,11.8,83.6,5,4,1,0,6
10,1,1,0,0,9.8,8.9,51.3,5,4,1,0,2
5,5,12,0,24.4,5.7,13,6.3,3,3,1,0,4
19,0,5,0,0,10.5,18,32.7,9,3,1,0,6
4,5,11,0,0,10.2,11.1,56.3,4,4,1,0,5
21,3,8,0,0,9.5,27.2,51.3,3,2,1,0,0
1,1,4,0,0,10.3,17.7,29.2,1,4,1,0,2
13,5,2,0,43.5,2.4,13.2,75.7,8,2,1,0,4
19,0,6,0,0,10,24.2,2.7,10,4,1,0,5
12,2,10,0,0,10,17.5,58.5,6,3,1,0,3
21,5,1,0,2.5,9.1,5.3,12.2,4,3,1,1,3
23,4,8,0,0,9.5,24.2,52.6,3,4,0,0,6
0,2,10,0,47.9,1.2,21.1,7.7,1,3,1,0,2
11,2,1,0,0,10,8.6,28.5,6,2,1,0,2
8,0,5,0,0,9.6,18.2,51,7,4,1,0,1
4,0,6,0,0,9.6,26.7,11,1,4,1,0,1
6,6,6,0,0,9.5,19.8,77.1,4,2,1,0,3
6,0,12,1,44.9,1.6,6.1,13.1,2,3,1,0,4
16,3,12,0,0,9.9,10.7,28.6,7,2,1,0,0
0,4,12,0,0,10.3,12.7,53.2,1,4,1,0,0
19,4,11,0,36.1,3.6,16.5,10,10,2,1,0,11
6,2,12,0,20.6,6.1,7.4,21.9,4,3,1,0,5
2,6,3,0,0,10.2,11.7,73.7,2,4,1,0,3
2,0,8,1,0,9.6,29.7,45.3,3,4,1,0,3
11,3,10,0,0,10.2,20.3,34.7,7,3,1,0,0
14,6,3,0,0,10.2,13.4,34.3,8,3,1,1,7
8,0,11,0,28.6,5,14.4,89.9,8,3,1,0,8
12,5,7,0,0,9.5,27.7,31.9,7,2,1,0,3
6,0,7,0,0,9.5,27.7,68.5,4,3,1,0,4
18,5,5,0,0,9.8,18.3,35.3,6,4,1,0,3
12,0,10,0,0,9.6,21.2,27.9,7,2,1,0,2
2,3,8,0,0,10.2,29.8,69,2,3,1,0,4
6,5,2,0,0,10.1,11.3,11.9,2,3,1,1,5
13,3,5,0,0,9.9,18.2,85.6,7,3,1,0,4
6,4,3,0,0,9.7,11.7,4,4,2,1,0,2
7,5,3,0,8,8.3,15.3,73.1,3,3,1,0,2
16,4,6,0,0,9.6,19.1,79.2,6,3,1,0,0
7,6,10,0,0,10.4,17.2,6.7,4,2,1,0,2
14,1,7,0,0,10.3,28.3,85.2,5,3,1,1,4
10,4,3,0,0,10.1,11.1,45.6,6,3,1,0,5
6,4,2,0,27.3,5.1,9.3,70.6,3,3,1,0,4
20,5,1,0,0,10,8.5,20,3,3,1,0,1
16,5,4,0,28.8,4.3,13.3,53.4,6,3,1,0,6
5,0,7,0,0,10.3,29.5,36.8,1,3,0,0,2
21,1,12,0,0,10.3,8.9,11.8,3,3,1,0,1
21,2,12,0,34.6,4.2,10.4,17.4,4,2,1,0,5
16,3,1,0,0,10.3,12.9,16.5,6,2,1,0,2
0,3,10,0,2.6,9.3,18.2,44.7,2,2,1,1,5
10,0,3,0,49.6,1.3,10.8,67.8,6,2,1,0,5
11,0,8,0,0,10,23.1,73.9,6,4,1,1,2
14,3,6,0,16.4,7.5,21.5,71.6,7,4,1,0,1
7,3,8,0,0,9.6,23.4,22.8,8,3,1,0,1
7,1,10,0,0,9.6,16.2,79.3,9,4,1,0,4
16,1,12,0,25,5.2,12.1,6.1,7,3,1,1,3
0,5,1,1,0,9.7,8.3,46,1,4,1,0,5
15,3,7,0,11.6,8.4,25.8,10.9,6,2,1,0,1
4,4,11,0,0,9.9,15.5,69.4,3,2,1,0,2
11,6,5,0,0,9.5,21.2,52.6,8,3,1,0,2
12,5,5,0,34.4,4.2,17.1,3,7,3,1,0,7
17,5,11,0,0,10.4,10.3,40.2,6,2,1,0,4
11,6,12,0,48.6,1.5,7.8,11.8,7,4,1,0,6
19,6,5,0,0,9.5,20.6,46.4,6,4,1,0,3
22,3,7,0,0,9.8,27.3,43.9,2,3,1,0,1
17,0,6,0,0,10.4,20.3,66.6,8,3,1,0,3
0,5,11,0,0,10.1,15.7,35.8,3,4,1,0,6
12,1,12,1,15.9,7.2,11,16.3,4,3,1,0,5
14,0,11,0,0,9.9,13.9,30.1,6,4,1,0,3
0,6,10,0,0,9.7,17.5,22.6,3,3,1,0,3
5,6,3,0,0,10.3,10.7,40,4,2,1,1,5
3,6,7,0,0,9.7,23.6,36,3,3,1,1,2
23,5,12,0,0,9.6,6.8,30.4,3,3,1,0,3
18,6,8,0,0,10.2,25.8,32.4,6,4,1,0,2
8,6,4,0,0,10.3,17.9,70.7,4,3,1,0,4
20,6,5,0,0,9.8,19.6,78.9,2,3,1,0,1
13,6,8,0,0,10.1,25,63.9,6,2,1,0,2
4,6,2,0,0,9.8,8.1,19.1,4,4,1,0,2
18,4,12,0,0,10.4,6.8,83.8,8,2,1,0,6
0,6,11,0,0,9.9,11.8,26.8,4,2,1,0,0
20,3,9,1,0,9.8,25.7,2.8,3,3,1,0,3
22,6,4,0,0,9.8,18.3,37.5,4,3,1,0,1
11,2,10,0,0,10.2,19,52,7,3,1,0,6
2,1,7,0,0,9.9,29.6,51.2,1,3,0,0,2
18,0,2,0,0,9.6,6.7,80.4,10,2,1,0,5
6,5,5,0,0,9.6,15,52.5,2,2,1,0,4
5,6,6,0,0,10.4,24.4,89.8,3,3,1,0,1
9,4,8,1,0,10.1,27.6,29,7,2,1,0,3
10,6,11,0,0,10.2,15.3,9,8,3,1,0,1
0,1,9,0,0,10.2,24.5,36,2,2,1,0,1
16,6,6,0,0,9.9,26,3.9,6,2,1,0,0
0,0,9,0,0,10.5,20.6,82,2,4,1,0,3
15,0,4,0,4.6,8.7,18.7,71.1,6,4,1,0,2
8,4,8,0,9.8,8.7,27.8,31.4,8,3,1,1,2
22,6,12,0,0,9.5,6.3,24.9,4,3,1,0,3
8,4,2,1,0,9.8,8.6,28.6,7,4,1,0,3
3,1,11,0,0,10.3,16.8,48.8,1,2,1,0,0
4,4,5,0,0,9.6,15.8,76.6,2,2,1,0,0
12,5,6,0,0,10.2,25.5,11.9,7,3,1,0,4
2,0,3,0,35,3.3,11.6,74.3,2,3,1,0,6
9,0,5,0,0,10.4,16.4,45.5,8,3,1,0,2
21,6,12,0,0,9.8,10.9,0.7,4,4,0,0,2
4,2,8,0,35.2,3.7,25.7,85.8,1,2,1,0,3
18,4,12,0,0,9.9,8.7,49.7,9,4,1,0,4
3,3,4,0,0,9.8,15.2,83.4,2,3,1,0,0
4,4,2,0,0,9.7,8.5,9.6,2,4,1,1,3
7,0,5,0,0,9.9,20.8,20.4,7,2,1,0,1
3,0,4,1,0,10.3,12.5,25.4,2,3,1,0,0
11,2,11,0,7.1,8.7,12.8,84.8,5,2,1,0,4
16,3,12,0,0,10.1,11.2,27.5,5,3,1,1,2
19,3,8,0,0,9.9,23.7,37,8,2,1,0,4
11,5,3,0,7.6,9,14.7,73.3,8,4,1,0,4
22,1,4,0,15.6,6.9,14.3,87.9,1,3,1,0,4
1,3,2,0,0,10.3,10.6,80.8,3,2,1,0,2
6,3,2,0,0,10.4,9.2,16.4,3,2,1,0,0
9,2,9,0,0,10.2,23.9,76.6,8,3,1,0,2
21,0,6,0,0,9.6,26.1,73.7,3,3,1,0,0
23,3,5,0,0,9.7,17.5,20.8,2,2,1,0,0
9,4,7,0,0,9.6,26.3,6.8,7,2,1,0,4
13,3,9,0,0,9.6,25.2,62.2,5,4,1,0,3
13,3,6,0,0,9.7,21.7,56.5,7,3,1,0,2
23,3,10,0,44.7,2.1,20.7,56.8,2,2,1,1,3
15,1,6,0,9.6,8.4,21.9,40.3,5,2,1,0,3
3,3,8,0,0,9.9,23.2,58.5,2,2,1,0,1
16,5,3,0,6.8,8.6,8,26.3,6,2,1,0,2
21,0,12,0,0,9.5,9.3,85.6,3,3,1,0,6
5,0,6,0,0,9.8,22.2,51.1,3,2,1,0,0
17,4,5,0,0,9.7,17,81.6,8,4,1,1,3
12,3,7,0,0,10.4,25.3,22,5,3,1,0,2
12,3,10,0,0,9.9,16.7,38.7,5,3,1,0,0
5,1,1,0,14.7,6.9,10.5,83.9,2,2,1,0,6
9,1,9,0,24.6,5.5,25.1,57.7,8,3,1,0,3
3,0,4,1,0,10.2,15.6,85,2,3,0,0,2
9,6,9,0,0,9.7,19.5,25.1,7,3,1,0,2
22,1,7,0,0,9.9,27,11.7,2,2,1,0,0
3,2,11,0,0,10.1,15,3.1,2,3,1,0,3
11,2,5,0,0,10.3,17.1,44,7,2,1,0,2
0,1,6,0,0,9.7,26.6,73.6,3,3,1,0,3
11,6,2,0,0,10.4,8.6,35.4,6,2,1,0,1
3,0,8,0,0,9.8,27.7,61.3,1,3,1,0,2
19,1,6,0,0,10.1,21.6,77.5,10,3,1,1,10
13,0,8,0,0,10.5,24.3,46.2,6,2,1,0,0
20,0,6,0,0,10.4,22.3,36.5,3,2,1,0,0
18,2,7,0,2.9,9.8,25.9,32.8,9,4,1,0,5
7,3,2,0,0,9.7,9.8,40.5,7,3,1,0,1
13,5,12,0,28.7,4.6,10,37.5,8,3,1,0,5
9,0,11,0,0,10,15.3,55.5,8,3,1,0,2
16,0,10,0,0,9.5,18.3,65.1,6,3,1,0,1
4,2,5,0,24.5,5.7,16.1,44,3,4,1,0,2
10,2,4,0,5.3,9.2,15.6,70,5,3,1,0,2
22,6,2,0,0,9.7,13.7,75,4,2,1,0,6
18,3,7,0,0,10,29.8,8.4,8,2,1,0,3
2,4,5,0,0,9.9,15.4,37,1,3,1,0,2
12,3,12,0,0,9.9,11,84.5,6,3,1,0,4
12,2,5,0,0,10.3,20.5,76.3,5,4,1,1,3
19,0,7,0,0,10,25.8,24.4,10,2,1,0,1
9,1,11,0,0,10.1,12.8,87.6,7,4,1,0,1
7,2,8,0,0,9.6,27.3,53.2,8,2,1,0,2
5,3,2,1,36.9,3.2,13.7,28.6,2,2,0,0,3
21,5,2,0,0,10.4,7.6,31.3,3,2,1,0,2
20,4,3,0,40.1,2.8,15.7,62,2,3,1,0,5
1,1,9,0,0,9.6,22.5,51.6,2,2,1,0,1
23,1,6,0,0,9.7,26.4,29,2,3,1,0,2
13,3,12,0,0,9.9,9.4,1,6,2,1,0,0
21,6,12,0,0,9.6,10,23.4,2,3,1,0,2
14,6,9,0,0,10.4,23.3,34.9,8,2,1,0,3
17,3,3,0,37.9,2.8,11,39.9,10,4,1,0,5
3,4,3,0,0,10.4,11.6,30.1,3,3,1,0,1
17,6,12,0,11.7,8.3,7,34.1,6,3,1,0,4
21,6,1,0,0,9.9,10.8,19.6,3,3,1,0,0
3,1,3,0,0,10,9.7,74.1,2,3,1,0,4
13,1,9,0,0,10.2,23.3,13.3,6,4,1,0,1
13,1,7,0,0,9.6,25.7,10.4,7,3,1,0,3
6,4,5,0,0,9.9,19.5,55.4,3,4,1,0,1
1,4,10,0,0,10,16.6,56.5,1,3,1,0,2
18,5,2,0,0,9.9,8.5,78.6,7,3,1,0,6
0,6,6,0,0,10,24.5,89.3,4,2,1,0,6
14,4,10,0,32.4,4.3,17.2,59,7,2,1,0,6
23,0,5,0,0,10,19.1,50.7,1,3,1,0,1
0,0,3,0,0,9.6,13.9,27.3,2,4,1,0,1
11,2,6,0,0,9.7,23.9,22.7,7,3,1,0,2
17,2,5,0,0,9.7,21.6,22.1,10,4,1,0,5
22,2,9,0,7.3,8.3,18.3,38,1,4,1,0,3
20,5,10,0,0,10.4,15,43.7,3,4,1,0,2
22,5,1,0,0,10.4,8.6,49.2,4,2,1,0,1
0,3,11,0,11.4,8,12,89.2,2,2,1,0,3
7,4,9,0,0,10.1,21.8,0.6,8,4,1,0,4
21,0,2,0,0,9.8,13.3,40.6,2,3,1,0,1
0,5,3,0,0,10.5,9.2,20.3,3,3,1,0,0
1,4,11,1,33.9,4.2,10.1,80.5,2,3,1,0,6
16,1,8,0,0,10.3,29.6,26.6,6,2,1,0,1
19,4,12,0,0,9.9,8.8,29.8,8,2,1,1,11
14,2,1,0,0,10.3,9.4,87.4,5,2,1,0,1
14,3,6,0,17.5,6.6,26.2,53.7,7,2,1,0,0
6,1,1,0,3.1,9.6,6,68.6,2,2,1,0,3
14,2,6,0,21.9,6,24.1,44.4,6,4,1,0,1
5,1,6,0,0,9.9,23.3,55,1,2,1,0,0
6,1,5,0,0,9.8,16.4,56,3,3,1,0,1
5,4,12,0,0,10.1,11.9,27.4,2,3,1,0,2
14,6,9,0,0,9.7,25.7,84.2,8,3,1,0,6
23,0,6,0,0,9.9,25.7,35.7,2,3,1,0,1
18,5,1,0,49.9,0.8,9,0.3,7,3,1,0,12
5,4,6,1,0,9.9,25.1,29.7,3,4,1,1,2
5,6,4,0,40.9,2.9,13.1,73.8,4,2,0,0,7
21,0,3,0,0,9.8,14,50.4,2,3,1,0,1
16,6,11,0,0,10.3,14.5,75.9,5,3,1,0,5
22,3,11,0,49.6,1.1,9.4,49.3,2,3,1,0,4
13,6,1,0,0,9.6,12,28.3,6,4,1,0,3
20,3,11,0,42.4,2.2,12.9,69.9,2,4,1,0,3
9,1,1,0,0,10.3,12,16.8,8,3,1,0,4
22,2,5,0,0,9.6,15.4,18.5,2,3,1,0,4
0,6,11,0,0,9.9,11.2,19,3,2,1,0,3
11,4,6,0,0,10,19.5,36.8,6,2,1,0,2
11,3,10,0,0,10.1,17.5,1.9,6,2,1,0,0
0,1,12,0,0,10.2,6.2,56.2,3,3,0,0,1
15,1,12,0,10.1,8,11.1,38.1,5,3,1,0,3
23,4,12,0,0,10,6,50.5,1,4,1,0,0
23,1,4,0,0,10.4,18.5,18.8,1,2,1,1,1
14,6,2,0,0,10.3,9.3,22.1,7,3,1,0,3
5,5,1,0,0,9.7,5.4,25.4,3,4,1,0,4
8,4,6,0,0,9.5,21.3,12.7,9,3,1,0,0
20,1,9,0,38.4,3.1,23.7,48.5,4,2,1,0,3
8,0,4,0,0,10.3,16.9,42.6,7,4,1,0,1
7,2,9,0,0,9.7,19.3,7.4,9,2,1,0,4
5,0,2,0,0,10.1,9.3,3.9,1,2,1,0,0
21,3,7,0,0,9.8,28.5,35,4,2,1,0,1
20,6,2,0,46.2,1.6,13.4,88.1,4,3,1,0,7
8,5,12,0,0,9.9,8.8,42,2,2,1,0,5
7,4,5,0,0,10.3,17.6,78.6,8,3,1,0,6
16,6,9,0,0,9.8,20.5,1.5,6,2,1,0,2
17,2,3,1,0,9.6,14.2,63.3,7,3,1,0,9
4,1,5,0,0,10.5,22.9,0.1,1,3,1,0,0
9,3,3,0,0,10.4,15.3,3.9,8,2,1,0,2
21,0,7,0,0,10.4,26.8,59.8,3,3,0,0,3
16,1,11,0,0,10.4,16.1,70.7,7,2,1,0,0
19,2,6,0,0,10.1,21.8,45.7,9,3,1,0,2
3,6,10,0,6.4,9.2,19.7,21.2,2,4,1,0,4
6,6,5,0,0,10.2,20.7,69.2,3,4,1,1,2
6,1,5,0,0,10.3,22.8,75.3,2,2,1,0,0
23,6,8,0,0,9.7,24.3,20.5,3,4,1,0,3
18,5,1,0,7.2,9.1,6.3,44.6,7,3,1,0,2
3,4,9,0,0,10,19.3,25.3,2,3,1,1,5
2,0,10,0,0,9.9,17.4,32.2,3,2,0,1,2
4,3,8,0,0,10.4,23.8,35,2,3,1,1,0
6,3,7,0,0,10.4,23.9,70.1,4,4,1,0,4
22,4,5,0,0,9.6,18.1,77.5,3,2,1,0,2
15,1,6,0,30,4.6,19.3,78.3,7,4,1,1,3
12,6,8,0,0,10.4,27.4,14.4,8,3,1,0,2
22,5,5,0,0,9.6,19.8,26.7,3,3,0,1,6
14,1,5,0,0,9.9,21.8,15.1,7,3,1,0,3
11,6,6,0,0,9.8,25.1,62.3,7,3,1,0,4
7,3,2,0,0,10.2,9.2,62.5,7,3,1,0,2
1,0,6,0,0,10.4,23.5,33.3,3,2,1,0,3
2,2,1,0,42.1,2.4,12.8,5.5,2,3,1,0,7
10,2,11,0,0,10.1,13.6,69.5,6,3,1,0,4
9,1,7,0,0,9.8,26.1,52.7,8,4,1,0,1
14,4,11,0,0,10,10.5,28.6,5,3,1,0,2
14,4,11,0,0,9.8,9.9,76.2,7,2,1,0,3
22,5,10,0,17.1,6.6,21.2,1.8,2,2,1,0,4
17,6,8,0,10.6,7.8,26.5,22.1,5,4,1,0,2
3,4,8,0,0,10.5,24.3,59.2,1,3,1,0,2
22,5,12,0,0,9.5,13.7,41,4,2,1,0,2
8,3,8,0,0,10,27.6,42.8,9,2,1,0,5
1,0,1,1,0,10.1,10.2,39.8,2,2,1,0,0
6,1,6,0,0,9.9,24.9,6.4,2,2,1,1,3
15,0,1,0,0,10.3,6.1,10.5,6,3,1,0,2
3,6,12,1,0,10.3,12.1,80.4,3,4,1,0,2
12,3,7,0,0,10.3,22.3,88.3,6,3,1,1,4
4,5,3,0,0,9.8,9.1,87.3,3,3,1,0,2
15,0,3,0,15.4,7.5,11.1,29.4,7,4,1,0,2
16,5,3,0,0,9.8,12.2,29.8,6,3,1,0,1
5,2,3,0,0,9.6,9.7,86.8,1,2,1,0,1
3,6,11,0,8.2,8.4,14.5,55.4,3,2,1,0,4
16,1,3,0,0,9.5,15.3,55.3,5,3,1,0,0
22,4,7,0,0,10.3,25.5,51.1,1,2,0,0,4
20,0,5,0,0,10.5,17.4,89.8,3,3,1,0,5
14,5,2,0,0,10.1,6.9,17.8,6,3,1,0,3
6,1,3,0,0,9.9,10.6,68.1,3,3,1,0,3
13,5,5,0,0,9.6,22.1,2.7,6,4,1,0,2
18,2,6,0,0,10.5,20.4,88.1,8,2,1,0,5
4,6,9,0,0,9.9,20.9,43.6,3,3,0,0,0
7,6,12,0,10.5,8.4,9.7,35.7,4,2,1,0,2
9,0,2,0,0,10.3,6.9,34.2,7,2,1,0,2
11,4,8,0,0,9.8,26.6,5.8,5,3,1,0,1
14,6,12,0,0,9.6,13,33.4,6,3,1,0,0
0,5,10,0,0,9.5,15.1,43.9,2,2,1,0,1
20,3,11,0,31.8,3.9,15.9,84.1,4,3,1,0,2
7,0,12,1,43,2.3,12.8,77.5,7,3,1,0,11
6,4,12,0,0,10,12,37.2,3,4,1,0,2
9,6,1,0,24,5.4,11.3,26.4,8,2,1,0,9
9,2,6,0,32.7,3.9,20,0.8,8,3,1,0,5
6,4,12,0,17.6,7,10.4,34.6,2,4,1,0,2
10,6,4,0,0,9.5,17,56.6,6,3,1,0,3
20,2,7,0,0,10.3,27.3,19.6,2,3,1,0,0
23,6,8,0,0,10.5,27.9,10.5,3,2,1,0,1
4,2,10,0,4.8,9.1,16.5,19.8,2,3,1,0,0
10,5,10,0,0,10.2,19.4,7.5,6,3,1,0,3
13,1,12,0,21.5,5.9,11.4,18.2,5,2,1,0,0
19,4,3,0,0,10,13.8,42.8,9,4,1,0,2
21,3,3,1,0,10.4,14,31.8,3,3,1,0,1
23,4,6,0,0,10,23.5,24.8,1,3,1,0,0
2,0,6,0,0,10,21.5,2.6,2,2,1,1,2
7,6,7,0,0,9.9,23,29.3,2,3,1,0,2
22,0,8,0,0,10.1,29.6,7.1,2,3,1,0,2
0,3,11,0,0,10.2,16.2,40.6,2,3,1,0,6
7,1,3,0,39.4,3.3,13.6,17.7,8,4,1,0,5
10,0,8,0,0,9.9,29.5,51.8,6,2,1,0,1
2,0,7,0,0,9.8,28.8,18.8,2,3,1,0,2
8,0,11,0,28.7,4.9,13.1,18.9,8,3,1,1,1
21,5,3,1,0,9.6,13.1,47.8,2,3,1,0,2
3,4,10,0,42.1,2,18.9,43,2,2,1,1,5
16,0,9,0,0,10.3,24,11.4,5,3,1,0,1
19,1,3,0,0,10.5,11.2,39.3,10,2,1,0,2
19,6,8,0,0,9.6,24.6,64.2,7,3,1,0,4
15,3,11,0,26.2,4.9,12.5,79,6,3,1,0,2
3,6,6,0,0,9.9,23.3,78.2,4,2,1,0,2
0,5,8,0,0,10.3,29.7,39.7,3,4,1,0,3
15,1,10,0,0,9.6,15,29.7,6,3,1,0,2
11,0,4,0,0,9.7,17.1,34.1,5,4,1,0,1
18,3,12,0,0,10.3,8.3,79.6,8,3,1,1,8
13,2,8,0,0,10.2,29.8,55.9,6,3,1,0,7
7,1,7,0,0,10,24.5,8.5,9,4,1,0,2
3,4,3,0,1.1,10,15.3,3.2,2,3,1,0,5
1,1,2,0,0,9.9,13.2,63.2,1,3,0,0,6
16,5,12,0,0,10.4,9.7,52.3,5,3,1,0,0
19,6,5,0,0,10.1,22.4,53,7,2,1,0,3
20,6,12,0,0,10.4,12.1,60.4,4,3,1,0,4
0,0,4,0,0,10.3,11.5,20.5,1,3,0,0,1
1,5,8,0,0,9.6,28.5,19.4,2,3,1,0,4
22,0,1,0,0,10.4,10.4,14.8,2,3,1,0,1
17,3,7,1,0,10.1,25.3,33.9,6,4,1,0,2
2,2,12,0,0,9.8,7.6,59.9,2,2,1,0,4
2,1,1,1,0,10.1,5.3,4.3,3,2,1,0,2
5,1,8,0,0,9.7,28.5,13.4,1,4,1,0,1
12,1,2,0,0,10,12.8,59.3,6,3,1,0,2
1,6,2,0,0,9.8,12.1,7.3,3,2,0,0,4
7,1,5,0,0,10.2,17.2,35.1,7,3,1,0,4
8,2,8,1,0,10.4,26.3,62,7,3,1,0,8
2,4,10,0,34.9,4.1,20.3,44.3,2,3,1,0,2
5,5,8,0,0,9.7,24.2,30.3,3,3,0,1,5
9,3,6,0,0,10.1,24.3,77,8,4,1,0,5
5,0,4,0,19.2,6.9,14.2,42.4,2,2,1,0,4
15,5,12,0,0,9.7,10.6,23.5,7,3,1,0,2
5,2,8,0,0,9.6,25.4,27.5,1,3,1,1,2
23,5,11,0,38.6,2.7,16.7,38,2,4,1,0,0
17,1,11,0,48.1,0.9,10.2,28.5,10,4,1,0,8
20,1,10,0,10.2,7.9,17.6,38.7,3,3,1,0,2
11,4,2,0,43.6,2.1,10.3,82,6,2,1,0,1
20,4,12,0,27.4,5.1,11.9,32.4,2,3,1,0,4
6,1,5,0,0,10.3,20.8,5.2,3,2,1,0,0
21,5,7,0,0,9.6,25.2,41.1,4,3,0,0,3
2,4,1,0,0,9.8,8.4,85.5,2,3,1,1,2
13,1,5,0,35.6,3.3,17.2,50,6,2,1,0,3
17,6,7,0,0,9.6,24.4,36,7,3,1,0,7
1,0,8,0,0,10.2,28.7,45.7,2,3,1,0,0
18,4,10,0,0,10.4,21.5,51.2,10,3,1,0,2
10,0,5,0,0,10.3,21,31,6,3,1,0,5
12,0,12,1,0,10.4,10.8,40,3,2,1,0,2
21,0,6,0,0,9.5,20.2,1,3,3,1,0,1
19,3,12,0,0,10.4,11.5,80.7,8,3,1,0,4
2,1,1,0,0,9.6,8.2,77.3,3,4,1,0,4
21,1,3,0,18.1,6.7,9.5,16.3,2,4,0,0,2
18,4,6,0,0,9.9,23.8,18.8,8,3,1,1,7
22,0,1,0,0,9.7,12.2,58.6,1,2,1,0,0
16,5,2,1,0,10.5,11.5,52,4,3,1,0,1
14,6,9,0,0,10.4,21.2,45.5,8,2,1,1,2
4,0,9,0,0,10.4,22.5,17.1,1,2,1,0,1
11,5,9,0,0,10.1,22.4,49.3,7,2,1,0,3
9,3,2,0,25.2,5.8,6.4,85.8,8,3,1,0,6
11,3,1,0,0,9.8,8.1,9.7,5,2,1,0,3
10,0,7,0,0,9.9,28.7,76.2,7,2,1,0,5
15,4,10,0,0,10.1,21.7,52.5,7,3,1,0,1
18,6,10,1,43.5,1.8,20.3,69.8,4,3,1,0,2
13,6,5,0,0,10.3,17.5,22.6,7,2,1,1,1
1,1,7,0,0,9.6,25.9,17.3,2,3,1,0,2
17,1,2,0,0,9.7,9.9,82.9,10,2,1,0,4
4,6,6,0,0,10.4,23.4,37.3,3,4,1,0,1
22,2,9,0,0,10.4,24,49,2,3,0,1,2
17,5,12,0,27.3,5.1,6.4,43.3,6,4,1,0,7
20,6,2,0,20.6,6.7,11.3,30.7,2,2,1,1,7
10,5,6,0,0,10.2,20.8,83.8,7,3,1,0,3
7,2,5,0,0,9.7,21.4,9.2,8,2,1,0,4
12,0,5,0,26.1,5.2,20.7,48.4,5,3,1,0,2
6,0,11,0,0,9.6,9.9,40,2,3,1,0,1
14,6,10,0,0,10.2,15.8,55.9,8,2,1,0,3
5,1,6,0,0,10.4,26.9,84,2,2,1,0,3
16,3,5,0,22.9,6,16.2,56.6,5,3,1,0,4
16,1,12,0,6.7,8.8,10.8,23.5,6,3,1,0,2
4,4,7,0,0,9.5,29.7,76,1,3,1,0,3
10,1,4,0,0,10.3,11.2,73.7,6,2,1,0,1
21,2,2,0,0,9.7,9.4,87.5,3,4,1,0,0
15,4,2,1,6,8.8,11.1,59.1,4,3,1,0,2
22,5,6,0,0,10,25.9,34.5,2,3,1,0,4
16,4,2,0,0,10,12.9,64.2,7,4,1,0,3
9,5,7,0,0,9.7,27.3,34,6,3,1,0,2
2,6,9,0,0,9.5,21.9,74.2,2,2,1,0,2
13,4,6,1,0,9.6,24.2,80.2,4,2,1,0,1
4,1,7,0,0,9.9,26.7,4.7,3,3,0,0,4
21,5,6,0,0,9.8,22.4,57,4,4,1,0,1
8,0,12,0,35.1,3.3,12.8,26.2,9,3,1,0,3
1,5,3,0,0,10.4,9.4,3.7,3,3,1,0,1
8,1,6,0,0,10.1,23.3,53.7,9,3,1,0,3
15,2,8,0,0,10.1,25.7,35.8,6,2,1,0,3
13,1,9,0,0,9.9,24.2,5.2,5,2,1,1,1
7,5,12,0,0,10.3,11.1,61.2,3,2,1,0,5
14,2,10,0,0,9.7,17.4,46.8,5,4,1,0,0
9,1,1,0,17.4,6.6,11,15.6,7,2,1,0,4
13,4,12,0,0,10.2,13.9,87.5,6,2,1,0,3
1,5,2,1,1.5,9.4,6.8,12.6,2,3,1,0,3
17,2,5,0,0,10.4,18.3,20.8,8,4,1,0,2
15,0,6,0,0,9.6,23.9,44,7,3,1,0,6
5,3,9,0,0,9.7,23.5,17.1,2,3,1,0,0
22,3,12,0,2.2,10,8.7,7.5,2,2,1,0,1
4,3,9,0,0,10.3,23,0.6,1,2,1,0,2
19,6,10,0,0,10.5,18.8,33.6,6,3,1,0,6
18,5,2,0,0,9.8,13.8,82,6,3,1,0,4
9,0,6,0,0,10.4,23.2,35.7,7,3,1,0,1
15,0,3,0,0,10.1,11.3,39.1,6,3,1,0,2
2,3,3,0,33.7,3.8,14.9,67.9,2,3,1,0,6
11,3,8,1,10.6,7.6,27.3,13,4,3,1,1,5
6,2,9,0,0,9.7,18.8,51.1,4,2,1,0,0
22,6,9,0,0,10.1,24.1,68.1,4,2,1,0,0
18,6,12,0,0,10.1,8.5,71.8,6,2,1,0,2
21,0,12,0,31.6,4.5,13.8,61.9,4,3,1,0,3
8,5,4,0,0,9.7,13.7,54,3,2,1,0,1
2,3,5,0,0,9.9,16.9,51.4,2,4,1,0,2
13,4,3,1,32.6,3.7,9.2,70.5,5,3,1,0,3
15,0,3,1,0,10,13.6,54.7,4,3,1,0,0
21,2,10,1,0,10.1,15.9,39.6,1,3,0,0,1
12,0,5,0,0,10.3,22.4,49.5,5,3,1,0,0
4,0,11,0,11.7,7.4,16.4,16.8,3,3,0,0,3
7,0,2,0,0,10,10.9,88.8,9,4,1,0,2
11,2,4,1,0,10.1,19,57.8,4,3,1,0,0
2,2,7,0,0,10.3,25,44.7,1,3,1,0,1
9,2,3,0,0,9.6,9.1,29.3,7,3,1,0,2
14,6,10,0,0,10.1,17.3,87.6,7,3,1,0,2
19,3,1,0,0,9.5,8.5,8,8,4,1,0,2
4,2,5,0,0,9.5,22.6,80.1,1,3,1,0,0
6,5,5,0,0,10.4,20.4,11.3,4,4,1,0,2
14,1,12,1,0,9.9,13.6,61.6,5,2,1,0,4
21,2,7,0,0,9.7,26.8,36.8,2,2,1,0,0
19,6,9,0,0,10.1,19.1,8.5,6,2,1,0,3
2,2,10,0,27.2,4.7,19.9,31.9,3,3,1,0,6
5,6,3,0,0,9.8,11.2,27.6,2,2,1,0,0
11,4,3,0,36.7,3.8,11.6,53.9,7,3,1,0,2
1,6,12,0,36.9,3.8,11.9,73.6,4,4,1,0,8
10,5,2,0,31.5,4.8,6.3,13.7,6,2,1,0,3
21,2,2,0,12.4,8,11,44.7,3,2,1,0,3
14,4,3,0,27.8,4.8,9,69.3,7,3,1,0,5
12,1,1,0,34,4.4,9.5,26.9,6,4,1,0,2
18,4,2,1,0.7,9.6,13.4,19.7,6,3,1,0,5
13,1,4,1,0,9.5,14.6,85.7,4,3,1,1,4
18,1,10,0,0,9.5,19.6,25.3,10,3,1,0,2
12,4,4,0,0,10.3,13.2,5.2,6,3,1,0,0
20,5,7,0,0,9.6,25.9,88.1,3,3,1,0,1
15,3,3,0,0,9.8,10.1,64.7,5,3,1,0,2
15,4,2,0,14.5,7.7,11.7,36.9,6,3,1,0,4
1,1,10,0,0,10,20.9,77.1,3,4,1,0,1
3,6,1,0,0,9.6,11.1,33.4,4,4,1,0,2
8,0,9,0,12.5,7.7,24.5,35.9,9,3,1,1,7
21,6,8,0,0,10.4,23.6,85.9,2,3,1,0,0
2,0,11,0,0,9.8,10.9,0.2,2,2,1,0,2
22,2,9,0,0,10.4,24.6,27.1,1,3,1,0,2
4,6,6,0,0,10.1,25.7,1.4,2,2,1,0,2
11,0,1,0,0,9.6,5.7,56.7,5,3,1,0,1
0,3,12,0,0,10.2,10.5,24.1,2,4,1,0,4
9,6,9,0,0,10,22.3,51.7,7,2,1,0,2
14,1,5,0,0,9.6,16.8,51.4,7,4,1,0,0
22,4,2,0,0,10.5,10.7,82.9,3,3,1,0,2
14,0,12,0,0,10.3,13.4,21.9,6,2,1,0,4
8,5,12,0,0,10.3,8.4,3.5,4,3,1,0,2
13,2,7,0,0,10.4,24.2,61.3,6,3,1,0,0
14,6,2,0,0,9.6,13.5,1.6,7,4,1,1,5
18,6,3,0,0,9.7,13.8,30.5,6,3,1,1,4
19,6,11,0,2.8,9.5,9.5,38.8,7,4,1,0,2
8,1,5,0,30.3,4.7,19,33.6,7,2,1,0,0
22,1,4,0,0,10.3,11.1,1.2,1,2,1,0,1
23,5,10,0,44.6,1.5,16.7,30,2,3,1,0,9
6,3,10,0,0,10.3,21.3,46.5,2,3,1,0,0
17,1,7,0,0,10.4,22.6,63,9,3,1,0,3
5,4,7,0,0,10.2,29.5,71,2,3,1,0,4
21,5,5,0,16.7,6.7,18.6,74,2,2,1,0,2
13,1,5,0,0,9.6,20.9,71.9,6,4,1,0,3
18,5,6,0,44.4,1.6,23.6,47.3,5,3,1,0,3
19,6,11,0,0,9.7,16.9,67.2,6,2,1,0,2
15,4,7,0,0,9.9,25.5,67.7,5,4,1,0,3
7,2,6,0,0,10.2,21.3,81.3,9,2,1,0,4
19,3,9,0,0,10.3,23.3,5.2,10,3,1,0,3
20,5,11,0,0,10.3,15.6,80.2,3,3,1,1,0
18,2,2,0,35.9,3.4,11.8,14.7,9,3,1,0,3
16,0,6,0,0,10.1,24.6,33.6,5,2,1,0,1
13,6,7,0,45.4,2.1,29.2,44.7,7,2,1,1,5
0,2,4,0,11.7,7.9,14.1,66.7,3,4,1,1,6
20,3,8,0,0,10,29.4,84.2,3,3,1,0,3
9,1,7,0,0,10,26.4,3.2,8,3,1,0,5
11,3,5,0,0,10.1,17.2,40.4,5,3,1,0,0
20,4,11,0,0,9.9,10.2,60,3,2,1,0,0
14,3,9,0,0,10.1,20.2,50.4,6,3,1,0,1
6,4,8,0,48.5,0.8,22.5,48.3,4,2,1,0,11
0,2,11,0,0,10.3,12.8,87.1,2,2,1,0,2
23,3,6,0,0,9.6,19.5,80.3,2,2,1,0,3
23,6,12,0,0,9.8,6.9,57.5,3,3,1,0,0
0,6,12,0,21,5.8,14,73.3,3,4,0,0,9
17,3,4,0,27.4,4.7,18.5,16.2,10,3,1,0,3
2,5,5,0,36.1,4,17,87.6,3,3,1,0,5
6,1,11,0,39.7,3,12.3,52.2,3,3,1,0,4
16,6,8,0,0,10.3,29.1,45.9,7,3,1,0,0
20,1,8,1,0,10.4,25.1,54.9,2,3,1,0,1
1,3,7,0,15.2,7.3,29.8,73.5,1,3,1,0,6
9,3,4,0,0,10.2,17.4,61.9,7,2,1,0,4
2,1,3,1,0,9.6,13.2,88.9,2,3,1,0,1
9,6,2,0,0,9.7,7.8,0.7,8,3,1,0,4
23,3,1,0,43.7,2.1,7.3,14.5,2,3,0,0,3
6,1,4,0,0,10.2,13.8,23.2,3,3,1,0,1
11,4,6,0,21.4,6.4,25.1,54.2,6,3,1,0,2
21,0,3,0,0,10.4,12,46.8,3,2,1,1,2
10,3,1,0,0,9.6,9,55.8,6,4,1,0,2
22,6,6,0,0,10,24.2,86.7,2,2,1,0,5
4,2,3,0,0,10.1,14.4,79.7,2,3,0,0,2
0,6,10,1,0,10.1,16.8,64.1,1,2,1,0,1
5,3,11,1,15.6,6.8,9.1,21.2,3,2,0,0,1
7,3,7,0,0,10.2,24.5,86.8,7,4,1,0,2
23,5,11,0,0,10.2,15.5,19.9,3,4,1,0,1
0,1,2,0,0,10.4,13.9,42.4,2,2,1,0,0
1,2,4,0,27.3,4.8,16.7,34.5,3,3,1,1,4
2,2,8,0,0,10.3,28.6,80.7,2,2,1,0,1
12,3,6,1,0,10,24.8,32.9,4,2,1,0,2
7,6,6,1,0,10.4,21.7,35.5,3,2,1,0,2
22,5,11,0,0,9.8,9.7,87.3,3,3,1,0,4
20,5,12,0,0,10.4,7,14.9,3,2,1,1,4
14,2,4,0,0,10.2,11.1,42.7,6,2,1,0,0
10,6,12,0,0,10.2,7.8,38.5,8,2,1,0,2
8,2,1,0,23.8,5.6,8.7,89.9,9,3,1,1,2
11,4,2,0,44.9,1.6,11.9,45,7,3,1,0,8
7,0,6,0,0,9.9,23.2,58.4,8,3,1,0,3
16,6,4,0,0,10.4,14.9,59.9,6,3,1,0,2
21,1,11,0,18.7,7.1,14.4,76.7,3,3,1,0,4
14,1,4,0,0,9.5,11.4,32.5,6,3,1,0,2
15,4,4,1,8.2,8.4,16.2,43.2,4,4,1,0,3
3,4,7,0,0,10.1,24.9,36.3,3,2,1,0,2
22,0,8,0,0,9.7,26.5,21.4,2,3,1,0,1
8,4,3,0,0,10.5,8.8,61.7,7,3,1,0,3
8,6,10,0,0,10.2,15.4,2.6,4,3,1,0,3
7,0,1,0,0,10,10.3,63.7,9,3,1,0,7
7,2,9,0,0,9.6,22.9,67.9,7,4,1,0,8
6,1,9,1,0,9.9,21.8,80.9,2,4,1,0,0
9,0,3,1,0,10.4,11.5,44.8,6,3,1,0,2
16,0,1,0,1.3,10.1,6.8,5.3,7,4,1,0,0
17,4,1,0,5.1,9.4,7,70.8,9,2,1,0,4
15,1,5,0,0,10.2,22.6,29,5,4,1,0,2
3,2,12,0,0,9.7,13.3,85,2,3,1,0,4
22,0,10,0,0,10.3,20.9,71,1,3,0,0,4
18,3,9,0,20.5,6.5,22.6,34.7,10,3,1,0,11
17,5,7,0,0,9.9,29.6,54,7,3,1,0,4
14,2,1,0,0,9.6,10.2,22.3,6,2,1,0,1
22,0,11,0,0,10.1,12.2,30.4,1,2,1,0,1
12,0,12,0,4.5,9.1,13,18.9,5,2,1,1,4
16,4,1,0,0,10.3,12.5,53,7,3,1,0,3
16,4,9,0,0,9.5,22.8,52.4,5,4,1,0,1
4,1,11,0,37.2,3,11.5,56.2,2,3,1,0,0
17,2,9,0,0,9.6,21.5,69.4,9,3,1,0,8
13,1,11,0,0,9.9,12.6,23.9,6,3,1,0,1
22,1,3,0,0,10.4,11.4,5.6,2,3,1,0,1
10,5,10,0,0,10.2,14.4,72.9,8,3,1,0,1
5,0,4,0,0,10.1,11.3,3.1,3,3,1,0,0
7,2,2,0,0,10.2,13.3,25.1,9,3,1,0,3
6,2,6,0,0,10.5,21.4,55.8,3,3,1,0,0
6,3,4,0,0,9.8,14.2,1.7,3,3,1,0,1
10,6,11,1,0,9.6,11.9,35.8,5,3,1,0,5
6,2,2,0,0,9.8,12.9,49.3,3,3,1,1,3
21,2,4,0,0,9.6,15.2,3.5,4,2,1,0,0
23,3,6,0,0,9.6,22.6,4.4,2,4,1,0,3
7,4,5,0,0,10.2,19.5,51.8,7,2,1,0,2
6,1,10,0,0,10.2,20.5,72.1,2,3,1,0,0
17,3,6,0,0,9.6,24.6,82,8,3,1,0,4
0,3,3,0,0,9.6,9.7,83.1,2,2,1,0,1
14,3,2,0,0,9.5,11,7.7,6,3,1,0,2
22,2,10,0,0,9.9,14.7,33.6,2,2,1,0,1
9,2,12,0,14,7.9,13.3,2.5,8,3,1,0,4
19,4,3,1,0,9.8,11.1,14.5,8,3,1,0,3
20,2,11,0,0,10.4,14.1,39.5,2,4,1,0,2
13,1,8,0,0,9.7,26.1,7.1,6,2,1,0,5
19,0,5,0,0,9.6,18.4,19.3,9,2,1,0,2
22,2,3,0,29.2,4.9,10.1,75.2,2,2,1,0,3
17,5,12,0,0,10.4,8.1,12.3,6,2,1,0,1
13,3,3,0,0,9.6,11.4,15.6,5,2,1,0,2
9,4,8,0,0,10.1,23,10.5,7,3,1,0,2
13,4,3,0,0,10.1,8.4,15.8,6,4,1,0,0
16,4,3,0,41.4,2.4,13,0.4,6,3,1,0,4
1,5,3,0,0,9.6,14.8,52.2,2,2,1,0,3
4,6,6,0,0,10.3,25.6,81,2,3,1,0,1
13,6,1,0,0,9.8,9.4,77,7,4,1,1,2
3,6,6,1,0,9.8,21.3,1.2,2,3,1,0,2
10,0,6,0,0,10.1,23.1,82.5,7,2,1,0,4
3,0,8,0,0,10.4,23.9,26.6,3,4,1,0,5
19,4,7,0,0,9.7,28.1,62.9,10,4,1,0,4
21,6,3,0,0,10.1,14.1,30.6,3,3,1,0,2
21,6,11,0,49.3,1.2,9.7,58,3,2,1,0,3
20,3,3,0,17.3,7,11,48,3,3,1,0,1
3,5,11,0,23.6,5.6,9.5,27.4,4,2,1,0,9
10,0,8,0,0,9.9,24.4,10.8,5,2,1,0,1
23,0,12,0,0,10.4,12.6,0.4,2,3,1,0,1
11,6,5,0,0,10.2,15.6,46.2,7,3,1,0,4
14,4,2,0,0,9.9,10.5,71.1,7,2,1,0,3
9,4,5,1,44,1.6,15,52.8,6,3,1,0,9
0,6,12,0,17.7,6.7,12.5,51,3,3,1,0,1
1,4,2,0,0,9.6,12.4,89.4,2,2,1,0,2
22,2,12,0,0,9.6,8.9,75.8,2,4,1,0,4
4,6,7,0,0,9.6,25.8,83,3,3,0,0,3
14,0,11,0,31.6,4.3,12.7,38.1,5,4,1,0,2
20,5,12,0,0,9.7,9.5,37.7,4,2,1,0,2
4,2,7,0,0,10.3,22.2,22.9,2,2,1,0,1
15,0,3,0,0,9.9,10.4,88.6,6,3,1,1,5
21,5,5,1,0,10.5,17.7,83.8,2,3,1,0,2
11,1,9,0,0,10.3,25.6,66.6,7,4,1,1,4
8,5,5,0,0,9.7,21.7,69,3,3,1,0,3
4,2,6,0,0,9.9,20.9,20.1,1,3,1,0,4
13,3,3,0,0,10.1,10.9,81.3,5,3,1,0,2
10,4,2,0,39.8,2.8,7.5,59,6,2,1,0,6
20,6,3,0,0,9.6,10.6,82.6,2,3,1,0,3
14,0,9,0,0,10.3,19.8,10.2,5,3,1,0,1
13,1,12,0,0,9.7,6.9,45.8,6,2,1,0,1
11,1,12,0,0,9.8,13.6,42,5,3,1,0,2
4,1,2,0,0,10.2,10.1,42,1,2,0,1,6
4,6,6,0,27.5,5.5,24.5,26.1,4,2,1,0,10
11,1,7,0,0,10,28,3.9,6,3,1,0,1
20,3,6,0,0,10.3,24.8,15.5,4,2,1,0,0
5,1,4,0,0,9.9,14.1,20.5,1,4,1,0,1
2,6,10,0,0,10.2,21.3,5.9,3,3,1,0,0
19,5,10,0,40.7,2.6,16.1,4.3,7,4,1,0,6
1,4,2,1,0,9.8,6.3,73.9,1,2,1,0,4
6,4,10,0,0,10.1,15.1,69.5,4,2,1,0,2
10,6,4,0,0,10,17.9,2,8,3,1,0,4
6,4,6,0,0,10.1,19.8,38.1,4,2,1,0,2
14,2,10,0,0,10.4,21.6,36.6,6,3,1,0,2
5,1,3,0,0,10.2,13.1,71.8,2,4,1,0,2
19,6,12,0,0,9.6,8.1,10.6,6,2,1,0,3
2,1,4,0,12.1,7.9,14.5,70.7,2,2,0,0,10
0,6,7,0,0,10.4,23.7,84.9,4,3,1,0,4
22,3,6,0,0,10.1,25.5,7.8,2,4,1,0,4
23,1,12,0,0,10.1,8.4,57.5,2,2,1,0,0
3,5,2,0,48.5,1.1,12.2,57.1,2,3,0,0,10
11,0,12,0,30.3,4.4,11.2,6.3,6,4,1,0,4
20,1,3,1,0,10.2,12.2,86.4,2,2,1,0,1
11,4,4,1,0,10.1,12.9,89.7,4,4,1,0,1
22,2,2,0,0,10.4,10.7,4.1,3,4,1,0,1
5,3,12,0,34.3,3.3,6.1,85.1,2,3,1,0,3
19,2,10,1,5,9,21.3,4.7,6,2,1,0,4
1,3,8,0,0,9.8,22.2,56.7,2,2,1,1,5
11,2,6,0,0,9.9,26.8,66.2,6,3,1,0,2
12,6,10,0,0,9.9,18.2,18.8,7,3,1,0,6
17,5,9,0,0,10.4,22,47.6,5,3,1,0,4
9,5,4,1,11,8.5,11.8,22.9,6,2,1,0,4
15,2,12,0,43.8,2.3,12.6,76.9,5,4,1,0,1
14,4,10,0,0,9.9,19.9,46.1,5,3,1,0,3
11,6,5,0,0,10.1,18.6,25.4,6,2,1,0,1
0,5,9,0,0,10,21.9,51.9,3,2,1,0,2
3,5,4,0,0,9.5,11.5,49.9,3,2,1,0,2
19,5,10,0,0,10.1,16.4,81.3,6,3,1,0,7
13,2,4,0,0,9.9,14,86.7,6,3,1,0,2
2,5,12,0,0,10.3,9,73,4,2,1,0,2
17,1,6,0,0,10.2,20.6,29.2,8,2,1,1,4
8,4,11,0,3.1,9,10,72.6,8,3,1,0,3
13,0,10,0,0,9.6,20.2,5.1,6,2,1,0,2
15,5,1,0,25.2,5.5,8.7,57.9,6,3,1,0,3
9,5,8,1,0,10.1,22.9,28.7,6,3,1,0,3
22,1,10,0,37.8,2.9,14.9,83.9,2,2,1,0,5
14,2,1,0,0,10.2,10.5,85.9,6,3,1,0,4
4,3,9,0,0,10.2,22.4,81.7,3,3,0,0,4
9,3,6,0,0,10,23.8,36.1,8,3,1,1,4
21,0,1,0,23.9,5.2,10.1,65.8,3,4,1,0,1
4,1,3,0,25.9,4.9,13,18.4,3,3,1,0,3
4,1,5,0,0,10.4,22,76.5,2,3,1,0,0
17,4,11,0,0,10.2,16.9,14.8,9,2,1,0,6
2,0,9,0,0,9.9,19.2,82.4,1,4,1,0,3
8,2,11,0,22.6,5.6,9.2,4.6,8,3,1,0,7
21,6,8,0,0,9.8,28.9,32.8,2,2,1,0,0
7,1,12,1,0,10.5,6.4,59.3,7,3,1,0,4
15,6,6,0,0,10,26.2,85.9,6,4,1,0,2
7,4,4,0,0,10.5,12.5,48.1,9,4,1,0,3
23,2,11,0,0,9.6,13.9,41.7,2,3,1,0,3
17,0,10,0,0,9.7,19.3,67.9,9,2,1,0,3
15,6,12,0,0,9.6,9.6,57.4,6,3,1,0,3
13,3,12,0,34.7,4,12.3,50.7,5,4,1,0,2
16,6,12,0,1.4,9.4,8.3,67.6,7,2,1,0,2
6,1,5,0,0,10.3,16,28.8,3,4,1,1,2
7,4,1,0,0,9.7,11.6,22.4,8,2,1,0,6
23,4,2,0,0,10.2,10.5,89,2,2,1,0,2
19,4,3,0,40.2,2.9,14.8,35.6,10,2,1,0,8
12,4,2,0,0,10,9.8,42.1,6,3,1,0,4
2,0,9,0,17.5,7,21.5,87.5,2,3,1,0,4
5,6,4,1,36.7,3.8,18.4,16.2,2,3,1,0,6
3,5,5,0,19.6,6.9,16.9,14.3,3,3,1,0,4
0,2,4,0,0,9.9,16.8,57.5,2,2,1,0,1
17,3,11,0,0,9.9,11.3,87.9,10,3,1,0,4
7,6,10,1,0,10,14.5,70.4,1,3,1,0,7
20,2,2,0,0,10.2,7.7,16.5,3,4,1,0,1
21,1,3,0,0,10.1,15,23.9,3,4,0,0,6
14,6,11,0,0,10.3,12.6,2.1,8,3,1,0,2
0,5,7,0,0,10.1,26.3,14.9,3,2,1,0,8
19,0,3,0,47.3,1.9,15.2,19.6,10,4,1,0,3
12,1,3,0,0,10.2,12.9,17.3,6,3,1,0,1
5,6,9,0,0,9.8,23.8,8.9,2,4,1,1,1
2,4,3,0,0,9.7,11.9,55.6,2,3,0,0,1
3,3,3,0,30.9,4.2,15.9,31.5,1,3,0,0,4
19,5,7,0,0,10.5,22.8,26.2,6,3,1,0,8
11,3,9,0,0,10.1,25.3,76.3,6,2,1,0,0
14,2,3,0,0,10.5,12.9,14.8,7,3,1,0,2
5,2,10,0,0,9.6,15.3,68.9,3,2,1,0,2
10,5,1,0,29,4.8,7.6,70.3,7,3,1,0,4
14,2,2,0,0,9.9,7.4,67.9,6,3,1,1,5
19,5,2,0,1.2,9.7,8.3,60.1,6,3,1,1,5
10,5,9,0,0,10.5,20.2,16.2,6,2,1,0,1
4,1,10,0,0,9.6,19.3,69.6,3,3,1,0,4
1,3,1,0,0,9.8,7.7,62.8,2,3,1,0,3
21,6,5,0,0,10.1,21,22.6,3,3,1,0,1
22,4,10,0,0,10,16.6,79.9,2,4,1,0,1
22,3,9,0,0,9.8,18.8,49.4,3,3,1,0,1
5,0,8,0,0,10.3,24.3,41.5,3,4,1,0,2
10,4,12,0,27.2,5,9.3,67.8,6,2,1,0,5
4,3,8,1,32.3,4.5,29.9,14.6,2,3,1,1,4
1,4,6,0,0,9.6,24.8,69.3,3,3,1,0,4
10,2,12,0,26.3,5.5,7.8,58.9,6,2,1,0,2
18,5,3,0,0,10.1,14,84.7,7,3,1,0,4
18,0,1,0,0,9.6,5.3,18.5,8,3,1,0,2
22,4,7,0,0,10.1,27.6,80.4,2,2,0,0,3
9,6,3,0,0,9.7,14.5,51.7,7,2,1,0,4
18,3,7,0,0,9.9,24.3,54.5,10,2,1,0,3
21,0,2,0,0,10.4,8.5,1.8,2,3,0,0,0
23,2,1,0,0,10.4,5.8,11.9,1,2,0,0,2
3,6,8,0,0,10.3,29.7,19.9,3,3,1,0,3
17,1,4,0,0,10.4,12.5,58.3,9,3,1,1,6
11,5,11,0,3.8,9.4,15.4,72.8,7,4,1,0,2
10,4,6,0,38.8,2.9,21.2,65.7,5,3,1,0,5
2,0,3,1,0,10,13.3,0.1,2,2,1,0,0
9,1,2,0,0,10.3,6,25.8,8,3,1,0,1
1,4,5,0,0,9.7,20.4,29.8,2,4,1,0,3
8,2,2,0,48.2,1.2,7.7,65.9,8,4,1,0,5
21,4,11,0,0,9.8,13.2,70,4,4,1,0,4
11,5,3,1,0,9.5,10.4,17.6,4,3,1,0,2
10,1,9,0,0,9.8,22.5,14,7,2,1,0,1
6,2,9,0,0,10.2,23.9,80.6,2,2,1,1,3
0,1,9,1,0,9.8,20.4,80.6,2,4,1,0,3
0,2,5,0,38.3,3.2,15.4,52.3,3,2,1,1,2
23,4,8,0,0,9.8,26.2,33.6,2,3,1,0,3
11,5,7,0,0,9.8,23.1,15.8,7,2,1,1,2
13,6,8,0,0,10.4,28.1,15.6,7,2,1,0,2
3,2,10,0,14.7,7.6,19.8,63,2,3,0,0,2
18,1,9,0,0,9.9,24,89.5,10,3,1,0,3
15,3,11,0,38.8,3.5,11.6,48.3,6,3,1,0,6
2,2,11,0,0,10,14.1,57.6,2,3,0,0,8
22,1,7,0,0,10.1,25.7,2.1,2,2,0,0,2
15,2,10,0,26.3,5.6,18.8,34.3,5,3,1,0,2
16,3,3,0,0,10.3,13.8,79.4,6,4,1,0,3
12,0,6,0,0,10.3,22.2,69.1,6,3,1,1,2
12,4,3,0,0,10.1,15.1,63.9,5,4,1,1,2
3,0,12,0,17.3,6.8,11,12.6,3,2,1,0,1
19,4,11,1,0,9.8,15.4,89.5,8,3,1,0,9
23,3,1,0,0,10,12.5,18.8,1,3,1,0,1
3,1,2,0,22.4,6.4,10.6,45,2,2,1,0,3
13,2,8,0,0,10.2,27.5,56.7,6,3,1,0,0
2,2,6,0,0,10.3,21.3,58.5,3,2,1,0,2
11,5,9,0,0,9.6,19.1,39.9,7,3,1,0,1
1,3,7,0,0,9.7,26.7,67.6,2,3,1,0,3
14,3,5,0,41.8,2.8,22.7,17.3,6,4,1,0,2
21,5,9,0,0,10.4,26,89.8,2,2,1,0,1
14,1,5,0,0,10.1,19.1,86.6,6,2,1,0,4
5,3,8,0,0,10.1,23.5,46.6,2,2,1,0,0
16,3,11,0,0,9.6,10.5,7.4,6,4,1,0,2
9,0,11,0,0,9.8,16.7,90,7,4,1,0,4
11,6,1,0,16,7.3,6.9,17.8,7,3,1,0,3
19,2,10,1,0,10,21,76.7,6,2,1,0,5
15,3,4,0,0,9.8,18.1,48.7,5,4,1,0,1
13,3,4,0,0,10.3,17.5,54.3,5,3,1,0,1
19,6,8,0,0,10.2,24.1,51.6,5,4,1,0,1
13,2,11,0,0,9.9,16.8,83.5,6,4,1,0,3
11,6,4,0,12.8,8.1,14.3,73.9,6,3,1,0,2
22,4,3,0,0,9.7,8.4,74,2,3,1,0,5
18,4,11,0,0,9.8,9.8,34.4,10,3,1,0,4
19,0,5,0,0,10,16.7,30.5,9,2,1,0,3
12,5,11,0,0,9.8,15.6,70.1,7,3,1,0,2
2,4,2,0,0,9.8,12.7,59.7,3,3,1,0,1
22,6,8,0,0,9.8,27.8,50,3,2,1,0,4
22,4,9,0,0,9.6,19,43.3,1,2,1,0,1
11,0,3,0,0,9.8,14.7,72.2,6,2,1,0,0
3,0,12,0,0,9.8,13.3,50.1,3,2,1,0,1
12,0,2,0,0,10,8.9,60.1,6,4,1,0,4
10,0,9,1,0,9.9,24.7,24.2,4,2,1,0,2
6,2,5,0,0,9.9,16.2,58.8,2,3,1,0,2
15,3,10,0,0,10.3,16.3,68.9,6,3,1,1,1
9,4,7,1,0,10.1,28.1,3.8,6,3,1,0,5
16,6,9,0,0,10,25.2,38.9,7,3,1,0,5
13,2,7,0,0,10.1,26.1,88.6,7,4,1,0,2
16,2,9,0,0,10.5,21.5,54.3,5,2,1,0,1
6,4,4,1,0,10.4,18,51.4,1,3,1,0,1
22,5,7,0,0,10.2,29,71.4,3,2,0,0,7
17,3,6,0,0,10,26.6,70.5,9,2,1,0,4
12,5,4,0,0,10.1,17,18.8,7,4,1,0,2
9,6,3,0,29.9,5.1,12.6,73.4,8,3,1,0,6
6,2,8,0,0,10.4,23.7,44.5,3,4,1,0,0
5,4,3,0,0,9.6,9.2,2.2,1,3,1,0,5
23,3,12,0,0,10.4,6.6,20.3,1,2,1,0,2
17,6,3,0,0,9.6,12.4,61.9,6,2,1,0,8
23,0,5,0,0,10.1,22.1,80,2,4,1,0,2
22,4,10,0,0,10.3,21.2,52.1,1,2,1,0,3
21,4,10,0,0,9.5,21.3,3.5,3,3,1,0,2
23,6,3,0,0,10.2,14.5,27,3,3,1,1,3
17,1,5,0,0,9.7,17,26.2,9,3,1,0,4
6,4,3,0,0,9.6,12.8,33.7,4,3,1,0,0
20,1,12,0,0,10.2,7.4,86,4,2,1,1,3
1,2,10,0,3.3,9.3,15.3,75.6,2,2,0,0,5
15,3,11,0,0,10.1,12.3,65.1,5,2,1,0,3
2,5,5,1,0,10,22.6,31,2,2,1,0,1
17,1,6,0,0,9.7,25.4,45.5,8,2,1,0,6
9,5,11,0,0,10.5,12.8,82.5,8,2,1,0,8
7,1,3,0,0,9.8,8.9,20.8,7,3,1,0,2
6,3,12,0,12.3,7.5,10.3,17.8,4,2,1,0,4
1,4,9,0,0,9.9,18.3,8.6,1,2,1,0,4
16,4,3,0,0,10.2,11.6,25.8,6,3,1,0,1
8,6,1,0,0,10.2,11.7,63.2,3,2,1,0,3
13,1,10,0,0,10,14.3,67.4,7,3,1,0,5
6,0,3,0,0,10.4,13.6,34.3,4,3,1,0,1
21,0,3,0,26.8,5.1,12.4,26.7,3,4,1,0,2
5,6,12,0,27.5,5.2,13,53.5,3,2,1,1,4
8,0,1,0,0,9.6,10.5,37.9,7,4,1,1,8
5,0,6,0,0,9.7,23.9,41.8,3,2,1,0,0
17,3,2,0,0,9.7,14,80.8,9,2,1,1,5
10,0,11,1,23.9,5.9,9.1,60.4,4,3,1,0,8
5,6,7,0,0,9.8,23.1,47.9,3,2,1,0,1
9,3,8,0,0,10,27,55.1,9,4,1,0,3
2,6,6,0,0,10.3,25.5,78.1,2,4,1,0,2
18,4,9,0,0,10,20.3,19.8,9,2,1,0,3
0,0,9,0,0,9.5,22.9,6.3,2,2,1,0,2
2,6,7,0,0,9.8,27.9,25.9,4,3,1,0,4
16,1,4,0,0,10,11.8,35.5,5,3,1,0,1
16,4,1,0,0,10.3,12.3,11,6,3,1,0,1
16,6,7,0,0,10.2,28.2,48.9,5,2,1,0,0
16,1,3,0,0,9.8,10.1,78.9,5,4,1,0,1
17,2,10,0,0,10.4,15.3,64.9,8,2,1,0,8
16,5,3,0,0,10.3,10.1,52,6,3,1,0,1
20,6,2,0,0,9.6,12.1,36.6,4,4,1,0,1
11,2,8,0,0,10,23.4,69.1,6,4,1,0,3
20,2,8,0,0,10.5,22.5,40.5,3,2,1,0,3
13,3,6,0,0,10.2,24.1,9.6,5,2,1,0,1
14,2,6,0,0,10.1,25,13.5,6,3,1,0,0
7,3,12,0,0,10.3,7.6,68,7,2,1,0,3
1,4,6,0,0,9.8,25.2,79.7,3,3,1,0,1
22,2,8,0,0,9.8,23.6,35.4,1,2,1,1,1
16,4,8,0,0,10.1,28.1,61.7,5,3,1,0,4
7,4,12,0,19.8,6.7,11.9,26.2,8,3,1,0,8
6,3,2,0,0,9.9,7.5,12.8,3,4,1,0,2
8,6,2,0,0,10.2,6.2,25.2,2,2,1,0,5
4,3,7,0,0,9.7,25.3,81.5,3,2,1,0,3
20,6,12,0,0,10,9.9,18.4,3,3,1,0,0
3,4,8,0,0,10.2,23.1,57.8,3,3,1,0,2
21,6,11,0,15.4,7.6,13.2,72.5,2,3,1,0,4
20,3,11,0,0,10.4,16.3,63.2,3,2,1,0,3
12,1,11,0,0,10.2,12.6,38.5,6,3,1,0,1
12,0,1,0,0,9.9,7.1,58.6,6,4,1,0,3
14,2,3,0,0,9.5,15.9,57.8,6,3,1,0,2
23,4,11,0,0,9.7,12.3,6.2,2,2,0,0,0
17,0,3,0,0,10.2,10.4,34.9,8,4,1,0,2
13,3,7,0,0,9.9,26,4.7,7,3,1,0,1
5,1,11,0,31.3,4.6,10.5,35.6,2,3,1,0,4
10,4,9,0,0,10.2,23.4,79.1,5,3,1,0,2
8,6,7,0,0,10.1,25.3,64.5,4,3,1,0,4
7,5,2,0,46.3,2.1,10.6,42.3,3,4,1,1,2
7,5,12,0,0,9.7,7.3,22.3,3,2,1,1,2
10,5,12,0,0,9.6,11.9,80.5,6,3,1,0,1
8,0,2,0,0,9.9,8.1,14.3,8,2,1,0,3
9,6,10,0,30.2,4.9,17.3,46,7,3,1,0,6
6,6,1,0,40.7,2.7,12.6,84.7,3,3,1,0,6
18,1,4,0,0,9.6,13.4,5.3,8,2,1,0,3
12,5,9,0,0,9.8,25.4,17,6,4,1,0,5
15,2,2,0,0,10.3,8.7,65.7,6,2,1,0,2
18,5,8,0,0,9.7,29.5,0.3,5,2,1,0,7
9,5,5,0,13.6,7.2,16.6,12.7,6,4,1,0,5
7,2,9,0,11.8,8.2,25.2,5.7,8,4,1,0,4
22,5,5,0,0,9.6,22.4,77.8,2,2,1,0,3
22,5,7,0,0,9.5,24.6,64.1,3,2,1,0,3
6,2,1,0,0,10,7.6,10.5,4,2,1,0,1
21,0,6,0,0,10.1,24.1,52.1,2,3,1,0,0
7,1,8,1,0,10.3,22.3,58.3,6,2,1,0,3
6,6,5,0,18.8,6.2,18.5,61.6,2,4,1,0,3
1,5,3,0,0,10.5,13.7,48.1,3,3,1,0,2
16,6,1,0,0,10.1,12.1,83.7,7,2,1,0,2
10,1,2,0,19.4,6.4,11.7,61.6,6,2,1,0,3
20,4,11,0,13.9,7.8,13.4,60.3,3,3,1,0,4
16,2,6,0,0,9.8,23.1,73.9,7,4,1,0,2
7,4,9,0,0,10.5,22.6,26,8,3,1,0,2
1,1,7,0,0,10.1,24.9,27.7,2,4,1,0,2
0,6,8,0,0,10,29.2,79.1,3,2,1,0,4
4,4,8,0,0,10,22.8,70,3,4,1,0,2
7,1,12,0,0,10,8.1,58,9,2,1,0,1
8,1,3,0,0,9.6,14,68.7,9,3,1,0,3
21,2,7,0,34.7,3.6,26.3,79.2,3,2,0,0,6
9,5,7,1,0,10,22.5,3.6,5,4,1,0,0
9,0,2,0,0,9.8,9.4,63.7,8,2,1,0,2
10,2,1,0,0,9.8,5.7,14.4,7,3,1,0,2
12,4,9,0,0,9.7,24.1,13.6,6,3,1,0,2
18,4,11,0,0,10,16.9,3,10,3,1,0,4
22,6,4,0,40.1,2.7,17.2,8,4,3,1,0,3
8,5,4,0,0,9.9,16,27.5,3,3,1,0,3
18,5,12,0,4.8,8.9,8.4,0.5,6,3,1,0,2
12,4,3,0,18.9,7,13.8,36.6,6,3,1,0,2
18,0,4,0,0,10.3,16.4,6.4,10,3,1,0,3
8,3,7,1,0,9.6,23.2,9.8,5,4,1,0,3
12,2,4,1,0,9.9,13.4,81,5,4,1,1,6
14,2,8,0,0,10.1,23.8,42.5,6,2,1,0,2
16,2,12,1,0,10.2,11.1,69.3,5,2,1,0,3
22,4,10,0,0,9.9,18.5,75.9,2,3,1,0,3
14,2,7,0,0,9.8,22.3,38.3,7,2,1,0,3
2,0,7,0,0,9.6,29.5,31.3,2,2,1,0,2
10,0,3,1,18.1,6.4,8.2,43.5,4,3,1,0,1
18,3,3,0,0,9.7,9.9,34.2,9,2,1,0,3
17,4,6,0,0,10.4,21.6,77.6,9,2,1,0,6
19,2,3,0,0,9.8,8.3,25,9,2,1,0,4
17,4,1,0,0,10.1,6.7,57.6,9,2,1,0,5
3,0,7,0,0,10.5,28.5,14.5,2,4,0,0,2
19,3,6,0,0,10.1,25.8,74.4,9,2,1,0,7
2,2,4,0,0,9.9,17.1,76.4,2,3,1,0,1
9,5,3,0,0,10,14.2,73.1,8,3,1,0,4
2,3,1,0,0,10.2,8,46,3,3,1,0,4
3,6,5,0,0,9.5,17.3,48.7,2,3,1,0,4
18,4,7,0,0,9.8,28.7,71.6,10,2,1,0,6
17,3,9,0,0,9.7,22.5,60.1,10,3,1,0,8
2,2,11,0,0,10.4,16.9,57.9,2,3,0,1,3
5,6,8,0,0,10.1,22.7,64,4,3,1,0,5
18,3,5,0,0,10,21.7,60.7,9,2,1,0,5
11,0,2,0,47.6,1.8,8.3,25.1,6,2,1,0,9
16,5,4,0,0,9.7,18.4,87.8,5,3,1,0,3
2,6,3,0,23.9,5.9,11.6,38,2,3,0,0,7
21,6,10,0,0,9.9,14.6,70.4,3,2,1,0,0
13,5,12,0,8.7,8.3,7.6,2.8,7,3,1,0,4
4,6,3,0,0,9.5,11.1,71.5,3,3,0,0,2
20,0,2,0,0,9.7,8.3,13,3,4,1,0,2
15,0,5,0,0,10,18.8,71.2,7,4,1,0,3
2,3,8,0,0,9.8,27.6,45.7,3,3,1,0,4
13,2,9,0,11.6,8.2,23.6,15,7,2,1,0,2
7,6,1,0,0,10.4,12.4,74.7,3,3,1,0,2
22,2,7,1,0,10.3,23.2,62.7,2,4,1,0,2
3,5,8,0,0,10.3,22.7,86.6,3,2,1,0,3
21,6,10,0,0,9.5,15.6,72.3,3,3,1,0,2
1,6,12,0,6.2,8.6,10.2,19.3,3,3,1,0,5
7,0,5,0,0,9.6,19.5,52.7,9,2,1,0,2
12,2,7,0,0,9.8,23.3,35.1,6,2,1,0,2
3,5,10,0,0,10.5,19,16.8,2,3,1,0,2
23,3,7,0,0,10.4,26.6,15.9,1,2,0,0,3
17,1,12,0,40.3,2.6,10.7,26.5,8,2,1,0,5
5,0,9,0,0,9.6,25.6,84.6,1,3,0,0,2
6,1,5,0,44.6,2.5,18.7,67.2,3,3,1,0,2
23,1,8,0,0,9.7,22,23.6,2,3,0,0,2
2,5,8,0,49.4,1.1,23.4,38.8,2,3,1,0,4
1,6,3,0,27,4.7,9.7,16.8,4,3,1,0,9
2,5,9,0,0,10,19.8,20.7,3,3,1,0,2
6,5,1,0,0,10,10.4,45.4,2,3,1,1,4
5,5,8,0,0,10.1,25.7,70.5,2,2,1,0,1
16,2,5,0,0,10.4,18.7,58.4,6,4,1,0,1
18,2,5,0,11.5,7.7,15.3,33.6,9,3,1,0,2
16,4,3,0,5.3,8.5,12.2,40.8,6,2,1,1,7
23,3,11,0,0,9.8,15.9,87.6,2,3,1,0,4
15,4,2,0,0,9.5,13.4,84.2,7,2,1,0,5
6,0,7,0,0,10.5,29.1,62.6,3,2,1,0,2
1,5,5,0,0,10.1,18,74.9,4,2,1,0,3
3,3,11,0,0,10.5,17,14.8,2,3,0,0,2
12,5,11,0,0,10,10.6,52.2,8,3,1,0,3
8,1,6,0,0,10.2,27,82.4,9,2,1,0,5
4,1,3,0,0,9.9,9,55.5,2,2,1,0,2
1,2,4,0,0,10.4,15,49.4,2,3,1,0,2
11,2,12,0,0,10.5,10.2,1.7,5,3,1,0,3
9,0,7,0,0,10.1,24.4,30.6,7,2,1,0,3
3,5,11,0,0,9.6,10.5,48.9,2,2,0,1,1
13,5,11,0,0,9.7,10.6,38.6,6,4,1,1,4
23,6,7,0,0,10.2,26.7,85.1,2,3,1,1,3
7,2,1,0,39.4,2.7,8.7,26.4,8,2,1,0,8
5,1,6,0,0,10.3,23,51.6,1,2,1,0,2
22,2,2,1,0,10.1,8.8,57.7,1,3,0,0,1
10,3,3,0,0,9.5,10,51.9,7,3,1,0,1
8,1,5,0,0,10.4,17.2,45.5,8,3,1,0,3
0,0,4,0,0,9.6,16.3,73.1,1,3,0,0,2
3,1,11,0,0,9.6,11.3,67.7,1,2,1,0,2
15,5,11,0,17.7,7.1,14.2,40.6,6,4,1,0,5
8,1,6,0,0,9.9,21.1,66.6,7,4,1,0,4
15,2,10,1,0,10.4,19.2,34.3,4,3,1,0,1
17,6,6,0,0,9.6,21.5,45.9,6,3,1,0,0
8,3,10,0,0,10.1,16.5,34,8,3,1,0,4
7,2,1,1,35,3.3,9.9,79.4,5,2,1,0,4
4,5,2,0,0,9.5,8.4,23,2,3,0,0,3
14,3,12,0,6,9.1,13.7,13.4,5,4,1,0,1
6,3,12,1,0,9.8,10,81.9,2,2,1,0,3
10,6,4,0,0,10.2,15.6,10.8,7,3,1,0,3
9,1,1,0,0,10.1,8.2,2.9,9,4,1,0,3
22,0,10,0,0,9.7,20.2,29.9,2,4,1,0,1
17,0,7,0,0,9.8,24.2,0.6,9,4,1,0,3
1,6,5,0,0,10.4,19.9,31.9,4,3,1,0,2
9,0,3,0,0,10.1,13.4,11.2,8,3,1,0,2
12,4,4,0,5.6,8.5,13.8,67.7,6,4,1,0,4
9,5,10,0,0,9.9,17.5,83.2,7,2,1,0,4
23,4,1,0,15.1,7.2,6.5,20,1,4,0,0,4
1,1,9,0,0,10.2,25.7,49.3,3,3,1,0,4
17,6,8,0,0,9.9,25.1,38.7,6,3,1,0,3
17,1,4,0,9.4,7.9,13.3,67.2,8,3,1,1,7
16,2,4,0,0,10.4,12.4,33.1,6,2,1,0,1
11,4,5,0,1.4,9.5,21.7,3.2,5,4,1,0,3
3,3,4,0,0,9.9,13.8,31.1,2,2,1,0,2
2,2,3,0,0,9.8,9.8,44.5,3,2,1,0,1
16,0,1,0,43.4,2.6,9.9,18.3,6,3,1,0,6
23,1,2,0,0,10.4,6.1,69.8,2,3,1,0,3
9,4,9,0,0,9.5,24.6,67.8,9,2,1,0,2
14,3,7,0,0,9.9,29,33.6,6,3,1,0,1
4,5,9,0,0,9.6,25.8,15.8,4,3,1,0,3
23,2,8,0,0,10.5,22.7,38.9,1,2,1,0,1
16,5,12,0,0,9.6,7.2,78.6,6,4,1,0,2
11,5,6,1,0,10.4,20.7,80.3,5,3,1,0,3
5,4,9,0,0,9.6,22.9,56.4,1,3,0,0,1
21,2,7,0,0,9.9,24.7,10.9,2,2,1,0,0
5,5,2,0,0,9.6,13.1,52.6,4,3,1,0,3
16,5,9,0,0,9.7,21,6.4,6,3,1,0,2
9,2,8,1,20.4,6.5,22.4,75,5,4,1,0,5
8,1,4,0,0,9.8,13.7,24.6,9,3,1,0,3
20,1,1,1,49.2,1.5,8.6,33.2,2,3,1,0,5
2,6,8,0,0,9.8,22.6,19.5,2,2,1,0,3
21,1,10,0,0,10.3,16.6,85.2,3,4,1,1,3
0,6,6,0,26.2,5.5,23.1,72.7,2,4,1,0,3
22,0,12,0,31.7,4.3,10.3,53.2,2,3,1,0,2
21,4,8,0,22.7,5.7,26.7,61.3,3,3,1,0,2
13,3,8,0,0,9.8,27.9,49.5,5,3,1,0,1
16,2,8,0,0,9.6,28.9,85.3,6,4,1,1,1
16,6,10,0,27.4,5.2,14.6,61.1,7,3,1,0,3
10,0,12,0,0,10.4,9.6,41.2,5,3,1,0,1
3,6,4,0,0,9.7,14.1,17.7,3,4,1,0,5
0,0,2,0,0,9.8,11,15.2,2,4,0,0,5
17,0,5,0,0,10.3,17.2,51.6,10,2,1,0,5
22,2,4,0,42.9,2.5,15.4,32.4,1,3,1,0,2
11,2,10,0,0,10.1,15.7,1.5,6,4,1,0,3
1,4,12,0,20.3,6.7,10.5,46.5,3,2,1,0,3
19,6,2,0,0,9.9,13.6,86.5,6,3,1,0,3
0,1,12,0,0,10.1,7.4,19.2,2,3,1,0,3
5,5,5,0,0,9.8,15.7,83.1,2,3,1,0,0
6,3,8,0,0,9.5,26.7,89.9,3,4,1,0,0
0,6,10,0,43.2,2.6,21.6,5.5,4,2,1,0,4
10,5,5,0,0,10.3,16.1,44.5,7,3,1,0,3
15,2,9,0,0,9.8,23.2,23.2,7,2,1,0,3
10,0,5,0,0,9.6,20.6,75.9,6,3,1,0,4
1,3,7,0,0,9.8,22.2,6.3,2,2,1,0,3
22,3,1,0,5.5,9.1,11.5,54.9,3,2,1,0,2
0,1,1,0,15.9,7.4,12.3,11.8,2,2,1,0,1
11,6,7,0,0,9.8,29.6,72.8,7,4,1,0,1
14,6,3,0,0,9.6,14.9,51.2,6,2,1,0,1
14,2,5,0,0,10.1,15.6,39.3,6,3,1,0,1
4,0,2,0,0,10.1,6.6,20.8,2,3,1,0,1
1,1,9,0,0,9.8,21.7,76.5,1,3,1,0,4
4,2,12,0,0,9.6,11.8,26.2,3,3,0,0,2
3,2,4,0,0,10.4,16.7,32.7,2,3,1,0,1
2,1,12,0,0,9.7,13.5,44.5,2,3,1,0,2
11,3,5,0,0,9.9,22.5,72.4,7,4,1,0,2
18,6,12,0,0,9.7,8.4,12.8,5,4,1,0,6
9,3,2,1,25.9,5.2,11,75.3,6,3,1,0,5
10,4,11,0,0,10,11.8,55.7,6,2,1,1,3
17,0,8,0,0,10.1,22.5,84,8,3,1,0,4
23,5,10,0,36.5,3.6,14.3,61,3,3,1,0,7
23,2,10,0,0,9.6,19.6,10,2,3,0,0,2
20,3,1,0,0,10.2,6.2,32,3,3,1,1,4
4,6,2,0,0,9.8,12.9,49.1,4,2,0,0,3
3,0,8,0,6.5,8.5,28.7,79.7,2,2,1,0,3
3,1,2,0,0,10.3,13.8,80.8,1,2,1,0,3
6,5,7,0,11.7,7.7,28.9,1.3,3,2,1,0,3
22,4,5,0,0,10.4,18,55.7,2,2,1,0,0
6,6,11,0,48.1,1.1,12.4,56,2,3,1,0,5
10,2,9,0,0,10.1,25.8,81.7,7,2,1,0,4
10,0,8,0,37,2.9,28.9,50.9,7,4,1,0,4
6,6,10,0,0,10.2,17.2,18.4,3,3,1,0,0
21,0,3,0,35.7,3.7,14.4,17.2,3,3,1,0,5
3,6,6,0,0,10.1,25.5,1.2,2,3,1,0,3
6,1,6,0,0,9.7,25.8,71.5,3,4,1,0,0
10,6,1,0,0,9.7,9.7,53.1,6,3,1,0,1
13,1,9,0,0,9.6,19.1,26.6,7,4,1,0,2
11,3,12,0,0,10.4,11.3,58.4,7,3,1,0,3
19,2,9,0,0,10.1,21.3,29,10,3,1,0,4
2,5,2,0,0,9.6,11.8,35.9,3,3,1,0,1
9,6,5,1,0,10.3,18.6,62.7,5,2,1,1,5
21,5,9,0,0,10.2,25.6,87.6,3,3,1,0,6
5,0,11,0,0,10.4,15,57.5,2,3,0,0,3
16,1,8,1,0,10.2,23.5,40.8,3,4,1,0,0
16,1,2,0,46.4,1.4,12.9,33.1,5,2,1,0,8
13,5,3,0,0,9.8,10.9,45.6,7,2,1,0,1
18,5,10,0,0,9.8,21.4,14.1,5,2,1,0,1
11,5,10,0,0,10.1,16.6,28.3,7,2,1,0,5
18,0,3,0,0,10.4,12.5,40.3,8,3,1,0,4
6,0,1,0,0,10.1,11.9,31.8,4,3,1,0,0
19,2,11,0,0,9.9,9.6,31.3,9,3,1,0,4
20,0,4,0,0,10.4,14.4,63.5,2,4,1,0,3
0,2,4,0,31.5,4.2,15.4,16.4,2,4,1,0,3
7,2,2,1,0,10.1,12.4,15.5,6,2,1,0,3
23,5,10,0,0,10.3,21.9,54.3,2,3,0,0,2
2,5,3,0,14.8,7.3,8.8,76.1,3,3,1,0,6
17,0,2,0,25.9,5.5,7.8,31.6,8,3,1,0,7
10,6,1,0,0,9.9,10.5,84,8,4,1,0,4
17,0,7,0,0,10.4,27.7,5.4,9,2,1,0,1
17,5,5,1,0,9.6,17.4,25.2,4,2,1,0,6
4,6,5,0,0,10.2,16.3,26.1,3,2,1,0,3
23,4,10,0,0,9.9,19.6,29.5,2,3,1,0,5
22,3,10,0,0,10,20.8,39.5,3,2,0,0,3
5,5,4,0,0,9.8,17.4,58.3,4,3,1,1,5
20,5,1,0,37.6,2.8,11.5,42.7,4,3,1,0,5
0,6,2,0,0,9.9,12.7,90,2,2,1,0,5
3,0,5,0,0,10.1,17.2,70.9,2,2,1,0,1
4,0,12,1,0,9.8,13.7,7.8,2,3,1,0,1
16,5,3,1,0,9.6,14.4,15.5,5,2,1,0,0
16,4,12,0,0,10,9.4,67,5,2,1,0,1
16,2,6,0,0,10.1,24.8,17.1,7,3,1,0,2
1,5,8,0,0,10.4,29.5,76.6,3,3,1,0,3
5,6,6,0,0,10,24.3,77.2,3,2,1,0,0
11,5,2,0,0,9.5,6.2,23.8,8,3,1,0,6
16,1,2,0,0,9.5,9,69.5,6,3,1,0,7
4,2,4,0,0,9.9,16.7,36.6,2,2,1,0,3
0,1,9,0,0,10.3,22,11.4,2,3,1,0,0
23,6,7,0,0,10.4,26.2,69.1,2,2,1,0,3
10,5,11,0,0,9.5,14.2,64.4,7,3,1,0,4
4,0,10,1,0,10.2,15.5,2.8,2,2,1,0,4
11,5,1,0,0,9.8,11.9,27.8,8,4,1,0,3
21,5,12,0,0,9.8,6.8,4.9,2,2,1,1,3
4,5,1,0,0,9.9,8,60.7,3,4,1,0,5
15,0,9,0,0,9.9,19.1,13.5,5,3,1,0,4
12,6,10,0,0,9.9,17.6,25.1,7,3,1,0,2
10,5,1,1,0,10.1,11.1,51.8,5,4,1,0,2
18,1,2,0,30.3,4.9,7.1,8.3,8,3,1,0,9
20,2,5,0,0,9.6,17.6,8.2,3,3,1,0,1
0,6,1,0,0,9.7,8.1,12.9,3,3,1,0,4
10,4,2,0,0,9.9,13.3,0.3,7,3,1,0,1
21,5,2,0,0,10.4,12.3,8.2,3,4,1,0,1
13,3,2,0,4.3,8.8,9.8,32.7,5,2,1,0,1
12,5,2,0,8.7,8.6,12.6,34.8,6,3,1,0,2
22,1,2,0,0,10.3,11,71.1,1,3,1,1,8
14,1,8,0,0,9.9,27.9,62.1,6,3,1,0,0
18,6,5,0,6.8,9,19.9,24.5,5,3,1,0,4
18,4,5,0,0,10.2,16.1,33.7,9,3,1,0,4
2,1,7,0,0,10.4,26.2,38.8,1,2,1,0,0
11,3,2,0,0,9.7,6.6,60.4,6,3,1,0,3
22,4,1,0,0,9.6,6.7,78.2,2,2,1,0,1
16,4,1,0,0,10.2,5.4,43.4,6,2,1,0,2
20,4,2,0,0,10.4,12.5,74,2,2,1,0,3
21,5,9,0,0,9.8,19.6,28.6,4,3,1,0,2
17,0,6,0,0,10.3,22.9,85.6,9,3,1,1,3
13,2,5,0,0,9.8,19.6,65,6,3,1,0,4
15,0,3,0,0,10.4,10,13,7,2,1,0,2
2,2,8,0,0,10.3,28.5,74.2,1,4,1,0,4
23,0,5,1,0,9.8,21.8,79.9,3,3,1,0,4
6,2,6,0,33.6,3.5,22.8,88.2,4,3,1,0,3
11,4,11,0,0,10,13.9,83.3,6,2,1,1,1
8,6,1,0,11.1,8.1,12.2,82.4,3,3,1,0,6
19,5,5,0,0,10.3,17.2,46.3,7,3,1,0,6
14,3,9,0,0,9.7,21.5,62.8,5,2,1,0,3
1,1,7,0,0,10.4,22.3,42.2,2,3,1,0,0
22,5,8,1,0,10.3,22.9,87.7,3,2,1,0,7
22,2,10,0,0,9.6,21.8,32.1,2,2,1,0,0
21,0,2,0,0,9.8,13,34.3,4,2,0,1,6
9,3,3,0,0,9.8,8.1,62.7,7,3,1,0,4
16,4,2,0,0,10.2,11.8,9.7,7,3,1,0,1
11,6,12,0,0,10.3,10.7,47.3,7,3,1,0,2
19,2,7,0,0,9.6,28.4,72.6,9,3,1,0,5
9,6,12,0,0,9.9,13.5,67,7,2,1,0,4
6,3,8,0,0,10.2,24.7,24.3,4,2,1,0,1
18,3,8,0,0,9.8,22.8,74.9,9,3,1,0,3
11,4,1,0,25.5,5.4,11.1,84.8,6,3,1,0,3
21,4,10,0,0,10,17.7,63.9,2,3,1,0,3
18,4,12,0,0,10.2,7.6,57.4,8,4,1,0,2
18,3,12,0,0,10.1,7.5,1.5,9,4,1,0,6
12,1,5,1,0,9.6,17.7,61.2,4,4,1,0,7
4,5,12,0,32.6,4.1,10.2,46.9,3,3,0,0,6
4,4,10,0,40,2.5,17.6,87.8,3,2,0,0,5
5,5,5,0,0,10.4,21.6,70.4,4,3,1,0,3
14,2,2,0,24.5,5.2,12.8,71.7,6,4,1,0,1
5,1,5,0,8.9,8.8,20.5,21.3,3,2,1,0,0
12,4,5,1,0,9.8,23,51.5,3,3,1,0,0
20,4,4,0,0,10.3,11.3,63.7,3,4,1,0,4
20,3,2,1,0,10.2,9.9,25.1,2,3,1,0,2
3,2,2,0,7.3,8.4,6.9,60.4,3,4,1,0,1
5,1,12,0,0,10.3,7.7,52,2,4,1,0,2
5,3,4,0,5.4,8.8,18.5,55.6,2,2,1,0,2
21,1,2,1,0,10,8.4,59.6,1,4,1,0,5
9,5,12,0,0,10,10.9,48.4,6,3,1,0,5
8,6,4,0,0,10.2,19,7.1,3,2,1,0,4
0,3,5,0,0,9.6,20,56.7,2,2,1,0,0
11,1,11,0,0,9.7,12.6,33.6,6,4,1,0,2
13,5,12,0,0,10.4,9.4,85.2,6,2,1,0,4
7,0,6,0,0,9.8,20.6,58.4,7,4,1,0,3
13,6,9,0,0,10.3,24.6,51.7,8,2,1,0,2
17,5,6,0,0,9.6,25,38.6,6,3,1,0,1
10,6,7,0,0,9.8,26.3,46.7,7,2,1,0,3
22,3,9,1,0,10.5,20.7,66.8,2,3,1,0,1
12,4,9,0,0,9.7,25.6,32.3,5,3,1,0,0
20,1,7,0,0,10.2,23.7,4.5,3,2,1,0,1
11,3,5,0,0,10.5,17.1,4.7,6,3,1,0,2
15,5,5,0,0,10.3,22.5,22.6,7,4,1,0,6
21,0,10,0,0,9.8,18.8,16.4,3,2,1,0,2
18,2,5,0,0,10,16.1,57.2,9,3,1,0,8
8,4,6,0,0,10.1,25.3,27.4,8,4,1,0,2
17,4,3,0,0,9.5,13.8,30.3,10,2,1,0,2
18,5,5,0,0,9.6,15.7,88.1,6,3,1,0,3
21,2,11,0,29.3,5.1,9.6,35.7,3,3,1,0,6
23,3,4,0,0,9.6,15,65,3,3,1,0,4
13,6,6,0,0,9.8,22.7,27.9,7,2,1,0,1
14,0,2,1,0,9.9,10.6,53.9,4,2,1,0,2
9,2,4,0,0,10,13.5,31,7,3,1,0,4
23,1,4,0,0,10.4,11.9,86,3,3,1,0,0
6,2,12,0,16.7,7,11.5,87.5,3,4,1,0,7
16,6,5,0,0,10.4,18,86.9,6,3,1,0,3
12,1,11,0,27.1,5.1,10.4,44.9,7,4,1,0,4
14,1,10,1,0,10.3,14.4,44,3,4,1,0,0
21,1,7,0,0,9.6,24.1,62.8,3,4,1,0,1
8,0,3,0,35.8,3.8,9,17.6,9,3,1,0,6
8,4,12,0,0,9.8,10.2,6.6,8,3,1,0,6
0,1,11,0,20,6.3,12.9,30.6,3,4,0,0,3
21,3,1,0,0,9.7,13,49.3,3,3,1,1,0
6,0,9,0,0,10.4,22.2,19.2,3,2,1,0,0
9,6,5,0,0,9.9,20.1,88.8,6,2,1,0,4
0,2,9,0,0,10.4,20.5,58.7,3,4,1,0,5
18,1,9,0,0,10,22.8,12.8,9,2,1,0,3
17,5,10,1,0,9.9,20.5,58.7,5,3,1,0,6
9,2,12,0,0,9.9,6.4,9.9,8,2,1,0,5
6,6,9,0,0,10.1,21.2,68.8,3,2,1,0,1
3,2,11,1,0,9.8,10,76.4,1,2,1,0,2
6,1,6,0,39.9,2.3,26.9,43.9,3,2,1,0,1
16,1,9,0,0,10.3,23.3,40.4,5,3,1,0,1
7,0,11,0,0,10.1,14.6,43,7,4,1,0,0
18,3,8,0,0,10.4,29.9,52.7,8,3,1,0,8
12,0,7,0,0,10.3,27.4,76,6,2,1,1,2
5,3,9,0,0,10.5,22.3,37,3,2,1,0,2
4,4,12,0,0,10.2,8.2,26.3,3,3,1,0,4
5,0,2,0,0,10.1,10,31.2,2,2,0,0,4
23,3,9,0,0,10.5,23.9,18.8,1,3,0,0,3
21,2,1,0,0,9.9,8.6,25.4,4,3,1,0,1
16,4,8,0,0,9.5,24.1,77.2,5,3,1,0,3
16,4,9,0,0,10,24.6,74,7,2,1,0,5
18,4,6,0,0,10.3,22.4,0.8,8,4,1,0,5
23,6,9,0,0,10.4,23.1,61.4,2,3,1,1,4
20,0,12,0,0,9.8,12.5,84,3,4,1,0,2
22,2,5,0,9,8.4,22.6,52.2,2,2,1,0,1
16,4,4,0,0,9.8,18.1,35,6,3,1,0,1
8,6,2,0,0,9.6,6.8,44.9,3,3,1,0,3
12,3,4,0,0,9.7,13.2,19.6,7,2,1,0,2
15,4,12,0,0,9.8,10.4,37.7,6,2,1,0,2
3,0,11,0,16.4,7,11.9,24.7,2,3,0,0,4
13,4,4,0,0,9.9,12.1,74.6,7,3,1,0,1
7,3,2,1,0,9.5,7.3,20.3,6,2,1,0,4
8,1,12,0,0,9.8,10.3,64.2,7,3,1,0,7
8,5,8,0,0,9.9,22.9,28.4,4,3,1,1,6
16,5,10,1,11.9,8.1,20.2,84.7,4,2,1,0,2
16,1,6,0,0,10,23.5,25.4,6,3,1,0,0
16,6,6,0,0,9.7,19,55,6,3,1,0,1
14,5,6,0,0,10.3,22.3,50.4,6,3,1,0,2
9,6,2,0,0,9.7,13.1,44,6,2,1,0,5
18,0,3,1,0,10.3,9.9,54.9,6,2,1,0,7
13,0,3,1,0,9.6,15.1,40.3,3,3,1,1,1
11,1,2,0,0,10.4,8.8,13.8,6,3,1,0,0
19,1,12,0,21.2,6,8.9,37.3,9,4,1,0,4
1,4,6,0,0,10,26.8,21,2,3,0,0,6
2,6,11,0,0,9.9,16.5,57.8,3,4,1,0,4
16,6,2,0,0,9.6,11,38.6,5,2,1,0,1
14,0,10,0,43,2.7,21,68.5,5,2,1,0,5
20,2,7,0,0,9.5,22.4,81.1,4,3,1,0,5
1,1,8,0,0,10,29.7,17.5,3,3,1,0,5
0,5,6,0,0,10.2,26.9,89.8,2,3,1,0,1
3,1,5,0,35.9,3.9,18.5,2.8,2,3,1,0,2
3,4,7,0,0,9.7,26.7,17.3,2,3,1,0,3
16,6,12,0,16.9,7.1,7,46.9,6,4,1,0,3
17,4,3,0,9.6,8.5,11.7,27.6,10,3,1,0,3
10,5,5,0,0,9.7,22.8,82.9,7,3,1,1,6
3,0,12,0,41,2.6,10.5,44.6,2,2,1,0,0
10,6,5,0,0,9.6,21.9,20.7,6,2,1,0,3
14,1,5,0,0,10,22.6,14.7,5,3,1,0,0
20,5,4,0,43.8,1.7,11.8,12.9,3,3,1,0,7
22,4,8,1,0,9.8,22.6,89.1,2,3,1,0,4
4,2,7,1,0,10.4,27,58.2,1,2,1,0,2
1,6,12,0,5.6,9.1,10.8,36.8,2,3,1,0,3
21,2,1,1,0,9.6,11.4,87.6,2,3,1,0,4
17,4,5,0,0,10.2,15.6,61.2,8,4,1,0,3
23,1,12,0,0,10,7.9,76,3,2,1,0,5
21,5,8,0,0,9.6,27.4,48.8,3,2,1,0,0
14,2,12,0,0,10.3,9.3,58.5,6,3,1,0,1
0,0,12,0,8.5,8,8.3,16,2,3,1,0,2
20,2,12,0,0,9.7,10,60,4,3,1,0,2
13,2,10,0,0,10.3,20.1,4.9,5,2,1,0,0
23,3,6,0,0,10.2,22.5,15.7,3,4,1,0,1
13,4,2,0,34.7,3.4,8.6,38.3,5,4,1,1,4
6,4,9,0,0,10.2,25.5,6.9,2,2,1,0,4
4,6,2,1,40.2,2.5,7.4,77.7,2,4,1,0,4
0,4,6,0,34.8,4.1,25.8,79,1,4,1,0,3
5,4,8,0,0,9.6,26.2,35.6,3,2,1,0,1
19,4,2,0,0,10,13.1,9.7,8,3,1,0,6
13,0,1,0,0,10.3,7.4,65.1,6,3,1,1,2
13,5,3,0,0,10.1,12.9,5,6,2,1,0,3
18,6,2,0,0,9.9,9.4,82.7,6,3,1,0,6
11,2,8,0,0,9.5,28.7,32.5,6,3,1,0,2
22,3,2,0,39,2.5,6.2,18.6,2,3,1,0,2
14,4,1,1,0,10.4,11.8,34.6,3,3,1,0,0
16,2,4,0,0,9.8,17,26.8,6,3,1,0,2
13,5,10,0,0,9.9,15.7,80.4,6,4,1,0,3
8,5,10,0,0,9.8,16.7,16.2,3,3,1,0,3
17,4,10,0,0,9.6,20.5,2.1,8,2,1,0,5
17,3,11,0,0,10.2,14.1,52.1,9,2,1,1,3
10,4,5,1,0,10.1,15,37.3,3,3,1,1,4
0,3,9,0,0,10.4,24.5,66.7,2,3,1,0,3
21,0,5,0,0,9.7,17.1,10.9,4,2,1,0,0
15,4,11,0,28.6,4.4,16.2,72.9,5,2,1,0,6
11,5,6,1,0,9.7,22.6,82.3,6,3,1,0,3
1,1,8,0,0,10.2,22.2,43.6,2,2,0,0,2
1,1,12,0,0,10.4,12.5,36.4,3,2,1,0,4
21,3,2,0,0,10.4,12.3,40.4,3,2,1,0,0
10,6,9,0,0,10.2,20.1,62.7,8,4,1,0,2
20,4,2,0,0,9.6,7.8,76.1,2,3,1,1,5
16,4,2,0,0,10.3,7.9,41.9,6,2,1,0,2
11,2,12,1,0,10,10.6,54.8,5,3,1,0,2
1,6,9,0,0,10.2,20.5,24.7,2,3,1,0,3
14,3,2,0,0,9.9,11.5,28.2,6,2,1,0,2
6,1,1,1,0,9.7,10.9,35.4,3,2,1,0,0
4,3,10,0,0,10,15.1,23.6,3,3,1,0,2
15,5,11,0,5.5,9.2,13.3,38.5,6,2,1,1,3
4,6,7,0,0,10,27.5,36.2,3,3,1,0,2
1,2,3,0,0,10.1,13.2,19.4,2,3,0,0,3
2,5,3,0,0,10.4,11.5,80.3,2,3,1,0,3
2,5,10,0,0,9.9,21.3,72.2,4,2,1,0,3
0,3,2,0,0,9.7,8.9,73.2,2,2,1,0,3
15,4,4,0,0,9.8,12.5,86.2,6,2,1,0,3
13,4,5,0,0,10.2,15.3,6.2,6,3,1,0,2
18,4,5,0,0,10.4,16.5,34.1,10,2,1,0,1
5,4,11,0,0,9.8,16.8,63.9,3,3,0,0,0
7,0,7,0,0,9.9,26.5,24.3,7,4,1,0,3
4,4,10,0,5.5,9,21.8,54.7,1,3,1,0,4
9,5,2,1,0,9.5,7.9,24.3,5,4,1,1,4
16,0,1,0,0,10,5,61.6,5,3,1,0,1
2,3,4,0,0,9.9,15.9,87.6,3,3,1,0,1
9,0,12,0,18.6,6.2,10.7,21.4,8,2,1,0,3
23,2,4,0,0,10,18.4,59.6,1,3,1,0,0
7,4,11,0,0,10.2,16.7,25,8,2,1,1,3
23,5,5,0,0,10.2,18.1,86.1,3,2,1,0,1
4,2,8,0,0,10.4,24.3,43.1,2,2,1,0,1
12,0,11,0,7.9,8.5,12,44.9,7,3,1,0,2
14,1,1,0,0,10.3,10.6,65.8,6,2,1,0,2
23,6,11,0,42.6,2.4,16.8,32.1,3,3,1,0,3
15,6,5,0,1.8,10,16.4,20.7,6,3,1,0,0
11,2,5,0,0,9.8,20.9,12.7,7,4,1,0,1
17,1,3,0,40.2,2.8,9.6,60.6,9,4,1,0,6
2,0,7,0,0,10.4,25.4,31.2,2,4,1,0,1
11,3,2,0,0,9.9,11.2,58.7,5,2,1,0,0
11,3,3,0,0,9.9,8.1,18.5,7,3,1,0,2
8,0,2,0,0,10.3,7.1,84.1,8,2,1,0,2
17,1,3,0,0,9.5,14.4,48.5,9,3,1,0,2
15,0,10,0,0,9.8,21.7,36.7,5,3,1,0,1
13,4,2,0,0,10.3,10.6,86.5,5,2,1,0,4
0,6,10,0,0,9.9,15,64.7,3,3,1,0,3
7,5,1,0,0,10.3,6.6,21.3,3,3,1,0,2
17,3,7,0,0,9.6,22.6,8.4,9,3,1,0,6
11,4,8,0,0,9.5,26.2,0.3,6,2,1,0,3
17,2,11,0,0,9.7,16.9,55.8,8,2,1,0,4
5,4,12,1,0,10.2,7.3,78.9,3,2,1,0,0
2,0,11,0,0,9.6,16.9,50.3,2,2,1,0,0
23,6,11,0,18.4,6.3,16.3,87.5,4,3,1,0,4
1,4,8,0,0,10.3,25.2,81.8,2,2,1,1,4
22,5,5,0,0,9.9,20.9,21.5,3,3,0,0,4
4,1,4,0,0,10,18.7,3.6,2,3,1,0,1
21,2,12,0,0,10.5,6.1,89.1,3,3,1,0,5
5,1,11,0,0,9.8,10.9,18.8,1,2,1,0,0
17,4,2,1,0,10.3,10.4,11.4,8,2,1,0,6
4,5,3,0,0,10.3,9.2,27.2,2,3,1,0,2
12,6,6,0,0,9.5,25.1,9.7,7,3,1,0,1
5,0,1,0,31.1,4.7,12.5,79.5,2,3,1,0,4
4,6,7,0,0,10,27.9,31.1,3,2,1,0,3
8,3,11,0,0,10.1,15.3,52.7,8,3,1,0,5
17,1,8,0,0,9.8,26.9,67.7,10,3,1,0,5
17,1,1,1,33.3,4,7.9,81,6,4,1,0,5
9,3,12,0,0,9.8,6.5,44.3,7,3,1,0,3
17,1,1,0,36.2,3,5.3,17.2,8,3,1,0,4
11,1,3,0,0,9.6,12.6,30.5,6,3,1,0,2
6,0,10,0,0,10.2,14.4,35,4,3,1,0,1
19,6,11,0,0,10.5,14.7,29,6,2,1,0,4
1,2,3,0,15.5,7.1,9.9,40.5,3,3,1,1,1
10,2,6,1,0,9.7,21.7,42.7,3,2,1,0,1
10,6,5,0,0,10.5,20.2,38.7,8,2,1,1,2
1,5,8,1,0,9.7,25.2,74.5,1,2,1,0,1
22,4,1,0,0,9.9,5.4,30.2,3,4,1,0,2
19,5,10,1,0,9.6,18.9,16.8,4,3,1,0,5
9,6,2,0,17.6,7,12.8,46.9,8,2,1,0,1
8,0,10,0,0,9.9,21.8,82,8,2,1,0,3
5,4,1,0,9.3,8.6,7.1,24,2,3,1,0,2
10,1,11,0,0,9.8,16.5,9.8,6,3,1,0,0
15,5,10,0,32.9,4.5,21.8,2.6,5,4,1,0,4
4,5,10,0,7.8,9,18.7,63,2,3,1,0,7
3,5,10,0,0,10.4,20,37.9,4,3,1,0,2
10,3,2,0,0,9.6,9.3,52.4,5,3,1,1,4
3,6,5,0,26.5,5.7,17.3,25.8,3,3,1,0,6
12,1,6,0,0,10.3,25,58.4,7,3,1,0,0
2,3,2,0,5.9,8.6,6.3,87.8,2,4,1,1,7
7,5,5,0,0,10,15.6,46,3,2,1,0,3
5,4,4,0,46.8,1.9,11.6,32.6,3,3,1,0,8
21,1,2,0,0,9.7,9,3.2,4,3,1,0,0
22,1,9,0,0,9.6,19,53.8,3,2,1,0,2
14,2,10,0,0,10.5,17.6,75,5,2,1,1,0
5,0,2,0,0,9.6,12.2,57.3,2,4,1,0,2
3,3,3,0,0,9.6,11.3,71.6,3,3,1,0,4
23,0,8,0,46.8,1.6,29.9,38.8,3,3,1,0,5
4,3,11,0,3.9,8.9,12.7,28.6,2,3,0,0,1
20,5,11,0,0,10,13.7,10,3,4,1,0,1
11,4,3,0,46.8,2,13.4,24.7,5,3,1,0,6
17,2,8,1,41.6,2.9,23.3,83.7,8,2,1,0,10
8,0,11,0,0,9.8,12.7,87.7,9,4,1,0,5
18,6,12,1,0,9.8,11.6,10.9,5,4,1,0,2
19,0,3,0,0,9.7,13.8,24.6,10,3,1,0,2
10,4,1,0,0,9.6,12.1,8.3,5,4,1,0,2
15,4,6,0,0,9.7,24.3,29,6,3,1,0,1
13,3,3,0,0,10.2,8.4,17.1,6,3,1,0,4
1,4,2,0,0,10.3,11.7,84.6,3,3,0,0,2
2,2,12,0,13.6,7.8,8.8,32.8,2,2,1,0,7
10,3,2,0,0,9.6,14,31.5,6,4,1,0,1
15,4,5,0,0,9.6,22.4,79.4,6,3,1,0,3
5,3,3,0,0,10.3,15,17,3,2,1,0,0
1,4,12,0,0,9.6,7.3,87.2,2,2,1,0,2
1,1,11,0,15.8,6.8,14.5,5,3,3,1,0,6
9,4,6,0,29.7,4.6,24.6,64,7,2,1,0,5
14,5,9,0,0,9.6,25.6,24.6,8,3,1,0,3
23,3,9,0,0,10.2,25.5,43.5,3,4,1,0,1
12,2,3,0,0,9.8,13.3,84,5,3,1,0,2
6,2,5,0,0,10.1,18.8,28.8,4,3,1,0,0
6,1,9,0,0,10.4,18.6,37.8,2,2,1,0,2
9,3,1,0,0,9.9,12.4,39.8,8,3,1,0,3
22,0,9,0,0,10,24.3,43.9,2,2,1,0,0
22,1,8,0,0,9.9,29.3,44.4,2,3,1,0,4
9,0,7,0,0,10.3,23.6,15.5,8,2,1,0,8
15,1,7,0,0,10.3,27.6,41.2,5,3,1,0,4
12,3,8,0,0,9.9,26.4,36.6,6,3,1,0,0
6,1,2,0,4.1,9.5,7.1,73,2,3,1,0,4
7,0,7,0,0,10.5,27,49.9,8,3,1,0,1
14,4,5,1,0,9.8,22.8,10.2,3,2,1,0,3
3,2,5,0,0,10.3,18.6,9.1,2,3,1,0,6
23,1,11,0,0,9.7,16.9,61.6,1,3,0,0,3
3,2,2,0,0,10.2,9.1,89.5,2,2,1,0,1
12,5,6,0,0,10.1,20.7,44.2,7,4,1,0,5
21,3,8,0,13.5,7.2,23.6,59.3,3,3,1,0,0
14,0,12,0,0,9.6,11.8,36.1,6,3,1,0,2
10,3,5,0,4.4,8.7,18.2,82,5,2,1,0,1
9,2,2,0,0,10.4,6.1,53.3,7,3,1,0,0
17,0,1,0,0,10.4,11.7,32.8,8,2,1,0,3
7,3,6,1,0,10.3,21.4,13.9,5,3,1,1,6
22,4,4,0,0,10.1,18.9,64.5,2,4,1,0,3
10,3,5,1,22.8,5.7,18,34.6,4,4,1,0,4
20,6,11,0,0,10,12.9,37.3,3,3,1,0,2
17,6,2,0,42.5,2.6,6.5,25.4,5,3,1,0,5
5,5,3,0,0,10.5,15.3,38,4,3,1,0,4
14,6,9,0,15.4,7.4,18.3,54.9,8,3,1,0,2
13,4,3,0,0,10.4,13.5,76.3,5,4,1,0,2
2,1,3,0,0,10,13.4,24,3,2,1,0,1
19,0,5,1,45.8,1.4,20.9,68.4,7,3,1,0,9
10,6,11,0,0,10.4,10.7,12.1,8,2,1,0,2
21,0,7,0,0,9.9,28.1,68.5,4,3,1,0,2
2,5,2,0,18.3,6.4,9,8.1,4,3,0,0,4
8,0,1,0,0,10.4,9.3,36.6,8,3,1,0,0
19,0,12,0,0,10.2,7.2,2.5,9,2,1,0,9
3,1,3,0,0,10.1,11.2,20.6,2,2,1,0,1
18,5,12,0,0,10.1,8.6,72.8,5,3,1,0,5
9,6,4,0,0,10.1,11.3,83.8,7,4,1,0,3
21,1,10,0,0,10.4,19.1,8.2,3,3,1,1,2
20,6,10,0,7.9,8.1,17.4,55.3,3,3,1,1,6
10,3,3,0,34.3,3.8,10.5,36.8,7,3,1,1,7
10,0,10,0,0,9.5,16.5,55.7,7,3,1,0,4
4,5,12,0,12,7.7,8,45.8,4,2,1,0,3
19,5,7,0,0,10.4,27.9,38.2,6,2,1,0,3
20,1,10,0,0,9.7,16.3,89,3,2,1,0,1
6,2,4,0,0,9.6,17.5,6.9,2,2,1,0,3
17,1,11,0,0,10.3,15.7,87.9,8,3,1,0,4
18,4,12,0,0,10.2,9,52.4,9,2,1,0,6
11,0,7,0,0,10.2,28.7,2.3,6,4,1,0,1
16,1,7,0,0,10,24.7,68.6,7,2,1,0,1
20,1,11,0,0,9.6,12.8,10.6,3,2,1,0,1
15,6,5,0,0,9.6,16.1,68.9,7,3,1,0,2
7,3,1,0,0,10,11.9,55.8,8,2,1,0,6
10,4,5,0,0,10.2,18.8,32,7,3,1,0,2
12,2,3,0,0,10,10.9,39.1,7,2,1,0,3
6,4,2,0,0,9.6,7.1,64.3,2,3,1,0,1
18,1,3,0,0,9.7,13,42.3,9,4,1,0,7
9,2,4,0,0,10.3,16.9,81.5,8,2,1,0,4
18,4,10,0,0,10,17.6,6,8,3,1,0,6
1,0,1,0,0,9.7,5.7,86,1,2,1,0,1
4,3,3,0,0,10.2,13.4,78.6,3,2,1,0,2
19,4,6,0,0,9.7,21.6,65.5,9,3,1,0,4
7,6,6,0,0,9.8,24.4,12.1,2,3,1,0,6
20,4,10,0,46.6,1.6,19.5,22.7,3,3,1,0,5
2,1,1,0,0,9.6,11.7,7.4,1,3,1,0,4
2,6,10,0,0,9.6,14.2,71.4,3,3,1,0,2
4,5,9,0,0,10.4,20.3,76.8,4,3,1,0,4
7,6,9,0,46.7,1.5,20.6,85.9,2,2,1,0,11
13,2,12,0,0,10.4,6.1,27.1,6,3,1,1,2
2,3,3,0,0,9.6,11.8,42.9,2,2,1,0,0
19,4,11,0,49.2,1.5,11.7,3,8,2,1,0,2
11,4,9,0,6.8,8.6,20.6,55.5,7,3,1,0,4
1,2,4,0,0,10.5,14.2,41,1,2,0,0,6
13,3,2,0,0,10.1,8,36.4,6,2,1,1,1
16,1,3,0,0,10.5,12.9,41.5,5,3,1,0,0
4,3,3,0,0,9.9,10.5,24.4,3,3,1,0,2
16,4,4,0,0,9.5,15.6,47.3,7,4,1,0,2
19,3,5,0,0,10.4,18.8,32,10,2,1,0,6
10,0,1,0,27.4,5.3,8.7,18,6,3,1,1,7
20,2,9,0,0,9.7,19.6,78,2,3,1,0,2
20,3,1,0,0,10,6.9,35.3,3,4,1,0,3
1,5,10,0,0,10.5,14.5,72.3,3,4,1,0,4
8,1,10,0,0,10.3,17.6,35.2,9,4,1,0,4
23,3,9,0,22.8,6.2,20.1,11,2,3,0,0,3
22,1,8,1,0,9.8,27.1,47,3,3,1,0,1
21,1,2,0,2.8,9.2,7.1,73.8,3,3,0,0,5
15,2,6,0,0,9.5,19.1,31.6,7,4,1,1,3
17,1,10,0,0,9.7,15.9,65.4,10,2,1,1,6
19,2,12,0,45.7,1.9,9.9,79,9,2,1,0,8
21,6,11,0,34,4.4,11.3,1.9,2,2,1,0,3
14,6,7,1,0,10,22.8,74.4,6,3,1,0,1
11,2,3,0,0,9.7,13.3,67.3,6,3,1,0,5
13,2,8,0,0,9.7,27.5,79.4,6,3,1,1,2
0,3,11,0,0,10.4,16.8,67.3,2,3,1,0,1
18,2,2,0,0,9.8,7,8.7,9,3,1,0,1
4,1,12,0,0,10.3,12.6,72.4,1,2,1,0,1
14,3,1,0,0,9.9,11.9,88.7,6,2,1,0,0
22,2,9,0,8.3,8.4,25.4,83.3,3,3,1,0,4
3,3,2,0,0,9.5,12.2,67.9,1,4,0,0,1
3,0,10,0,0,9.9,14.9,63.7,1,3,1,0,2
15,3,9,1,0,10.3,18.8,71.9,4,2,1,0,1
11,3,5,0,0,9.9,22.9,43.9,6,2,1,0,1
22,3,5,0,13.5,7.5,18.1,9.6,2,4,1,0,3
20,5,3,0,3.1,9.1,9.3,73.2,3,3,1,1,2
6,4,2,1,0,10.3,13.8,21.5,1,4,1,0,1
21,1,6,0,0,10.4,23.9,82.5,3,3,1,0,1
3,6,7,0,0,10.3,22.8,48.6,4,3,1,0,0
7,6,5,0,0,10.4,21.3,49.4,3,4,1,0,6
21,4,10,0,16.8,7.2,16.3,13.7,3,4,1,1,6
1,5,6,0,0,10,23.2,70,2,3,1,0,4
17,3,8,0,0,9.7,28.3,24.2,9,3,1,0,4
22,3,12,1,0,10.4,9.2,4.6,3,4,1,0,3
0,6,10,0,0,9.9,16.1,1.2,2,2,1,0,1
21,2,11,0,0,10.1,16.6,83.9,3,4,1,0,2
11,3,6,0,0,9.7,25,22.7,6,4,1,0,2
5,5,8,0,0,10.4,26.8,19.3,3,4,1,0,1
17,1,4,0,0,9.5,17,5.6,9,3,1,0,2
13,4,10,0,0,10.1,19.6,83.7,6,3,1,0,4
17,2,1,0,0,9.8,5.5,33.1,10,3,1,0,3
6,6,2,0,0,9.6,11.9,29.4,3,3,1,1,1
7,2,5,1,0,10.4,20.8,68.4,6,4,1,0,5
16,3,4,0,0,10.2,11.5,74.9,6,3,1,0,5
16,4,1,0,0,9.6,7.7,43.9,6,2,1,0,2
13,1,7,0,40.3,2.7,24.3,12.6,7,2,1,0,4
9,5,5,0,0,10.1,18.6,69.5,7,2,1,0,5
14,3,1,0,0,10.1,5.8,44.4,6,2,1,0,3
0,4,1,0,0,9.6,6.8,38,3,2,0,0,1
18,0,4,0,6.3,9.2,15.1,38.4,9,4,1,1,4
2,5,10,0,0,9.7,16,83.2,3,4,1,0,3
16,5,2,0,0,9.8,11.8,27.8,6,3,1,0,1
20,6,4,1,0,10.3,14.8,56,3,2,1,0,1
7,4,11,1,0,10.2,12.1,74.7,7,3,1,0,5
17,6,1,0,0,10,7.5,78.5,6,3,1,0,7
14,0,7,0,0,10.5,28.7,30.5,5,3,1,0,0
11,1,5,0,0,9.7,18.6,57.9,5,3,1,0,5
15,4,7,0,0,9.8,22.5,41.2,6,3,1,0,2
15,5,10,0,23.6,5.7,16.7,3.6,6,2,1,1,4
11,5,3,0,7.2,8.2,10.3,13.3,7,2,1,0,4
2,1,7,0,0,9.5,26.9,12.7,1,2,1,0,3
2,4,4,0,0,9.8,14,19.8,1,3,1,0,1
13,5,6,0,0,9.9,19.9,63.2,8,3,1,0,3
14,4,10,0,28,4.6,16,1.5,6,3,1,0,0
14,2,1,0,0,9.8,11.8,2.9,6,3,1,0,3
6,3,7,0,49.5,1.3,26.5,10.4,2,2,1,0,5
9,3,7,0,0,9.8,29.6,80.6,8,3,1,0,3
18,1,1,0,39.5,2.9,7.4,11.9,10,2,1,0,5
7,1,3,0,0,9.7,15.8,80.4,9,4,1,0,4
10,6,5,0,0,10.2,21.3,54.6,7,3,1,0,1
16,1,6,1,0,10.2,21,17,4,2,1,0,3
18,3,10,0,0,9.7,20,12.3,8,2,1,0,2
7,1,11,0,0,10,16.8,54.7,8,2,1,0,2
20,2,3,1,0,9.6,14,47.2,1,2,1,0,1
21,5,8,0,0,9.8,29.2,21.8,3,4,1,0,2
14,4,6,0,0,10.2,20.3,15.2,6,2,1,0,2
2,3,12,0,0,10.2,10.4,4.8,3,3,1,0,1
1,4,9,0,0,9.8,23.6,64.2,3,4,1,0,2
1,1,12,0,0,10.3,10.5,25.8,1,3,0,0,1
17,4,4,0,11.6,8.1,18.3,38.5,9,2,1,0,3
19,3,3,0,30.2,4.1,15.3,48.8,10,3,1,1,5
17,0,12,0,40.9,2.6,10.8,81.8,10,3,1,0,5
0,5,6,0,0,10.4,25.4,4.5,4,2,1,0,6
22,5,2,0,0,9.9,10.8,83.5,2,3,0,0,2
9,4,1,0,0,9.7,7,34.8,9,2,1,0,3
8,0,1,0,0,9.8,11.9,81.9,8,2,1,1,4
15,2,11,0,0,10,9.2,44.2,6,4,1,0,2
3,3,9,1,0,9.8,18.3,38.5,2,2,1,0,2
4,0,8,0,0,10.1,29.7,68,2,2,1,0,5
5,1,7,0,0,9.9,24,49.5,3,2,1,0,4
15,6,12,0,0,9.6,11,82.4,5,4,1,0,1
19,5,2,0,0,9.9,13.8,72.2,5,2,1,0,6
15,3,10,0,12.2,7.6,19.8,13.6,7,3,1,0,3
21,6,2,0,16.2,7.6,7.5,75.6,3,3,1,0,2
18,0,7,0,0,10.4,26.4,15.7,8,4,1,0,3
17,5,5,0,0,10,16.5,78.7,5,3,1,0,3
0,5,8,0,0,10,27.6,9.1,3,3,1,0,2
1,6,8,0,0,9.9,22.2,17.4,2,3,1,0,2
8,2,2,0,0,9.9,12.5,51.2,8,2,1,0,3
5,2,2,0,0,10,13.9,32.2,2,4,1,0,0
9,3,6,0,0,10.3,19.8,11.9,8,2,1,0,2
3,3,4,0,5,9.1,11.4,33.4,2,4,1,0,2
23,2,7,0,0,9.9,28.3,85.7,3,2,1,0,2
19,2,5,0,0,9.5,17.9,52.1,8,4,1,0,3
17,2,4,0,0,9.8,12,24.1,9,2,1,0,2
20,4,3,0,0,10.3,13.2,37.1,3,3,1,0,3
19,2,7,0,0,10.2,26.1,66.5,9,3,1,0,5
16,3,9,0,0,9.8,24.9,78.7,5,2,1,0,0
2,4,5,0,37.4,3.1,17.4,66.7,1,2,1,0,7
5,5,8,0,0,10.4,23.4,35.7,4,3,1,0,2
19,0,11,0,0,9.7,12.2,8.9,9,4,1,0,4
12,5,10,0,0,9.7,19.9,38.8,7,2,1,0,1
1,0,10,0,0,9.6,14.7,15.3,3,2,0,0,1
2,3,5,0,0,10.1,21.8,89.8,2,4,1,0,3
12,1,6,0,0,9.7,20.1,70.3,7,2,1,0,5
7,4,1,0,0,9.6,8.1,18.3,8,4,1,0,3
7,5,8,1,0,10.3,27.8,36.9,2,4,1,0,4
5,1,10,0,0,10,16.1,89.8,2,4,0,0,1
21,2,3,0,0,9.8,12.6,13.6,2,3,1,1,2
14,6,12,0,1.3,9.5,7.9,83.6,7,2,1,0,3
10,4,4,0,0,10.2,17.5,38.1,5,3,1,1,2
20,6,9,0,0,9.8,22.8,72.7,2,4,1,1,1
18,4,2,0,0,9.8,10.5,3.6,9,2,1,0,3
9,3,3,0,0,9.7,14.8,88.3,8,4,1,0,4
13,3,9,0,0,9.6,21.6,74.3,6,2,1,0,1
16,4,11,0,46.1,1.8,10.1,79,7,4,1,0,9
14,1,6,0,0,10,26.7,31.7,5,4,1,0,2
1,6,4,0,1.3,9.5,14.5,56.9,2,4,1,1,0
18,5,10,0,40.3,2.8,17.8,35.6,7,2,1,0,10
15,5,3,0,0,9.7,14.4,89.4,5,3,1,0,3
15,6,5,0,0,10.1,17.4,61.3,6,2,1,0,1
6,1,11,0,0,10.1,11.1,48.1,3,3,1,0,1
15,1,7,0,0,9.9,26.2,12.4,7,2,1,0,2
6,5,12,1,0,9.8,6.3,58.8,3,3,1,0,4
17,0,9,0,0,9.8,20.1,44.6,8,3,1,0,3
13,0,7,1,0,9.7,23,83.3,4,4,1,0,4
13,3,10,0,0,10.4,15.3,21.3,7,2,1,0,2
9,3,2,0,0,10.3,8.5,53.5,8,4,1,0,2
0,2,10,0,0,9.8,19.1,32.7,1,2,1,0,3
6,0,4,0,0,10,16.6,72.3,4,3,1,0,0
11,3,2,1,24.6,5.5,9.7,34.3,4,3,1,1,6
1,2,9,0,0,10.2,25.6,31.2,2,2,1,0,5
2,0,7,0,0,10.3,28.5,53.8,1,3,1,0,0
19,2,8,0,0,10.1,28,87.7,8,3,1,0,4
6,4,9,0,0,9.9,20,67.1,4,3,1,0,2
19,5,3,0,0,9.9,8.3,12.3,6,3,1,0,2
23,2,7,0,0,9.9,23.2,19.5,2,2,1,0,3
5,6,8,0,0,10.2,25.1,52.9,3,3,1,0,1
7,5,4,0,0,10.4,12.7,50.9,4,2,1,0,2
21,5,10,0,0,10.2,14.6,23.3,3,3,1,0,1
1,4,8,0,0,10.4,24.3,74.6,1,3,1,1,4
5,1,8,0,0,9.7,27.3,29.3,2,2,1,0,2
21,3,2,0,0,10,12.5,51.5,2,4,1,0,0
14,5,10,0,0,9.5,16.5,23.8,7,2,1,0,6
4,6,10,0,40.9,2.9,19.2,20.9,3,3,1,0,7
13,1,2,1,0,10.3,9.6,15.5,5,3,1,1,6
13,6,9,0,11.2,8.3,18.7,89.9,7,2,1,0,4
15,4,10,0,0,9.7,18.4,50.3,5,2,1,0,1
0,5,7,0,16.9,6.5,27.8,51.4,3,2,1,0,1
20,2,9,0,0,10,19.5,24.3,3,4,1,0,0
17,5,5,0,0,10,19.6,12.9,7,3,1,1,3
5,1,9,0,0,9.7,20.1,62.8,2,4,1,0,1
17,1,6,0,0,9.8,23.6,60.5,9,4,1,0,3
7,5,12,0,0,9.6,9.3,64.3,4,3,1,0,7
21,6,3,0,22.6,6.4,15.5,79.6,3,3,1,0,4
1,3,8,1,0,9.9,22.7,4.8,2,3,1,0,2
11,6,5,0,13.2,7.7,21.9,8.2,6,2,1,0,3
18,2,12,0,0,10.1,8,51.7,8,3,1,0,3
16,0,3,1,0,9.6,13,58.2,3,4,1,0,2
4,2,10,0,0,10,20.5,26.8,1,4,1,0,1
16,0,7,0,0,10.4,26.2,9.3,6,3,1,0,1
21,2,6,0,18.3,6.6,22.2,38,2,3,1,1,3
14,5,8,0,0,9.9,29.4,52,6,4,1,0,3
2,5,8,0,0,9.7,27.3,35.5,3,4,1,0,3
16,5,12,0,0,10.4,9.4,34.7,6,4,1,0,2
2,1,5,0,0,9.6,22.9,60.4,2,4,1,1,3
14,0,9,1,0,10.5,22.1,74.2,5,3,1,0,1
9,5,6,0,0,9.6,22.2,3.2,8,4,1,0,3
4,1,2,0,20.8,6.2,8.4,45.1,2,2,1,0,6
13,1,4,0,0,10.1,18.8,28.5,7,4,1,0,2
17,0,11,0,0,9.8,9.9,27.4,9,2,1,0,4
19,2,7,1,0,10.2,22.7,66.8,8,3,1,1,5
4,4,11,0,0,9.7,10.2,46.7,3,4,1,0,1
2,1,5,0,0,9.5,19.5,44.1,1,4,0,0,3
12,3,1,0,0,10.2,6.4,27.2,7,2,1,0,3
0,2,4,1,0,9.7,17.6,68.5,3,2,0,0,5
21,4,9,0,0,10.4,18.4,14.3,4,3,1,0,1
6,3,5,0,0,9.9,21.2,82.9,2,3,1,1,2
16,6,5,0,0,10,18,27.3,7,3,1,0,1
1,0,10,0,0,10,18.9,43.6,2,3,1,0,2
6,2,2,0,27.8,5.4,9.3,4.8,4,2,1,0,3
10,1,5,0,0,9.9,22.1,29.7,7,4,1,0,1
20,5,11,0,32.2,4.1,15.1,71.3,4,3,1,0,3
9,4,3,0,0,9.7,11.9,89.2,9,3,1,0,5
13,0,2,0,17.6,6.9,13.5,31.8,5,2,1,0,3
1,5,11,0,20.3,5.9,12.4,61.6,4,3,1,0,2
17,6,5,0,0,10,22.3,81.4,6,2,1,0,6
3,0,10,0,0,10,18.2,15.2,3,3,1,0,4
2,3,9,1,0,10,18.8,17.9,2,4,1,0,2
1,1,1,1,0,10.4,12.5,32.8,2,2,1,0,1
1,5,6,0,0,10.3,20.2,11.8,3,3,0,0,3
20,6,2,0,0,9.7,6.1,29.8,3,2,1,0,0
12,5,2,0,24.8,5.5,10.6,80.2,8,4,1,0,7
0,6,12,0,0,10.1,12.5,75.2,3,3,1,0,3
23,1,6,0,0,9.8,22.6,70.3,2,3,1,0,2
2,1,7,0,0,9.8,25.4,28.2,1,4,0,0,6
9,6,6,0,0,10.5,22.3,78.3,7,2,1,1,4
14,6,4,0,44.5,2.1,18.5,40.5,7,3,1,1,2
18,5,8,0,0,9.6,28.2,51.2,6,4,1,0,0
18,3,6,0,0,10.1,26.4,56.8,9,4,1,0,7
18,1,9,0,0,9.7,19.7,26.3,8,2,1,0,5
5,4,6,0,0,10.3,23.8,61.4,2,3,1,0,2
1,0,12,0,29.9,4.2,13.9,0.6,2,2,1,0,3
7,0,6,0,0,9.9,26.6,37.2,7,4,1,0,4
4,3,11,0,0,9.9,16.8,23.3,2,2,0,0,1
15,2,7,0,0,10.3,24,75.2,5,2,1,0,2
19,2,4,0,46,1.3,18.4,23,10,2,1,0,10
10,1,2,0,41.3,2.7,9.2,84,7,4,1,0,4
15,6,1,0,0,10.4,9.1,1.3,6,4,1,1,4
7,5,6,0,36.8,2.9,23.6,62.5,4,3,1,1,8
13,2,6,0,0,10,22.6,73.8,7,3,1,0,3
22,4,5,0,0,9.7,15.3,31.8,2,3,1,0,2
16,2,5,0,0,9.9,20.6,27.7,6,2,1,0,1
16,3,11,1,0,10.4,15.1,9.7,4,3,1,0,1
6,1,6,0,0,10.1,25.5,81.3,4,2,1,0,2
16,2,9,0,0,10.2,24.6,23.6,6,2,1,0,4
19,0,4,0,36.7,3.4,12.3,69.6,9,2,1,0,7
23,3,7,0,0,10.2,26.5,20.2,2,4,1,0,2
2,6,9,0,0,9.6,23.7,80.8,3,3,1,0,3
14,1,12,0,0,10.2,7.3,34.7,6,2,1,0,1
19,1,7,0,0,9.9,22.4,87.8,10,4,1,0,9
20,1,3,0,0,10.2,13.8,21.6,4,3,1,0,0
5,0,6,0,0,10.4,26.7,30.8,3,2,1,0,1
1,0,9,0,0,10.2,25.2,52.9,3,3,1,0,1
18,2,10,0,0,9.6,21.9,16.9,9,2,1,0,4
0,3,8,0,0,9.8,28.7,35.6,1,3,0,0,4
5,1,5,1,0,10.2,19.7,64.3,3,4,1,0,1
11,1,5,0,0,9.5,15.2,14.3,6,2,1,0,3
5,3,1,0,0,9.7,5.7,15.3,1,3,1,0,1
16,6,7,0,0,10.2,25.2,76.1,6,2,1,0,4
20,0,5,0,0,9.9,21.1,37.3,4,3,1,0,2
23,3,5,0,0,10.3,19.2,86.3,2,2,1,1,4
3,1,4,0,7.5,9.1,17,39.3,3,3,1,0,6
18,3,10,0,2.5,9.3,20.6,52.9,8,2,1,0,1
19,3,7,0,0,9.8,28.8,53.8,10,4,1,0,3
0,3,10,0,0,9.5,16.3,50.2,1,3,1,0,2
9,2,5,0,49.2,1.2,19.4,11.7,8,2,1,0,5
1,6,7,0,0,10.1,26.1,4,4,2,1,1,1
3,0,6,0,0,10.3,21.8,41.5,2,3,1,0,3
1,3,4,0,0,9.6,11.9,54,1,3,1,0,2
12,4,6,0,0,10.4,26.8,75.6,6,3,1,0,4
12,4,1,0,0,9.6,9.9,3.2,7,3,1,0,3
20,5,3,0,0,10,10.6,44.7,2,4,1,1,6
17,3,3,1,0,9.9,14.2,71.2,7,3,1,0,6
8,6,9,0,0,9.5,18.3,63.3,2,3,1,0,4
18,6,4,0,0,10.1,14.5,5.9,6,4,1,0,1
16,0,12,0,0,9.8,13,48.7,5,2,1,1,1
11,5,9,0,0,9.8,22.3,58.7,7,2,1,0,3
23,3,9,0,0,10.4,21.6,2.5,3,4,0,0,3
22,3,10,0,0,9.7,20.5,13.4,2,3,1,0,2
22,1,6,0,0,9.8,25.4,60.8,1,3,0,0,6
22,1,5,0,0,10.3,19,28,1,4,1,0,1
4,4,7,0,0,10.1,27.7,78.7,2,4,1,0,0
4,4,7,0,0,9.6,22.3,63.3,1,3,1,0,5
2,6,5,0,37.9,3.5,15.1,79.2,3,3,1,0,6
12,0,9,0,49.2,1,24.1,33.7,7,3,1,0,12
0,3,1,0,0,10.1,11.6,45.3,3,3,1,0,1
20,1,8,0,0,10,27.7,71.3,2,3,1,0,3
18,0,9,0,0,10.1,18.5,86.7,9,3,1,0,3
3,1,1,0,0,9.5,6.9,68.4,1,4,1,1,5
3,3,5,0,0,10.2,19.3,32.5,1,4,1,1,3
12,2,9,0,7,9.1,26,67.1,7,3,1,0,4
5,6,1,0,0,10.5,7.8,61.6,4,2,1,1,4
9,3,11,0,49.6,0.8,11.6,75.5,7,3,1,0,5
19,1,4,0,0,9.7,18,63.1,9,3,1,1,4
15,4,7,0,0,9.7,28.8,71.5,7,2,1,0,3
5,1,2,0,0,9.9,6.1,38.9,1,3,1,0,0
19,3,2,0,13.4,7.9,11.4,54.5,9,2,1,0,5
18,1,10,0,28.3,5.1,17,25,9,3,1,1,6
20,6,7,1,0,9.6,28.9,53.6,1,4,1,0,1
1,6,7,0,0,9.6,24.6,70.7,4,3,1,0,1
14,4,6,0,0,9.8,20.2,76.2,5,3,1,0,2
3,4,7,0,0,10.3,22.3,11.5,3,3,1,1,5
21,3,5,0,0,10,18.8,19.7,3,2,1,0,0
8,1,2,0,0,10.1,8.9,43.6,9,3,1,0,1
10,2,10,1,0,10.2,18,66.9,3,2,1,0,3
2,6,11,0,0,10.4,16,76,3,3,1,0,1
2,4,1,0,9.9,8.1,8.5,41.8,3,3,1,0,3
8,5,5,0,0,10.4,15.2,39.1,3,3,1,0,7
11,5,11,0,16.3,7.3,9.2,66.9,6,2,1,0,5
3,2,6,0,0,9.7,25.1,9.8,2,4,0,0,1
22,4,6,0,0,9.5,22.9,62.1,2,3,1,1,3
6,1,4,0,0,9.7,14.1,3.2,4,4,1,0,1
14,1,2,1,0,10.3,9.3,77.6,4,2,1,0,3
0,6,2,0,0,10,7.5,88,3,3,1,0,2
9,0,12,0,0,9.9,6.6,75.5,8,3,1,0,5
2,1,9,0,48.5,1.6,22.5,7.6,2,2,1,0,6
16,2,11,0,0,9.9,10.2,64,6,4,1,0,2
12,2,8,0,0,10.3,29,80.3,6,3,1,0,2
17,6,2,0,5.2,8.7,11.5,31.7,6,3,1,0,3
14,0,12,0,31.5,4.4,7.6,3.7,6,4,1,0,2
11,3,5,0,0,9.6,16.4,5.1,6,2,1,0,0
18,2,8,0,0,9.9,23.8,40.5,10,2,1,0,1
21,4,2,0,7.7,8.6,13.6,39,3,3,1,0,0
17,6,8,0,0,9.7,23,29.6,5,2,1,0,3
6,2,1,0,0,10.2,11.9,8.4,4,3,1,0,1
14,5,5,0,0,9.6,18.7,10.4,7,3,1,0,3
20,6,7,0,0,9.7,22.5,62.1,3,3,1,0,3
22,2,3,0,32.4,3.9,14.8,35.3,1,3,1,0,5
21,6,8,0,0,9.5,23.1,65.3,3,2,1,0,3
2,3,11,0,6.9,8.6,16.6,82.7,3,3,1,0,4
21,3,7,0,13.7,7.4,26.4,61.2,3,3,1,0,3
1,2,12,0,0,9.9,12.8,20,2,4,1,0,3
14,1,2,0,42,2,9.7,48.5,5,2,1,1,5
12,1,5,0,0,10.2,18.3,61.9,6,3,1,1,5
13,5,4,0,0,9.7,13.9,16.6,8,4,1,0,4
15,6,3,0,0,9.9,12.1,8.9,6,2,1,0,2
8,1,7,0,0,9.8,22.9,15.3,9,3,1,0,3
5,0,1,0,32.4,4.3,6.8,49.8,2,2,1,0,3
5,6,12,0,0,9.9,7.9,77.8,3,4,1,0,3
12,0,8,0,0,9.9,29.8,47,5,3,1,0,0
19,3,12,1,0,10,8.6,68.8,8,2,1,0,3
11,4,10,0,39.7,2.7,14.7,83.3,6,4,1,0,7
14,1,8,0,0,10,27,12.5,7,4,1,0,4
8,0,9,0,0,10.5,19.9,9.9,9,3,1,0,3
3,3,5,0,0,10.2,22.7,10,2,3,1,0,2
20,2,3,0,0,9.6,9.1,86.6,3,3,1,0,2
3,6,12,0,0,10,7.2,87.9,4,2,1,0,2
10,1,4,0,0,10.1,12.9,20.5,7,3,1,0,2
2,2,11,0,0,9.9,12.4,51.2,2,3,1,0,1
1,6,10,0,0,9.7,16.6,70.5,4,2,1,0,4
7,2,5,0,24.6,5.5,17,57.1,9,3,1,0,7
8,4,9,0,0,9.9,18.5,11.3,9,4,1,0,3
15,5,6,0,0,10.1,20.1,60.4,6,2,1,0,2
4,4,12,0,0,9.7,13,2.1,2,2,1,0,2
19,0,7,0,0,10.1,25,70.4,8,2,1,0,4
16,0,2,0,0,9.6,6.9,72,6,3,1,0,1
9,3,11,1,0,9.7,13.1,56.3,5,3,1,0,2
20,4,12,0,0,10.4,6.4,63.5,3,4,1,0,3
3,3,8,0,0,10,22.3,31.6,1,3,1,0,4
5,0,3,0,24.6,5.8,12.5,28.7,2,4,0,0,4
0,5,1,0,49.2,0.9,9.4,78.1,2,3,1,0,7
2,1,1,1,0,9.7,8,16.8,3,2,1,0,2
4,4,10,0,0,10.4,18.4,59.3,3,3,1,0,1
22,1,4,0,0,9.7,11.8,36.5,1,4,1,0,4
12,4,8,0,0,10,26.4,31.9,5,3,1,1,9
16,5,5,0,0,9.9,22.2,55.6,7,3,1,0,2
23,5,10,0,0,10,14.2,4.6,4,2,1,0,2
8,3,9,0,0,10,25.5,86.4,8,2,1,0,4
4,1,6,0,0,9.6,21.2,17.7,2,2,1,0,1
17,2,12,0,0,10.4,8,0.6,10,2,1,0,2
19,5,8,0,0,9.6,22.9,81.8,5,3,1,1,5
19,4,2,0,0,10.3,8,25.9,9,2,1,1,6
19,2,8,0,0,9.9,28.6,6.7,8,2,1,1,2
3,2,10,0,36.9,3.5,20.2,18.7,2,3,1,0,6
19,6,12,0,16.2,7.5,9.6,80.5,7,4,1,0,0
15,5,3,0,0,9.7,10.3,67.6,5,4,1,0,3
22,2,12,0,0,9.9,13.4,38,3,3,1,0,2
18,0,3,0,0,10.2,11.5,23.3,9,2,1,1,3
17,1,5,0,0,10.1,16.1,60.6,8,3,1,0,3
18,6,11,1,0,9.8,9.4,67.4,5,3,1,1,5
14,0,8,0,0,9.7,22.4,88.7,6,2,1,0,2
17,2,5,0,0,10.4,18.8,75.7,10,3,1,0,3
18,5,5,0,0,9.5,15,89.3,6,3,1,0,6
9,2,3,0,47.2,1.8,12.7,74.7,8,2,1,0,12
21,1,12,0,48.2,1.2,8.9,89.4,3,3,1,0,4
14,2,2,0,0,10,9.8,51.3,6,3,1,0,1
0,6,11,0,0,10,15.8,68.5,3,3,1,0,7
1,4,12,0,41.2,2.5,7.3,84.7,1,4,1,0,5
16,6,4,0,0,10.1,17.6,7.2,6,2,1,0,1
1,5,7,1,0,10.3,25.2,63.3,1,3,1,0,3
9,4,5,0,0,9.8,18.8,18.5,8,4,1,1,3
6,6,3,0,46.6,1.3,8.9,53.1,3,4,1,0,3
11,6,11,0,0,10.2,16.2,76.3,8,3,1,0,4
4,0,10,0,0,10,20.1,22.1,2,3,1,1,3
1,1,3,0,16.5,7.1,13.8,17.6,2,2,1,0,3
13,5,5,0,9.1,8,17.9,44.3,6,3,1,0,1
2,0,7,0,5.4,9.3,27.6,56.8,1,2,1,0,1
9,1,4,0,0,9.8,12.7,38.7,9,3,1,1,3
5,0,7,0,0,9.8,26.7,34.4,1,2,0,0,0
22,4,5,0,0,10.2,20.8,53.8,2,4,1,0,2
3,2,11,1,0,10.1,9.5,86.9,3,3,1,0,4
21,0,6,0,0,10.4,19.5,55.5,3,4,1,0,2
22,0,6,0,0,10.2,23.3,1.3,2,3,1,0,2
21,3,10,0,0,10.2,16.1,63.8,3,4,1,0,5
13,4,1,0,0,9.9,10.8,17.3,5,3,1,0,4
9,1,12,0,0,9.6,10.1,17.3,8,2,1,0,5
14,1,10,0,12.3,7.9,14.2,35.5,5,2,1,0,1
1,0,12,0,0,9.8,11.3,67.5,1,2,0,0,2
15,3,8,0,0,9.9,22.2,41.9,5,2,1,1,5
6,2,12,0,1.2,10,12.4,11.7,3,2,1,0,1
6,0,9,0,0,10.1,23.2,67.7,3,2,1,0,0
13,6,3,0,0,10.4,9.4,16.3,6,3,1,0,1
20,3,5,0,0,9.8,15.6,12.6,2,2,1,0,1
8,2,1,0,10.2,7.8,8.8,77.1,9,3,1,0,6
8,1,11,0,0,10.2,10.1,52.4,8,4,1,0,2
7,6,1,0,0,9.5,10.3,84.5,2,3,1,1,5
14,3,6,0,0,10.2,21.1,4,7,3,1,0,6
23,1,4,0,0,9.5,15.6,47.4,2,3,1,0,1
8,3,12,0,0,10,10.3,74.5,8,3,1,0,8
16,2,12,0,38.4,2.6,6.8,47.5,5,2,1,0,7
10,2,6,0,0,9.8,24,75.3,5,2,1,0,1
9,2,1,0,32.1,4.3,6.2,31.9,8,3,1,0,1
3,5,2,0,0,10.2,11.8,66,3,2,1,0,2
23,4,2,1,0,10.2,13.3,32.1,2,2,1,0,2
17,1,5,0,0,10.2,21.7,84.1,10,3,1,0,1
1,0,11,0,49.9,0.9,11.4,52.6,2,3,1,0,4
10,2,6,0,0,10.4,24.8,9.3,6,2,1,0,2
12,1,6,0,0,10.5,25.6,87.5,6,2,1,0,1
15,5,10,0,0,10.1,20.6,30.6,7,4,1,0,1
3,1,2,0,0,10,9,77.7,2,2,0,0,4
20,0,8,0,0,9.7,23.7,7.6,2,2,1,0,0
13,5,3,0,0,9.5,12.6,41.1,6,2,1,0,2
22,2,6,0,0,9.8,20,81.8,2,3,1,0,3
4,1,8,0,0,10,23.9,44,3,3,1,0,3
18,5,10,1,0,10,18,39.5,4,4,1,0,5
10,6,2,0,0,9.5,6.1,25.6,6,4,1,0,3
13,5,8,1,0,9.9,25.5,22.2,5,3,1,0,1
20,6,12,0,4.8,8.8,8.2,59.7,3,2,1,0,0
1,4,5,0,0,9.6,21,77.9,2,3,0,0,2
5,5,7,1,0,10.5,25.4,78.6,2,3,1,0,1
20,5,5,0,7.9,8.9,19.3,41.1,2,4,1,0,4
13,2,6,0,9.9,8.3,25.8,5.6,5,3,1,0,1
2,4,6,0,0,9.7,23.8,68.5,3,3,1,0,0
2,6,2,0,0,10.3,11.4,6,3,3,1,0,2
23,4,6,0,0,10.2,22.3,0.2,3,2,1,0,4
21,1,2,0,0,10.3,9.8,23.4,2,3,1,0,2
11,0,5,0,0,10,15.2,48.8,6,3,1,0,1
3,0,3,0,0,10.1,8.3,60.1,3,3,1,0,3
9,0,4,0,0,9.5,16.3,75.2,9,3,1,0,3
8,2,1,0,0,10.3,10,66.4,8,2,1,0,8
4,2,8,0,0,10,22.1,77.1,1,3,1,0,2
6,5,1,1,0,10,8.1,87.6,2,2,1,0,2
3,0,10,0,5.4,9,16.6,12.4,2,3,1,0,2
17,6,11,0,43.8,2.3,12.1,3.8,6,2,1,0,4
16,0,2,0,0,9.6,13.7,66.3,7,3,1,0,0
11,0,1,0,0,10.2,11.2,26.9,5,3,1,0,1
22,0,6,0,0,10.3,19.7,39.8,2,4,1,0,2
4,6,3,0,44.5,2.4,11.5,48.8,3,4,1,0,4
16,4,11,0,43.1,2.2,15.7,52.9,6,2,1,0,3
16,3,3,0,0,9.6,11.2,29.9,6,2,1,0,0
0,1,6,0,0,10.4,25.1,1.2,2,3,1,1,3
14,3,8,1,0,10.2,22.2,45.5,4,2,1,0,1
9,3,3,0,0,9.5,11.6,41.2,7,3,1,0,5
7,0,2,0,0,10.1,6.5,5.9,8,3,1,0,2
22,0,4,0,0,10,17.8,36.4,1,4,1,0,0
14,3,7,1,0,9.9,22.7,12,4,3,1,0,4
2,0,4,0,28.2,4.5,12.9,28.1,2,3,1,0,2
11,4,9,0,0,10.2,21.8,88.7,6,2,1,0,4
7,6,8,0,0,9.6,29.1,55.6,3,3,1,0,4
15,0,4,1,0,10.2,17.5,29.5,4,2,1,0,1
3,1,2,0,0,10.2,10.3,67.3,1,2,1,0,1
21,2,5,0,0,9.6,17.6,63.2,3,3,1,0,2
5,1,1,0,0,10.2,5.9,2.2,2,2,1,0,1
8,5,12,1,0,10.2,9.2,90,1,2,1,0,3
16,2,2,0,0,9.8,7.7,38.2,7,3,1,0,2
19,2,7,0,0,9.8,23.6,44,10,2,1,0,4
12,1,5,1,0,10.5,16.4,58.1,4,3,1,0,4
17,6,2,0,0,9.9,13.5,83.3,5,3,1,0,3
20,2,8,0,0,10.3,22.1,21.9,2,4,1,0,1
7,1,10,1,5.6,8.6,15.3,24,5,2,1,0,4
5,6,2,0,0,9.6,10.4,80.1,2,3,1,0,0
13,6,6,0,0,9.7,22.2,8.4,7,2,1,1,6
12,4,10,0,37.1,3.1,19.8,83.4,6,4,1,0,4
17,4,8,0,0,9.6,22.2,40.4,9,2,1,0,2
2,2,3,0,0,10.3,11.3,68.1,2,2,1,0,5
9,2,7,0,0,10.4,27.2,46.2,9,4,1,0,6
6,2,1,0,0,10.5,5.7,10.4,4,3,1,0,2
13,5,10,0,46.6,1.5,19.3,0.6,7,3,1,0,5
11,3,4,0,0,9.9,15.8,14.2,6,4,1,0,4
7,4,10,0,0,9.6,15,3.5,8,3,1,1,5
23,5,4,1,16.1,7.2,17.9,14.3,2,2,1,0,4
16,3,1,0,0,10.4,8.8,45.8,5,4,1,0,1
21,4,8,0,0,9.7,26,33.5,4,3,1,0,1
0,4,6,0,0,10,19.7,54.1,1,2,1,0,0
10,3,7,0,0,10.1,26.8,39.3,5,2,1,0,1
23,5,10,0,0,9.9,21.4,23.7,3,3,1,0,2
14,5,3,0,30.5,4.3,9,32.7,6,3,1,0,5
13,6,6,0,0,9.6,22.4,32.5,7,2,1,1,1
19,2,4,0,0,10.4,12.9,78.5,10,4,1,0,8
13,3,2,0,0,9.7,13.6,46.2,6,3,1,0,1
21,3,2,0,0,10.2,12.9,11.3,4,4,1,0,1
7,5,10,0,0,9.8,19.3,32.8,4,2,1,0,3
23,6,7,1,25.2,5.7,27.7,46.7,1,3,1,0,7
0,5,5,0,0,10.2,19.3,23.8,2,3,1,0,0
21,1,1,0,3.8,9.3,12.3,56.8,3,2,1,0,2
14,3,5,0,0,10,21.2,30.9,6,3,1,0,0
1,5,1,0,0,10.5,5.5,58.9,3,2,1,0,2
12,6,9,0,0,10.2,22.9,52.4,8,2,1,0,4
12,2,6,1,0,10.3,24.6,53.3,4,2,1,0,1
0,1,2,0,0,10.3,12.3,2.3,3,3,0,0,2
3,5,9,0,0,10.2,21.8,11.2,3,3,1,1,3
10,5,10,0,0,10,19.6,87.6,7,4,1,1,7
5,5,11,0,0,9.6,15.1,60.2,4,3,1,0,3
21,0,2,0,11.7,7.7,13.6,9.3,2,4,1,1,2
19,2,6,0,1.9,9.6,24.3,55.8,9,3,1,0,3
4,6,6,0,15.4,6.8,24.7,32.2,4,3,0,0,3
18,4,6,0,0,10.2,20.1,10.4,9,3,1,0,9
10,0,9,0,0,10.1,23.1,30.2,6,3,1,0,1
12,1,10,0,0,10.1,16.9,23.2,6,3,1,1,2
17,4,3,0,0,9.8,12.5,40.1,10,4,1,0,7
5,3,6,0,0,10,23.2,4,2,2,1,0,1
13,4,3,0,0,9.7,13,33.9,6,3,1,0,1
7,5,7,0,0,10.2,24.3,58.2,3,2,1,0,6
17,4,1,0,0,9.8,5.8,30,9,2,1,0,3
1,0,4,1,17.4,6.5,16.3,29.2,1,4,1,0,3
22,4,4,0,0,9.5,16.4,80.7,2,3,1,0,3
9,6,7,0,0,10.5,23.3,77,6,3,1,0,3
15,5,3,0,0.6,10,11.4,48.5,6,3,1,0,3
6,1,3,0,0,9.7,15.8,49.8,3,2,1,0,0
10,6,9,0,0,9.7,24.4,11.5,8,4,1,0,4
1,6,6,1,0,10.3,25.7,31.8,2,2,1,0,1
14,6,4,0,0,10.4,16.2,82,7,3,1,0,3
11,0,6,0,46.4,1.8,26.1,16,6,3,1,1,7
6,4,11,0,0,10.2,16.8,61,3,2,1,0,2
21,5,1,0,0,10.3,8.4,0.7,3,4,1,0,3
15,0,4,0,0,10.1,12.2,21.1,5,2,1,0,1
2,4,12,0,0,10.4,8.8,11.5,3,2,1,0,2
16,4,5,0,0,9.8,20.7,30.8,6,3,1,0,2
8,4,3,0,0,10.4,10.9,67.6,7,3,1,0,9
8,6,3,0,0,10.5,14.1,50.5,3,4,1,0,0
18,3,11,0,0,10.4,15.2,2.2,9,3,1,0,6
3,4,9,0,0,9.6,18.4,79.4,2,3,0,0,7
7,2,12,0,41.7,2.6,10.4,73.7,9,3,1,0,6
11,2,2,0,39,3.4,8,22.7,6,2,1,1,6
4,6,8,0,0,9.5,28,8,3,3,1,0,2
16,2,9,0,0,10.1,25,77.5,6,2,1,0,2
3,6,5,0,0,10.5,17.2,23.8,2,3,1,1,2
14,5,2,0,0.9,9.5,13.4,83.6,8,2,1,0,3
20,0,12,0,0,9.6,9.9,30.7,3,3,1,0,0
15,3,8,0,0,9.9,24.3,80.3,5,3,1,0,1
8,2,5,0,0,9.6,22.2,60.8,8,3,1,0,2
13,0,7,0,0,10.3,23.6,44.7,6,2,1,0,2
5,3,1,0,43.7,2.3,7.8,63.1,2,4,1,1,8
15,4,11,1,21.8,6.2,12.9,48,4,3,1,0,6
22,5,7,0,0,10.1,22.6,27.1,3,2,1,0,1
20,5,10,0,0,10.3,17.9,11.5,3,3,1,0,2
10,5,9,0,0,9.7,23.6,2.1,6,3,1,0,2
3,4,6,0,0,10.1,19.5,34.9,2,2,0,0,4
6,6,4,0,33.9,3.6,12.7,46.8,2,3,1,0,6
5,2,8,0,18.3,6.7,27.8,85.8,2,3,1,0,2
12,0,9,0,0,10.2,22.3,14.4,6,4,1,0,1
18,2,8,0,0,10.5,22.1,62.3,8,3,1,0,5
9,4,3,0,0,9.8,13.2,66.3,9,4,1,0,5
23,1,2,0,0,10.3,13.4,84.6,1,2,1,0,2
16,3,10,0,4.8,8.7,14.1,45.5,5,3,1,0,0
3,0,4,0,0,10.1,16.5,66.3,2,4,1,0,5
20,3,11,0,0,9.7,15.7,81,3,3,1,1,3
6,4,12,0,0,9.9,9.1,51.8,3,2,1,0,2
6,5,10,0,22.4,6.1,17,19.2,4,2,1,0,2
22,2,8,0,0,9.7,22.8,11.8,2,2,1,0,2
17,1,11,0,0,10,9.2,61.1,9,4,1,0,3
4,3,3,0,26,5.6,12.3,0.9,1,2,1,0,4
4,1,1,0,0,9.9,7,89.7,1,3,1,1,4
20,0,3,0,0,9.5,15.9,64.4,3,2,1,0,3
5,1,11,0,0,9.9,14,25.4,2,4,1,0,1
20,0,4,0,19.5,6.8,11.4,89.7,2,4,1,0,2
12,0,4,1,0,9.9,16.6,30.9,4,2,1,0,3
4,6,3,0,0,10.1,15.9,57.1,3,3,1,0,1
18,6,8,1,0,9.7,22.3,10.6,3,3,1,0,9
17,3,11,1,0,10.2,16.9,86.6,7,2,1,1,7
20,5,8,0,0,10,24.4,57,2,3,1,0,0
14,6,6,0,0,9.8,26.8,74.2,7,2,1,0,1
17,4,4,0,23.3,6.2,15.8,1,9,4,1,0,4
16,4,3,0,0,9.9,9.3,29.3,5,3,1,0,2
0,1,3,1,7.2,8.6,13.1,51.6,1,3,0,0,1
19,5,10,0,0,10.4,16,13.4,5,2,1,0,2
6,1,9,0,0,9.6,18.1,35,2,3,1,0,2
0,3,5,0,0,10,20.9,22.6,2,3,1,0,1
23,1,8,0,0,10.1,28.6,73.9,3,2,1,0,0
20,1,7,0,0,9.6,26.4,73.8,3,2,1,0,1
16,1,12,0,11.7,7.7,6.6,16.8,6,3,1,1,4
0,3,6,0,0,9.7,20.2,23.7,1,3,0,0,1
20,2,5,0,0,10.2,20.9,24.5,2,2,1,0,0
2,3,3,0,2.1,9.8,14.8,49.7,2,3,1,0,3
0,2,6,0,0,10.2,19.5,15,2,2,1,0,1
14,6,7,0,0,10.1,26.4,42.8,7,4,1,0,3
5,6,3,1,35.6,3.5,11.6,88.8,3,3,1,0,10
1,0,1,0,1.1,9.4,5.5,4.4,2,2,1,0,0
0,1,9,0,0,10,20.7,80.2,1,3,1,0,5
9,6,3,0,0,10.4,10.9,20,7,3,1,0,4
22,5,1,0,0,10.4,10.7,20.4,2,3,0,0,3
8,6,3,0,0,9.9,8.5,43.7,3,3,1,0,1
19,0,1,0,39.2,2.5,5.3,6.1,9,3,1,0,3
7,0,3,0,0,10.4,12.9,83.3,7,4,1,0,4
2,2,2,0,0,10.5,7,21.1,3,2,1,0,0
2,5,5,0,0,10.1,22,0.8,2,3,0,0,2
10,6,8,0,0,9.9,24.4,75.2,7,2,1,0,2
22,1,7,0,0,9.8,22.9,7.6,3,4,1,0,2
11,2,5,0,0,9.8,17.6,70.1,6,4,1,0,2
12,6,12,0,27.9,4.9,12.7,50.2,8,3,1,0,9
13,3,5,0,0,10.2,20.1,49.7,6,3,1,0,3
16,0,5,0,0,9.7,16.3,89.9,6,3,1,1,1
10,1,10,0,0,9.6,19.8,6.6,6,2,1,1,3
14,2,4,0,0,10.1,12.5,82.9,6,2,1,0,3
11,3,3,0,0,9.7,15.4,59.2,6,2,1,0,3
12,5,2,0,6.2,8.4,8.4,30.3,6,3,1,0,6
1,4,6,0,43.1,2.5,23.3,1.6,3,2,1,0,3
14,0,4,0,37.8,2.8,17.1,27.8,5,4,1,0,1
12,3,1,0,35.3,3.6,9.2,5.9,6,3,1,0,3
18,5,6,0,0,10.2,23.5,9.7,5,3,1,0,4
3,2,4,0,0,10.4,13.1,69.6,3,3,1,1,1
0,2,11,0,0,10.4,9.3,67.8,1,2,0,0,6
9,4,7,0,0,10,26.3,82,8,2,1,0,3
1,3,3,0,0,10,15.8,27.7,3,3,1,0,0
23,1,11,0,43.7,2,10.1,54.8,2,3,1,0,2
10,4,8,0,0,9.6,27.5,60.7,7,4,1,0,3
5,5,3,0,0,9.7,13.8,4.7,4,4,0,0,1
6,2,4,0,0,10.1,15.3,37.5,2,3,1,1,0
13,2,7,0,0,10.2,27.8,54.7,5,4,1,0,3
2,1,5,0,10.1,8,22.7,21.2,1,3,1,0,2
2,5,4,0,0,10.3,13.3,78.5,4,2,1,1,3
13,5,2,0,0,9.7,7.9,12.1,7,3,1,0,3
12,5,10,1,0,10.1,21,25.4,5,2,1,1,5
19,4,11,0,42.5,2.3,16.6,36.5,8,2,1,0,3
2,5,3,0,0,10.1,8.7,79,2,3,1,0,1
5,0,4,1,0,10.4,18.1,9.2,1,3,1,0,4
0,0,4,0,0,10.3,13.5,50.7,2,4,1,0,0
8,1,6,0,0,10.2,20.5,8.9,9,3,1,1,4
11,6,9,0,0,10,23.1,1.7,7,2,1,0,4
11,4,1,0,13.8,7.2,11.7,57.8,6,3,1,0,6
0,0,10,0,0,10,16,51.2,2,3,0,0,1
18,1,11,0,21.2,6.2,10.9,52.4,9,3,1,1,7
17,4,1,1,35.1,4.1,6.9,14.4,6,3,1,0,4
6,2,9,0,0,10.4,21.6,66.1,3,3,1,0,0
20,5,6,0,0,10.2,23.4,26.5,3,4,1,0,2
20,1,9,0,0,10.1,23.4,41.5,2,2,1,0,0
3,3,1,0,0,9.8,8,35.1,3,3,0,0,3
4,3,10,0,33.5,4.2,21.6,53.1,2,3,1,0,1
10,1,1,0,0,9.8,12.4,21.7,5,3,1,0,1
18,4,10,0,33.3,4.3,19.8,4.1,9,2,1,0,5
0,0,4,0,0,10,13.1,11.7,1,3,1,0,0
18,4,4,0,45.7,1.3,11.6,57,8,3,1,1,5
10,3,9,0,0,10.1,18.5,42.4,6,3,1,0,1
22,4,5,0,0,10.3,21,64.2,2,3,1,0,5
22,5,7,0,32.9,3.9,29.9,3.5,4,4,1,0,3
6,2,12,0,24,5.2,10.8,62,3,3,1,0,5
1,4,9,0,0,9.7,20.3,40,2,3,0,0,3
9,5,2,0,27.9,5.5,10.6,27.3,8,3,1,0,3
2,2,6,0,0,9.8,21.5,15.4,3,3,1,0,4
12,3,1,0,0,10.4,9.2,63.8,6,3,1,0,2
16,1,9,0,0,10.1,23,7.2,7,3,1,0,5
3,1,7,0,0,10,22.8,63.4,1,2,1,0,2
7,0,4,0,0,10.2,11.5,18.5,8,3,1,0,3
23,0,1,0,34.7,3.8,5.6,6.8,2,3,1,0,8
3,1,9,0,0,9.6,19.9,60.9,3,2,1,0,5
10,4,7,0,44,2,24.6,18.3,6,2,1,0,2
16,3,9,0,22.5,5.9,21.2,55,6,3,1,0,3
19,2,11,0,0,10,12.2,83.3,8,3,1,0,6
6,0,4,0,47.8,1.3,14.1,3,4,3,1,0,5
13,4,11,0,0,10,15.2,84.7,5,3,1,0,3
21,0,12,1,18,7.2,9.7,59.6,1,2,1,0,2
6,2,9,0,17.3,6.5,21.7,15,4,3,1,0,4
10,4,12,0,19.7,6.7,13.7,17.1,6,3,1,0,3
4,4,1,0,0,9.9,12.6,15.2,3,3,1,0,1
7,5,6,0,0,10,24.3,85,4,3,1,0,5
16,4,1,0,0,9.8,11.7,43.2,5,3,1,0,2
11,2,2,0,0,10.2,7.4,49.2,6,2,1,0,1
3,5,7,0,0,10.1,29.4,5.4,3,3,1,0,6
4,6,2,0,0,10.5,12.3,70.8,3,2,1,0,3
22,1,11,0,0,9.5,10,30.2,1,2,1,0,3
15,5,5,0,0,9.8,15.6,67.5,5,3,1,0,2
0,2,10,0,0,9.9,14.9,60.6,3,4,0,0,6
0,2,1,1,0,10.3,8.3,45,3,3,0,0,3
22,2,3,0,0,10,11.7,52.4,2,2,1,0,0
2,0,1,0,0,9.6,7.4,70.9,2,2,1,0,2
19,3,3,0,0,10.1,10.8,71.5,9,3,1,0,3
10,5,1,1,39.4,3,10.2,84.7,5,3,1,0,7
8,0,7,0,0,9.8,28.9,71.8,7,2,1,0,2
21,1,1,0,0,9.7,8.1,21.8,3,3,1,0,1
12,3,4,0,0,10,18,61.6,7,2,1,0,1
0,2,4,0,0,10.4,11.3,28.5,2,3,1,0,3
21,6,7,0,0,9.6,22.5,6.8,3,2,1,0,1
1,1,3,0,0,10.1,14.9,8.5,3,3,1,0,3
12,1,9,0,0,9.6,20.5,89.7,7,4,1,0,3
20,5,6,0,0,9.7,23.1,29.9,4,3,1,0,2
14,2,1,0,0,10.2,11.7,86.2,5,3,1,0,2
10,0,12,0,0,10.2,14,69.1,7,4,1,0,2
17,5,10,1,0,9.7,14.3,21.7,4,3,1,0,7
0,4,10,0,0,9.8,17.7,48.5,1,2,1,0,0
3,3,10,0,0,10.3,21.1,30,2,2,1,0,1
18,3,8,0,0,10.2,27,76.3,9,2,1,0,6
2,0,6,0,0,9.8,22.3,59.5,2,3,1,1,4
12,5,8,0,0,10.4,24.6,66.7,8,2,1,0,4
11,1,5,1,0,10.4,16.2,27.4,4,3,1,0,5
13,4,10,0,23.6,5.4,20.4,10.7,7,2,1,0,5
18,6,8,1,0,9.8,22,6.3,3,3,1,0,3
0,5,11,0,46,1.7,15,89.3,3,4,1,0,8
20,1,11,0,19,6.2,15.8,68.8,3,3,1,0,2
3,4,7,0,0,9.8,27.1,71.5,2,3,0,0,7
15,0,3,0,0,10.2,13.1,73.5,5,3,1,0,3
19,4,1,1,0,9.7,8.4,52.6,7,3,1,1,4
19,4,11,0,0,10.2,13.9,56.1,9,2,1,0,6
8,2,2,1,0,9.6,6.4,74.3,6,3,1,0,3
4,4,4,0,0,10,17.5,64.8,2,3,1,1,1
9,4,9,0,0,9.9,23.4,61.3,7,2,1,0,3
1,4,5,0,0,10,15.6,47.8,1,3,1,0,0
15,3,7,0,0,9.9,26.2,0.7,6,4,1,0,2
2,1,7,0,0,9.5,25.4,32.5,2,2,1,0,3
11,3,9,0,0,10.2,19,81.1,6,3,1,0,1
3,2,4,1,0,10.3,13,35.6,3,2,1,0,2
7,0,1,0,11.6,8,7.3,19.9,7,2,1,0,4
19,0,8,0,0,10.1,22.5,86.1,10,3,1,0,4
14,0,10,0,9,8.2,18.8,48.6,6,2,1,0,1
11,2,11,0,0,10,12.2,21.8,6,4,1,0,1
4,6,8,0,24.8,6,22.2,7.9,2,2,1,0,3
18,2,9,0,0,9.7,23.6,10.4,9,3,1,0,2
21,2,11,0,37.2,3.2,14.1,35.7,4,2,0,1,6
10,0,7,0,0,9.9,23.2,48.3,5,2,1,0,1
10,6,4,0,28.2,4.9,13.1,89.2,7,2,1,0,5
5,2,6,0,0,10.4,22.7,40.3,3,2,0,0,2
20,4,1,0,0,10.5,12.5,68.6,2,3,1,0,1
8,1,9,0,0,10.1,24.7,54.7,7,2,1,0,5
20,6,8,0,0,9.9,22.4,89.2,4,3,1,0,3
10,5,12,0,0,9.7,9.4,33.1,7,2,1,0,2
4,2,1,0,0,10.3,10.3,69.2,2,3,0,0,2
8,5,6,0,0,10.1,25.4,33.8,3,3,1,0,8
5,6,2,0,33.8,3.6,7,2.7,3,3,1,1,3
5,6,3,0,0,10.3,14.7,45,3,3,1,0,0
14,3,3,0,46,2,10.1,21.6,7,3,1,0,2
21,2,10,0,0,9.8,15.3,71,3,3,1,0,3
21,6,10,0,12.3,7.3,18.1,68.8,4,3,1,0,4
3,4,3,0,42.7,2.7,14.7,78.9,2,3,1,0,5
21,0,8,0,0,10.3,24.5,89.6,2,2,1,0,2
22,4,6,0,0,10.3,21.5,56.2,1,3,1,0,3
14,0,6,0,0,9.8,21.4,29.8,6,3,1,0,1
4,1,12,0,27.5,4.9,13.8,53.8,3,3,1,0,1
22,4,10,0,0,10.3,17.5,54.5,1,3,1,0,1
23,4,11,0,0,10.5,9.4,59.7,3,2,1,0,1
18,0,12,0,0,9.7,7.1,75.8,9,3,1,0,4
10,0,6,0,0,9.8,23.9,66.6,5,3,1,0,4
8,1,1,0,7.4,8.6,6.8,77.6,8,3,1,0,6
11,4,6,0,0,9.9,24.3,76.9,6,3,1,0,7
16,6,11,0,0,10.1,9.3,25.2,7,3,1,0,1
2,5,9,0,0,10,20.9,80.9,2,3,1,0,3
0,1,5,0,0,9.6,20.7,67.6,2,3,1,0,3
23,2,9,0,0,9.6,25.6,27.2,3,2,1,0,0
9,5,12,1,0,10.2,13.7,74.2,5,3,1,0,3
3,0,5,0,0,10,22.4,81.8,2,3,1,0,1
1,4,3,0,5.7,9,10.6,14.7,1,2,1,0,1
12,0,3,0,22.3,6,11.2,0.4,5,3,1,0,4
16,5,5,0,0,9.6,22.4,3.5,5,4,1,0,7
8,5,6,0,0,9.8,21.4,45.5,3,3,1,0,4
20,6,12,0,0,10.2,9.1,35.4,3,2,1,0,0
22,5,2,0,48.3,1.3,11.1,69.7,3,4,1,0,5
13,1,6,0,0,10.2,25.1,29.7,6,3,1,0,2
6,0,5,0,0,10.3,18.7,59.1,4,2,1,0,0
1,2,6,0,24.5,5.4,26.4,81.5,3,3,1,0,4
23,3,10,0,0,10.1,17.1,74,2,2,1,0,2
20,4,6,0,0,10.2,20.2,89,4,2,1,0,2
7,5,3,0,0,9.9,10.7,69.4,4,3,1,0,1
15,6,12,0,8.8,8,6.4,87.6,7,2,1,0,2
22,0,7,0,0,9.7,22.7,50.9,3,4,1,1,3
14,3,11,0,0,9.6,15.5,52.7,7,3,1,0,3
16,5,3,0,19,6.3,12.7,74.3,7,2,1,0,5
19,1,4,0,0,9.9,11.6,38.9,8,2,1,0,4
9,4,11,1,0,10.1,16.6,49.9,7,3,1,0,4
13,2,1,0,0,10,9.6,86.4,5,3,1,0,3
4,4,9,0,0,10.2,21.8,79.6,3,3,1,0,1
20,0,3,0,0,10.5,8.8,74.5,4,4,1,0,4
14,4,3,0,0,9.5,13,7.1,5,2,1,0,3
5,2,4,0,0,10,12.7,13.2,1,3,1,0,0
18,2,3,0,0,10.3,14.9,75.7,10,3,1,0,6
20,3,10,0,25.7,5,19.9,52.1,3,3,1,0,3
1,1,9,0,0,9.6,24,19.9,3,2,1,0,0
7,3,5,0,0,9.6,16.3,52.4,7,2,1,0,6
12,4,1,0,8.2,8.1,11.1,39.8,6,4,1,0,2
8,6,7,1,0,10.1,22.6,54.4,2,2,1,0,3
6,5,1,0,0,10.1,9.5,47.7,2,3,1,0,0
8,1,1,0,0,10.1,8.4,2.5,8,2,1,0,1
7,2,4,0,0,9.8,18.1,67,8,4,1,0,4
17,1,7,0,0,9.8,22.7,70.3,9,3,1,0,5
14,1,10,0,0,9.7,14.1,86.9,5,2,1,0,1
5,3,3,0,0,9.6,10.6,76.1,2,3,1,0,1
3,3,2,0,0,10,8.5,87.2,1,3,1,1,6
14,6,12,0,0,10.2,10.6,60.4,6,3,1,1,3
5,0,1,0,2.4,9.6,12.3,11.4,3,3,1,0,1
7,5,4,0,0,9.7,13.9,74.2,2,2,1,0,5
13,5,3,0,0,10.4,9.2,6.2,6,3,1,0,3
9,3,5,0,0,10.3,16.5,42.5,8,3,1,0,5
12,2,9,0,0,10.4,24.8,7.2,6,2,1,0,2
8,6,9,0,0,9.9,20,9.3,4,2,1,0,4
9,5,8,0,0,9.6,28.4,26.5,7,2,1,0,5
19,0,6,0,0,9.8,19.8,40.9,9,4,1,0,3
17,1,1,0,0,9.9,6,13.9,9,2,1,0,2
20,1,12,0,0,10,10.7,81.1,2,3,1,0,2
19,4,12,0,0,10.1,10,49.2,9,3,1,0,3
3,4,5,0,0,9.9,18.5,53.3,2,3,1,0,4
7,5,7,0,0,10.2,25.5,37.5,2,3,1,0,5
8,3,6,0,0,9.6,25.9,79.2,8,3,1,0,3
19,4,10,0,0,9.7,19.9,83.3,10,3,1,0,9
4,6,5,0,0,10.4,17.6,0.3,3,2,0,0,3
14,5,1,0,0,9.8,13,54.8,7,2,1,0,1
3,2,12,1,0,9.8,12.3,9.3,2,2,1,0,2
9,4,9,0,0,10.5,19.5,42.3,7,2,1,0,3
23,3,6,0,0,9.9,25.4,73.4,2,4,1,0,3
18,3,12,0,7,9.2,6.7,74.1,10,2,1,0,10
10,6,10,0,35,4.1,16.9,70.1,8,4,1,0,6
0,0,1,0,0,10.4,11.5,15.1,2,2,1,0,1
15,1,10,0,0,10.2,17.4,53,7,4,1,0,1
16,1,8,0,0,9.8,27.9,63.5,7,2,1,0,4
3,2,10,0,0,10,14.5,85.4,2,3,1,0,3
16,2,1,0,0,10,9.5,76.6,6,4,1,0,1
5,6,5,1,0,10.1,20.4,65.9,3,3,1,0,5
8,2,10,0,0,9.5,19.6,85.6,9,3,1,0,5
0,2,1,1,38.6,3.3,7.1,19.6,2,3,1,0,5
6,1,7,1,0,10.2,24,69.9,2,3,1,0,2
3,6,6,0,0,9.9,26,7.1,4,4,1,0,2
3,4,9,0,0,10.3,23.9,72.8,3,3,1,0,2
13,1,4,1,17.3,7.1,13.3,0.4,4,3,1,0,5
9,3,11,1,23.9,6,13.6,35.9,5,4,1,0,7
0,1,11,0,0,9.8,12.9,12,2,2,1,0,0
11,5,2,0,0,10.4,10.4,11.5,6,2,1,0,1
12,5,2,0,0,10.1,12,88.9,6,2,1,0,7
0,1,4,0,0,9.9,18.1,18.1,2,2,0,1,2
5,5,1,0,0,10.3,10.6,35.3,4,3,1,0,1
16,4,5,0,0,9.6,15.8,46,6,4,1,1,2
15,2,11,0,0,10.1,12.8,84.5,6,3,1,0,3
4,0,5,0,38.2,3.4,16.1,3.6,2,3,1,0,6
13,6,11,0,0,10.4,9.7,36.9,7,3,1,0,0
23,6,2,0,0,9.9,9.4,30.4,2,2,1,0,1
4,2,7,0,0,10.2,22.4,89.7,3,3,1,0,2
17,1,10,0,0,9.7,15.2,57.2,10,2,1,0,6
22,0,10,0,0,9.7,17.6,8.1,2,2,1,1,3
4,0,4,0,0,10.4,11.9,26.2,2,3,1,0,3
8,2,8,0,0,10.4,27.3,86.2,8,2,1,0,7
23,1,10,0,0,10.2,14.3,70.9,1,2,0,0,3
17,5,6,0,0,9.6,19.5,52.1,7,3,1,0,7
15,1,3,0,0,9.7,10.9,13.7,6,3,1,0,0
6,3,1,0,13.8,7.2,10.2,46.4,4,3,1,0,0
21,6,7,1,0,10.3,27.3,67.9,2,2,1,0,2
4,4,3,0,0,10.4,10.9,71.7,2,4,1,0,5
1,1,12,0,0,10.1,10.4,46.1,1,3,1,0,0
19,3,7,0,0,10,29.7,29,9,2,1,0,5
8,2,3,0,0,10.2,9.4,26.4,9,2,1,0,2
19,5,8,0,0,9.8,23.4,85.5,5,3,1,0,3
19,5,9,0,0,9.8,22.9,37.1,6,3,1,0,1
11,3,7,0,0,10.1,27,72.7,6,3,1,0,5
19,2,10,0,9.9,8.1,18.1,34.2,8,2,1,0,3
2,1,12,0,0,9.6,13.5,19.6,1,2,1,0,0
0,6,3,0,0,10.2,8.7,78.7,4,2,1,1,5
15,6,5,0,0,9.9,15.3,9.1,5,2,1,0,1
20,2,5,0,0,10.4,21.9,48.4,3,3,1,0,0
2,3,11,0,0,9.8,13,64.9,1,2,1,0,0
9,3,6,0,0,10.5,23.2,71.5,7,3,1,0,2
13,4,5,0,0,9.7,17.3,55.4,6,3,1,0,2
23,3,6,0,0,10.2,21.5,0.5,2,3,1,0,2
3,3,10,0,31.7,4.7,17.3,88,1,4,1,0,2
8,6,2,0,2.3,9.8,12.9,41.8,3,3,1,0,4
3,6,8,0,0,9.5,25.8,69.4,2,4,1,0,3
22,1,11,0,0,10.2,9.5,58.2,2,3,1,0,3
19,4,10,0,0,10.3,18.7,79.7,9,3,1,0,5
6,5,2,0,2.7,10,12.7,18.7,3,3,1,0,2
4,6,12,0,0,9.8,7.6,37.7,3,3,1,0,2
2,6,1,0,0,9.5,8.6,74.9,2,4,1,0,1
23,0,11,0,0,10.1,16.7,57.9,2,2,1,0,1
1,5,8,0,0,9.7,26.4,22,4,2,1,0,1
18,2,5,1,0,10.4,16.1,81.2,6,3,1,0,6
13,1,9,0,0,10.1,18.8,54.1,5,3,1,0,1
6,0,9,0,0,9.6,19.8,3.4,2,4,1,0,2
3,6,5,0,0,9.8,21.3,64.9,2,3,1,1,3
9,6,7,0,0,9.9,28.5,41.4,7,4,1,0,3
5,4,5,0,0,9.5,21,6.5,2,3,1,0,3
16,4,11,0,3.7,9.1,11.4,48.3,6,3,1,0,4
6,1,2,0,0,10.2,9.6,18.3,3,2,1,0,2
5,6,1,1,40.3,3,7.9,86.6,1,2,1,0,6
3,2,3,0,31,4.4,12.8,47,1,3,1,0,3
4,4,11,1,0,9.7,10.2,65.7,1,3,1,1,0
15,1,4,0,0,10,18.9,24.2,6,2,1,0,0
21,6,8,0,0,10,22.4,30.4,4,3,1,0,5
19,1,1,0,0,10,6.3,17.9,10,4,1,0,1
21,1,9,0,0,10.3,19.9,70.4,2,3,1,0,2
9,2,7,1,0,10,25.5,58.6,7,2,1,0,5
5,3,5,0,0,10.2,22.8,75.1,2,3,1,0,3
11,1,7,0,47.7,1.7,25.7,81.5,6,2,1,0,5
6,1,4,0,0,9.5,12.6,52,3,3,1,1,2
7,5,2,0,0,9.5,10.2,1.5,2,2,1,0,4
4,1,2,0,0,10,9.3,66.1,2,2,0,0,2
22,3,9,0,0,10.5,19.4,76.3,3,4,1,0,4
12,3,8,0,43.6,2.5,27.4,21.8,5,4,1,0,0
14,5,7,0,0,10,22.7,54.3,7,2,1,0,4
17,5,3,0,0,9.5,8.1,72.1,6,3,1,0,4
15,3,10,0,0,10.3,21.5,80.9,7,2,1,1,3
10,3,5,0,0,9.9,17.7,79.7,6,4,1,0,2
17,6,8,0,0,10.4,24,9.3,6,3,1,0,5
16,5,7,0,0,10.4,23.9,32.8,6,3,1,0,1
15,4,8,0,0,9.8,26.1,7.3,5,4,1,0,1
0,0,2,0,44.3,2.4,13.2,9,1,3,1,0,3
18,3,4,0,0,9.8,15.6,63.2,10,4,1,0,5
19,6,11,0,0,9.9,14.9,76.6,6,2,1,0,3
11,0,4,0,0,10.1,17.6,12.5,5,2,1,0,2
9,1,3,0,0,10.2,8.8,59.6,7,3,1,0,3
18,2,12,0,0,10.2,12.4,69,10,3,1,0,1
6,3,6,0,0,10.1,22.8,22.1,3,3,1,0,0
7,1,8,0,0,10.1,26.8,34.1,8,2,1,0,2
3,6,8,0,0,9.7,26.6,68.6,2,3,1,0,3
14,2,10,1,0,9.9,15.3,37.1,4,3,1,0,0
13,2,3,1,0,10.3,10,20.3,4,4,1,1,5
3,0,12,0,0,10.2,10.4,50.3,1,3,1,0,3
6,0,7,0,0,10,25.8,38.8,3,3,1,0,1
10,6,5,1,0,9.7,20,79.4,4,3,1,0,6
9,3,2,0,0,9.8,9,6.6,7,4,1,0,3
18,5,9,0,0,9.9,22.7,32.5,6,3,1,0,3
0,4,6,0,0,9.8,24.9,69.6,2,3,1,0,3
17,4,8,0,0,10.5,25.4,49.3,8,4,1,0,4
11,3,12,0,0,10.3,13.1,89.5,6,2,1,0,1
23,5,2,0,0,9.9,11.7,70.6,3,3,1,0,2
13,6,8,0,0,10,22.5,57.3,6,4,1,0,0
7,4,1,0,5,9.4,7.2,2.8,9,3,1,0,4
1,1,8,0,0,10,24.4,73.2,1,3,1,0,2
20,4,1,0,0,10.4,5.2,41.9,3,4,1,0,2
10,2,7,0,0,9.9,29.5,60.2,5,3,1,0,2
3,6,11,0,0,9.5,9.3,77.7,3,3,1,0,5
16,4,3,0,0,10.4,8.6,16.6,6,4,1,0,1
10,6,9,0,0,9.8,21.4,51,6,3,1,0,1
3,1,3,0,19.1,6.6,10.1,11.8,2,3,1,0,5
17,6,12,0,0,9.6,11.7,70.7,6,2,1,0,7
20,0,9,0,0,9.6,21.7,35.8,4,4,1,0,1
3,1,5,0,0,10.2,21.7,48.9,2,3,1,0,1
13,4,10,0,0,9.8,14.8,33.1,6,3,1,0,0
12,6,5,0,0,10.1,18.5,69.2,7,4,1,1,0
21,4,8,0,0,9.9,25.6,70.5,3,2,0,0,1
15,5,11,0,0,10.4,13.4,62.1,7,4,1,0,2
1,3,12,1,0,9.8,13,59.2,3,3,1,0,1
19,3,5,0,0,9.6,19.2,26.9,8,4,1,1,5
19,5,6,0,0,10.4,19.1,20.3,7,4,1,0,7
0,5,9,0,0,10.2,25.5,13.9,4,3,1,0,2
5,5,10,0,30,4.4,16.6,8.7,4,4,0,1,6
15,4,5,0,0,9.6,19.9,85.7,5,4,1,0,0
3,6,7,0,0,9.6,26.2,78.4,2,3,1,0,2
0,5,12,0,0,10.2,13.6,60.9,2,4,0,0,5
10,3,2,0,33.7,4,9.8,31.4,5,3,1,0,2
19,4,5,0,18.9,7,20.6,10.9,8,3,1,0,3
18,0,8,1,0,9.7,24.9,85.2,7,2,1,0,7
9,6,1,0,0,9.5,12.7,42.3,8,2,1,0,2
5,5,5,1,0,9.7,21.5,29.1,2,3,1,0,1
18,0,1,1,0,10.3,13,38.1,8,3,1,0,2
14,4,3,0,10.1,8,14.2,4.3,7,2,1,0,1
7,6,11,0,0,9.9,10.5,36.9,4,3,1,0,2
18,2,7,0,0,9.9,26,43.3,8,3,1,0,3
10,4,10,0,0,10.1,18.2,37.8,7,3,1,0,2
4,1,7,1,0,9.8,23.4,79.3,2,3,0,0,9
15,2,9,0,0,10.3,19.4,63.7,5,2,1,0,0
21,6,10,0,0,10.1,20.3,12.4,2,4,1,0,0
11,0,8,0,0,9.9,24.4,35.1,6,3,1,0,2
9,1,11,0,0,9.9,14.3,80,7,3,1,0,4
6,6,2,0,0,10.3,9,25.5,2,4,1,0,3
20,0,6,0,0,10,20.8,1.3,2,3,1,0,0
0,2,7,0,24.3,5.7,28.8,6.9,2,3,1,0,3
10,3,1,0,0,10.3,7,22.4,7,3,1,0,2
10,3,2,0,0,9.9,10.5,7.2,6,3,1,0,0
13,0,7,0,9.6,8.6,29.3,71.6,7,2,1,1,5
22,3,11,0,6.2,8.5,13.6,71.2,2,3,1,0,3
23,6,4,0,0,10.2,11.6,12.3,2,3,1,1,0
13,5,6,0,0,9.7,20.8,71,6,3,1,0,4
18,5,11,0,0,10.4,14.4,68.2,6,4,1,1,7
0,1,12,0,0,9.7,9.7,65.5,2,2,1,0,3
8,1,1,0,0,10.1,12.8,14.7,8,3,1,1,6
13,6,3,0,0,10.4,13,49.6,7,4,1,0,3
11,4,5,0,0,9.8,18,75.8,6,3,1,0,4
10,0,4,1,31.4,4.1,17.5,52.3,5,2,1,1,7
5,1,11,0,14.1,7.9,12.7,76.4,3,2,1,0,1
21,3,11,0,0,9.5,14.9,33.5,3,4,1,0,2
12,3,8,0,0,10.1,24,32.1,6,3,1,0,1
15,5,1,0,0,10.1,10.9,72.9,7,3,1,0,6
4,2,9,0,0,9.7,20,38.5,3,4,1,1,1
21,0,1,0,17.7,7,8.8,44.9,3,2,1,0,1
22,1,9,0,0,9.8,20.5,33.1,2,3,1,0,2
17,4,8,0,0,10.4,26,88.7,8,3,1,0,4
16,5,6,0,0,9.8,25.1,14.1,5,3,1,0,2
19,5,7,0,0,10.1,22.4,4.7,5,3,1,0,7
21,5,4,0,0,9.9,16.9,51.6,3,3,0,0,3
1,6,1,0,37.6,2.8,8.7,68.9,4,2,0,0,5
8,5,1,0,0,9.6,9.9,88.4,3,2,1,0,6
14,2,10,0,0,10.3,14.4,31.4,5,3,1,0,1
18,6,11,0,0,9.6,14.9,62.1,6,3,1,0,2
12,3,10,0,0,10.1,21.4,63.9,5,3,1,0,1
17,0,12,0,0,9.9,7.4,68,9,3,1,1,3
18,6,8,0,0,9.6,29.1,37.3,7,2,1,0,2
16,5,2,0,0,9.7,8.8,77.7,7,3,1,0,3
11,5,12,0,0,10,8.5,55.3,7,4,1,0,3
12,3,10,0,0,10,18,49.4,6,2,1,0,2
7,1,5,0,0,9.6,18.7,51.3,9,3,1,1,4
3,0,9,0,0,9.8,18.6,50.7,1,3,1,0,3
8,3,10,0,20.8,6.1,16.8,78.2,7,2,1,0,6
19,0,5,0,0,10.1,20.9,12.6,10,2,1,0,5
21,1,9,0,0,10.5,19.5,0.4,4,3,1,1,7
4,6,5,0,0,9.8,22.6,4.8,3,3,1,0,2
18,4,9,0,0,10.2,22.8,86.8,9,3,1,0,4
15,1,5,0,0,10.3,18.5,42,6,2,1,0,2
14,0,1,0,0,10,9.5,84,5,3,1,0,5
15,0,10,0,48.4,0.8,20,79.6,6,2,1,0,4
20,6,8,0,0,9.8,23.8,51,3,3,1,0,1
22,1,4,0,0,10.1,12.3,81.1,2,3,1,0,2
15,0,1,0,0,9.5,6.8,21.8,7,2,1,1,3
8,6,5,0,0,10.5,22.7,60,3,3,1,0,3
13,3,4,0,0,9.7,12.8,73.6,6,3,1,0,4
7,1,9,0,0,10.2,24.2,23.6,8,4,1,0,2
19,2,5,0,0,9.6,18.2,25,9,3,1,0,5
19,3,9,0,6.8,8.9,20.8,5.4,9,2,1,0,6
11,6,9,0,0,9.9,25.6,11.7,6,2,1,0,0
6,4,2,0,0,10.3,13.2,55.7,3,3,1,0,1
3,5,3,0,0,10.5,14.2,63.3,2,3,1,0,4
20,5,11,0,0,9.6,14.7,59.6,2,3,1,0,2
16,5,12,0,0,9.8,12.5,19.1,7,3,1,0,3
17,6,2,1,0,10.1,13,16.7,4,2,1,1,6
3,0,10,0,36.8,3.7,14.8,63.5,1,3,1,0,4
6,2,3,0,26.2,4.9,13.9,28.7,3,4,1,0,5
7,6,6,0,0,10.2,22.2,5.1,2,3,1,0,5
10,0,8,0,0,10.4,28.4,77.1,6,3,1,0,3
4,4,9,0,41.8,2.3,25.6,31.5,2,2,1,0,1
3,1,10,0,0,10.3,21.9,37.6,1,3,1,0,2
4,6,3,0,0,10.3,9.2,10.7,3,4,1,0,5
15,0,7,0,0,10.4,27.2,83.7,5,4,1,1,5
2,2,12,0,8.6,8.9,10.1,64.9,2,3,1,0,2
9,0,5,0,0,10.2,19.2,66.5,9,2,1,0,3
17,5,3,0,13.1,8,13.9,32.6,6,3,1,0,4
2,0,2,0,2.1,10,6.6,78.2,2,2,0,0,4
21,5,2,0,0,9.5,11.1,13.7,3,3,1,0,0
6,5,11,1,0,10.5,16.5,88.9,3,2,1,0,4
13,3,4,0,0,10.5,16,46.2,7,3,1,0,2
4,3,7,0,0,9.9,27.2,69.9,3,3,1,0,2
23,2,10,0,0,9.7,16.5,71.7,2,2,1,0,4
20,4,1,0,0,9.9,11.1,53.5,3,3,1,0,1
11,3,7,0,0,9.7,23.6,49.7,5,2,1,0,0
14,4,6,0,34.9,3.8,26.6,37.4,6,2,1,0,3
10,6,6,0,0,9.6,23.7,80.2,6,4,1,0,1
13,3,5,0,7.9,8.3,17.9,81,7,2,1,0,0
8,1,5,0,0,9.9,20.9,68.2,8,2,1,0,6
17,1,10,0,0,10.4,15.6,68.1,10,3,1,0,2
3,2,9,0,21.5,6.5,21.5,52.7,1,4,0,0,3
16,4,3,0,0,10.3,9.1,12.7,6,3,1,0,1
22,4,10,0,0,9.7,15.5,55.1,3,2,1,0,6
11,6,4,0,0,10,11.3,33.5,8,2,1,0,0
17,0,11,0,0,9.6,16.2,42.6,9,3,1,0,0
6,2,10,0,0,9.9,16.3,6.9,2,4,1,0,1
11,2,6,0,0,9.7,25.6,41,5,4,1,0,1
16,5,7,0,0,10.2,22.6,6.8,5,2,1,0,1
4,0,3,0,0,9.8,10.3,51.9,2,3,1,0,1
19,2,2,0,0,10,7.7,50,9,4,1,0,6
23,1,8,0,0,10.2,30,13.2,2,2,1,0,1
22,6,4,0,0,10,12.2,42.5,4,4,1,0,3
11,4,11,0,0,9.6,16.9,45.6,5,3,1,0,4
20,3,11,0,23.5,5.5,13.3,17.2,3,3,1,0,5
11,5,11,0,45.5,1.6,10.4,35.3,7,3,1,0,5
23,5,2,0,0,10.1,6.9,15.3,2,3,1,0,0
8,5,9,0,0,10.2,26,77.7,3,2,1,0,5
16,1,2,0,0,10.1,8.9,57.9,7,3,1,0,1
3,0,3,0,0,10,9.5,78.8,3,2,1,0,1
4,1,12,0,39.3,2.7,12,31,3,3,1,0,3
21,1,5,0,0,9.6,19,72.3,3,4,1,0,0
15,6,7,0,0,9.9,27.5,88.6,6,3,1,0,2
2,0,1,0,0,10.2,10.5,89.4,1,4,1,0,2
6,5,7,0,0,9.5,24.2,32.2,4,3,1,0,3
7,6,8,0,0,9.5,27.8,1.3,3,4,1,0,3
1,3,2,0,0,9.8,10.8,39.3,2,3,1,0,0
20,4,12,0,12.5,8,10.9,28.9,2,2,1,0,2
0,1,8,0,0,10.2,26.7,86.5,2,3,1,0,4
0,1,2,0,43.6,2.4,10.1,71.5,3,3,1,0,7
17,6,9,0,0,10.4,23.6,12.4,5,3,1,0,3
16,2,1,0,0,10.2,7.5,22.4,6,3,1,1,3
6,1,11,0,31.9,4.3,13.9,8.3,3,2,1,0,1
3,0,12,0,0,10.2,11.8,59.7,2,2,0,0,5
17,2,12,0,38.5,3.4,8.5,2.1,9,3,1,0,4
4,1,4,0,0,10.1,15.7,31.8,1,3,1,0,2
4,1,5,0,0,10.1,22,34.9,2,3,1,0,0
21,4,6,0,0,10.3,22.8,71.9,4,2,1,0,3
18,3,3,0,45.5,1.4,9.5,13.5,10,2,1,0,6
12,5,7,0,0,10.1,27.1,25.5,8,3,1,0,4
20,0,2,0,0,10.3,12.9,58.6,3,2,1,0,1
20,2,8,0,0,9.6,29.6,34.2,3,3,1,0,1
1,6,2,0,18.6,6.9,11.9,87.7,2,4,1,0,3
15,6,8,0,0,9.6,22.8,22.8,6,3,1,0,2
3,5,10,0,19.9,6.6,17.7,70.9,4,2,1,0,5
5,4,4,0,0,10.4,17.4,67.9,2,2,1,1,3
3,3,5,0,0,9.5,22,40.1,2,3,1,0,1
11,1,2,0,27.9,5.4,12.3,31.5,6,4,1,0,3
0,0,3,0,0,10.4,8.9,5.8,2,3,1,0,3
0,3,12,0,8.2,8.3,10.8,86,1,4,1,0,3
18,5,2,0,46.9,1.4,8.6,68.6,6,3,1,0,6
6,3,10,0,30.2,4.4,17.7,2.2,3,2,1,0,2
17,1,2,1,0,10.2,12.3,20.9,8,2,1,0,3
23,6,6,0,0,9.8,21.9,30.6,2,3,1,0,4
8,0,5,0,0,9.7,15.7,4,8,2,1,0,1
18,5,9,1,0,10.2,22.2,32.8,4,3,1,0,5
0,0,11,0,0,10.1,16.6,30.8,3,2,0,0,5
9,0,12,0,0,10.5,11.7,7.7,9,2,1,0,3
7,5,2,0,0,10,9.3,9.4,3,3,1,0,2
8,6,10,0,0,10,17.9,37.4,4,4,1,0,3
5,6,6,0,0,10.2,21.3,35.7,3,4,1,0,1
4,1,7,0,0,9.6,22.6,43.6,3,4,1,0,2
10,4,8,0,0,9.8,25,15.9,5,2,1,0,0
8,1,4,1,0,9.6,12.8,68.7,6,2,1,0,4
9,3,4,0,0,10.3,14.6,55.3,7,3,1,0,4
18,3,10,0,0,9.9,14.3,9.2,9,3,1,0,4
9,0,3,0,4.3,9.7,10,19.9,9,3,1,1,4
1,2,1,0,12.8,7.3,10.5,0.8,2,3,1,0,4
12,5,11,0,18,7.2,10.3,6.1,7,2,1,0,5
17,3,2,0,17,7.2,9.1,2.3,9,2,1,0,9
23,5,9,0,0,9.7,24.9,13.9,3,2,1,0,2
10,5,1,0,0,10.4,11.2,73.2,8,3,1,0,3
17,2,10,0,0,10.1,16.2,20,10,2,1,0,2
7,4,6,0,0,9.6,23.7,3.7,7,2,1,0,2
19,3,8,0,0,10.1,25.9,14,9,3,1,0,7
22,6,8,0,0,9.5,22.4,14.8,3,3,1,0,2
0,3,1,0,0,10,9.2,8.3,2,3,1,0,0
14,4,12,0,0,10.5,8.9,8.4,6,3,1,0,3
21,3,4,0,28.9,5,17.1,76.7,2,3,1,1,2
21,4,11,0,0,9.6,12.3,30.6,2,3,1,0,1
17,4,1,0,41.8,2.4,5.5,25.4,9,2,1,0,5
5,1,9,0,0,9.9,19,85.3,2,4,1,0,5
8,4,6,0,0,10,23,89.8,7,3,1,0,8
11,2,12,0,0,10.2,10,15,6,3,1,0,1
19,0,7,0,0,9.6,28.4,16.1,10,3,1,0,4
20,6,6,0,0,9.8,20.2,81.7,3,2,1,0,1
15,2,7,0,0,9.9,29.5,27,5,3,1,0,2
1,3,1,0,25.9,4.9,7.1,86,1,2,1,0,2
15,2,5,0,0,10.1,17.6,47,6,2,1,0,1
17,4,11,0,0,10,9.7,18.2,10,2,1,0,2
1,1,2,0,0,9.9,7,80.1,1,4,1,0,6
19,1,11,0,0,10.4,9.1,54.2,9,3,1,0,2
22,2,10,0,0,10.5,20.3,15.2,1,3,1,0,2
18,2,3,0,0,9.7,14,28.5,9,3,1,0,4
12,4,6,0,0,10.2,25.5,17.8,5,3,1,0,2
22,1,12,0,0,10.1,10,5.6,3,3,1,0,0
7,2,2,0,0,10.4,12,57.3,8,3,1,0,4
13,2,12,0,6.3,8.4,13.9,24.5,6,3,1,0,4
5,2,4,0,0,9.6,14.2,66.2,3,2,1,0,4
12,6,9,0,14.6,7.3,24.1,18.9,7,2,1,0,2
15,2,10,0,45.4,1.7,18.6,86.1,7,3,1,0,3
8,3,11,0,1.6,9.7,10.8,42.3,7,3,1,0,2
3,5,1,0,1.3,10,11.3,16.9,2,4,1,1,2
15,5,12,0,0,10.2,12.3,82.6,6,3,1,0,3
16,1,9,0,0,10,24.4,46.9,7,3,1,0,4
18,2,7,0,0,10.4,29.4,3.1,10,3,1,0,6
17,0,7,0,0,9.6,24.1,52.8,10,4,1,1,2
17,3,12,0,0,10.4,7.3,5.5,9,4,1,0,6
6,6,2,0,0,10.1,6.7,22.4,2,3,1,0,3
16,2,4,0,0,10.3,12.5,79.6,7,2,1,0,3
10,3,12,0,41.2,2.7,10.7,5.8,7,3,1,0,5
16,6,7,0,0,9.6,26.1,62.7,6,3,1,0,3
2,2,8,0,0,10.4,24.9,36.8,2,2,1,0,1
7,4,12,0,24.1,5.5,13.7,46.5,7,3,1,0,8
17,5,8,0,3.6,9.4,26.4,32.2,6,4,1,0,4
11,3,5,0,0,10,17.5,14.6,5,2,1,0,3
14,6,4,0,0,9.6,17.6,89.8,7,2,1,0,3
8,4,10,0,0,10.2,20.1,19.3,8,3,1,0,1
22,6,1,0,12.5,7.5,12,3.3,4,3,1,0,3
17,0,4,0,0,10.5,16.5,57.8,8,3,1,0,6
10,2,9,0,3.2,8.9,19,67.7,7,2,1,0,1
16,0,5,0,0,10.3,18.2,15.5,6,3,1,0,2
21,1,6,0,0,10.4,23.3,40.3,3,3,1,0,2
9,1,10,0,0,9.8,15.2,13.9,8,4,1,0,6
15,3,6,0,0,9.6,20,0.7,7,3,1,0,2
22,4,1,0,0,9.9,8.8,76.3,3,4,1,0,0
2,2,8,0,0,9.9,24.5,3.1,1,3,1,0,0
8,5,8,0,0,9.6,24.2,30,3,3,1,0,1
13,3,9,0,0,10.4,21.4,1.5,6,3,1,0,5
12,1,12,1,39.1,3.4,7.8,55.9,5,2,1,0,5
8,6,10,0,0,9.8,20.9,59.2,4,3,1,0,5
12,2,7,0,0,10.3,27.7,36.6,6,2,1,0,0
15,2,9,0,0,10,21.1,39.6,6,2,1,0,0
21,5,2,0,0,9.9,8.7,52,4,3,1,0,4
3,6,12,0,18.2,6.5,8.3,29.2,4,4,1,0,5
16,6,2,0,0,10.2,9.2,43.7,7,2,1,0,4
2,0,11,0,0,9.9,16.5,85.1,2,3,1,0,0
0,6,10,0,2.5,9.8,18.6,65.1,3,2,1,0,4
10,0,2,1,2.6,9.4,11.5,30.2,5,3,1,0,0
5,6,5,0,0,10.5,19.5,14.1,3,2,1,0,1
10,5,2,0,0,10.1,13.8,78.2,7,3,1,0,2
19,3,11,0,0,9.5,9.9,19.7,9,3,1,0,2
23,5,9,0,0,10.1,24.2,13.1,3,4,1,0,3
16,6,3,0,0,10.1,9,74,6,2,1,0,2
1,3,3,0,0,10.3,14.9,20.4,1,2,1,0,3
8,3,7,0,36.2,3.1,24.3,34.4,9,4,1,0,5
14,2,7,0,0,10.2,24.3,69.4,7,4,1,0,3
13,0,12,0,11.6,7.7,7,58.2,6,2,1,0,2
23,3,4,0,0,9.9,12.3,83.8,1,3,0,0,5
22,3,5,0,0,10,18.2,81.6,3,2,0,0,3
22,5,12,0,0,10.1,11,24,3,4,0,0,2
18,1,3,0,0,10,15.5,72.5,9,2,1,0,4
15,0,7,0,27.9,5.1,29.7,8.1,6,2,1,0,2
0,4,3,1,0,10.2,11.2,34.8,1,2,1,0,3
1,5,2,0,0,9.5,8,19.4,3,3,0,0,3
15,2,1,0,0,9.8,10.5,63.8,6,2,1,0,2
5,4,3,0,0,10.1,8.4,70,3,3,0,0,4
22,3,10,0,0,10.5,19.7,73.7,1,3,1,0,4
1,2,5,0,25.9,5.5,19.9,72.5,2,2,1,0,5
23,6,10,0,0,10,16.3,65.8,4,3,0,0,4
16,6,8,0,0,10.4,29.8,40.4,5,4,1,0,3
17,5,9,0,22.2,6.5,20.2,1.8,5,3,1,0,6
17,0,7,0,0,9.6,24,13.3,9,2,1,0,2
0,3,5,0,0,9.8,17.9,86.6,2,3,1,0,1
14,1,6,0,27.4,5.5,20.4,46.7,5,2,1,0,4
22,2,5,0,0,10.1,22.3,48.7,2,2,1,0,2
19,0,11,0,0,9.7,15.7,34.2,9,2,1,0,0
4,1,3,0,6.5,8.7,12.2,16.8,3,3,1,0,1
3,2,2,0,0,10.3,13.8,71.2,3,3,1,0,1
23,3,5,0,0,10.1,18.7,58,2,3,1,1,4
14,4,9,0,0,10.3,18.7,39.6,6,3,1,0,1
20,5,5,0,0,10.3,21.7,24.4,4,4,1,0,0
2,2,4,0,0,9.7,14.3,51.1,1,2,0,0,3
14,5,6,1,0,10,19.5,50.9,5,4,1,0,2
10,0,2,0,0,10.2,6.8,89.3,6,3,1,0,0
17,2,8,0,0,10.1,25.5,73.4,9,3,1,0,8
2,5,12,0,0,10.3,12.3,66.1,4,3,0,0,7
23,6,9,0,0,10.3,23.6,58.9,3,2,0,1,3
0,4,6,0,0,9.7,20.4,55.5,1,2,0,1,3
21,5,8,0,0,9.9,22.6,28.9,3,3,1,0,2
22,3,5,0,0,10,22.1,42.8,2,3,1,0,1
11,6,12,0,34.2,4.2,11.5,1,8,3,1,0,4
14,5,11,1,0,10.3,14.1,16,5,2,1,0,6
6,4,3,0,19,6.8,15.1,15.4,4,3,1,0,3
23,1,3,1,0,10.4,14.4,72.2,3,3,1,0,1
19,5,11,0,0,10,15.1,2.6,6,2,1,0,5
16,4,8,0,0,10,29.3,53.3,5,4,1,0,2
17,1,9,0,21.7,5.7,24.3,83.7,9,3,1,1,9
12,1,2,0,0,9.9,9.4,89.1,5,3,1,0,1
9,6,7,0,0,10.3,29.6,65.8,6,3,1,0,2
0,5,9,0,0,10,20.2,33.6,3,3,1,0,1
4,1,11,1,18.4,6.4,14.4,52.5,1,2,1,0,2
0,2,2,0,0,10.1,12.2,66.2,2,3,1,0,1
9,6,12,0,0,9.6,12.9,74.2,7,2,1,0,2
13,4,1,0,0,10.2,7.9,57.7,5,3,1,0,2
22,6,1,0,34.6,3.3,7.1,79.1,3,3,1,0,3
13,6,3,0,0,10,15.6,43.8,6,3,1,0,1
19,6,11,0,0,10.5,16.2,12.7,5,3,1,0,3
3,2,7,0,0,10,26.4,14.1,3,2,1,0,2
2,5,4,0,24.9,5.5,18.3,34.9,2,3,1,0,7
8,2,1,0,0,9.9,12.3,25.6,9,3,1,0,4
13,3,7,0,43.7,2.6,25.7,70.8,6,2,1,0,5
8,5,4,0,0,9.6,15.2,2.8,3,2,1,0,3
9,6,5,0,0,10.2,21.5,87.2,8,3,1,0,1
12,3,2,0,0,10.5,10.6,81.5,7,2,1,0,2
18,3,12,0,30.5,4.5,8.1,17.5,10,2,1,0,6
8,2,5,0,48.3,1.4,18.2,32,7,3,1,0,5
0,5,1,0,0,10,9.5,24.7,3,3,1,0,3
3,6,11,0,0,9.5,9.1,64.7,2,3,1,0,3
19,5,10,0,0,10.3,16.8,68.7,7,2,1,0,5
1,2,4,0,0,10,11.7,59.4,2,2,1,0,4
11,3,6,0,0,10.1,22.6,60.6,5,4,1,0,5
6,2,1,0,0,10,5.5,55.4,3,3,1,0,3
9,1,2,0,27.7,4.7,12.9,45.8,8,2,1,0,2
13,5,3,0,0,10,13.2,16.7,7,3,1,0,5
4,4,4,0,0,10.1,12.3,59.5,2,2,0,0,6
15,4,10,0,0,9.6,21,89,5,3,1,0,1
8,5,10,0,0,10,17.8,53,4,2,1,0,6
3,6,6,0,0,10.2,23.8,18.6,3,2,1,0,1
19,4,10,0,0,9.8,16.6,15.1,9,2,1,0,3
2,2,8,0,0,10.1,26,4.1,3,3,1,0,3
6,5,12,1,0,9.8,13.4,78.5,2,4,1,0,6
12,0,5,0,0,10.3,20,31.6,5,4,1,0,0
18,5,1,0,0,10.5,6.2,58.1,7,2,1,0,5
9,4,8,0,0,10.3,23.4,46.2,8,3,1,0,5
9,1,11,0,21.2,6.4,10.3,3.6,8,3,1,1,10
20,3,11,0,0,10.1,15.3,47.9,4,2,1,0,2
5,0,5,0,0,10.2,20,42.9,2,3,1,0,1
1,6,2,0,0,9.7,12.1,28.6,4,3,1,0,3
17,4,8,0,0,10.2,28.6,4.3,9,4,1,0,10
10,2,3,0,0,10.3,9.4,43.9,5,4,1,0,0
17,0,8,0,0,10.2,28.1,33.7,9,3,1,0,2
7,3,5,0,0,10.2,21.6,16.3,7,3,1,0,2
14,2,11,0,0,10.4,10.4,56.6,5,2,1,0,0
9,1,4,0,0,10.5,13.1,61.4,8,3,1,0,1
20,3,11,0,0,9.5,14.1,66.9,2,2,1,0,1
19,2,12,0,0,9.6,12.9,4.8,9,4,1,0,1
9,3,10,0,0,9.5,20.5,81.4,8,2,1,0,6
3,6,3,0,0,10.3,10.1,13.1,3,2,0,0,2
8,5,7,0,0,9.5,22.2,21.1,2,2,1,0,2
6,6,2,0,30.5,4.1,12.8,3.9,3,4,1,0,6
22,3,2,0,0,10.4,11,47.2,2,4,1,1,2
21,2,6,0,0,9.6,25.5,39.3,4,2,1,0,1
18,2,1,0,0,9.7,8.3,71.4,8,4,1,0,2
3,0,9,0,0,10.1,22.6,10.1,2,3,1,0,4
10,2,4,0,0,9.6,11.4,3.3,5,3,1,0,1
7,3,10,0,16.5,6.8,16.8,74.9,8,2,1,0,8
12,5,12,0,0,9.9,11.6,48,8,3,1,0,1
16,3,9,0,19.7,6.8,18.1,54.4,6,3,1,0,5
12,2,6,0,0,10.3,22.4,8.4,6,3,1,0,0
16,3,10,0,0,10.4,15.4,80,5,3,1,0,0
18,2,9,0,43.6,1.7,25.9,45.4,9,3,1,0,7
11,4,12,0,0,10.3,10.2,81.7,6,3,1,0,10
9,6,1,0,38.7,2.7,7,39.6,8,2,1,0,10
13,2,5,0,0,9.6,16,88.8,6,3,1,0,1
0,5,5,0,0,9.6,19.5,32.1,3,3,1,0,3
21,1,10,0,28.4,4.6,20,4.3,3,4,1,0,3
5,2,12,0,0,10.1,8.7,52.6,1,3,0,0,1
11,4,8,0,0,9.6,24.6,9.5,6,3,1,0,5
18,1,1,0,0,9.6,7.3,50.1,8,3,1,0,2
1,1,9,0,0,9.8,23.2,23,1,2,1,0,1
16,3,6,0,0,10.3,23.4,42.7,6,2,1,0,0
8,3,9,0,0,9.6,19.5,38.3,7,4,1,0,6
0,3,6,1,0,10.2,19.8,66.9,3,3,1,0,2
12,1,9,1,0,10.5,24.1,34,4,4,1,0,0
21,0,12,0,0,9.5,9.3,7.5,4,3,1,0,0
23,5,8,0,0,10.3,29.7,51.1,3,3,1,0,1
2,5,7,1,0,9.8,28.5,31.1,2,4,1,0,2
14,3,12,0,0,9.9,10.6,76.6,5,3,1,0,3
5,2,6,0,0,10,21.5,49.2,2,3,1,0,1
5,1,1,0,17.1,6.9,5.4,64.4,2,3,1,0,2
8,5,2,0,0,10,10,53,4,3,1,0,5
18,0,7,0,0,10.2,22.1,32.8,9,3,1,0,4
21,1,6,0,0,9.5,25.7,43.7,3,3,1,0,1
11,1,2,0,0,10.3,10.9,75.3,7,3,1,0,4
22,0,1,0,48,1.6,6.2,70.6,3,4,1,0,6
10,3,9,0,15.6,7.1,18.4,68.5,6,4,1,0,4
5,0,8,0,0,10.3,25.5,7.5,2,3,0,0,0
21,0,7,0,0,10,26.9,25.3,3,2,1,0,2
6,3,12,0,0,10.5,8,53.7,2,3,1,0,0
22,0,2,0,14.3,7.5,13,16.2,1,3,1,0,2
22,0,5,0,0,9.8,15.9,27.5,2,3,1,0,1
19,1,8,0,0,10.2,26,15.6,9,4,1,0,1
19,5,10,0,0,10.3,15.1,65.5,7,3,1,0,10
1,2,11,1,26.3,5.3,16.3,58.8,2,3,0,0,5
6,6,6,0,0,10.3,26.7,77.9,2,2,1,0,5
17,6,7,0,0,9.7,22.1,56.1,6,2,1,0,6
20,3,1,0,18,7.1,5.1,9.3,2,2,1,0,1
19,3,6,0,0,9.9,26.8,60.7,10,2,1,0,7
14,4,5,0,0,10.4,16.2,39.7,5,2,1,0,0
7,6,12,0,22.6,6.4,7.8,50.9,3,3,1,1,8
1,4,7,0,0,9.6,23.9,57.4,3,3,1,0,4
6,5,10,0,0,9.9,14.6,58.6,4,3,1,0,2
6,0,12,0,0,10.5,13.7,86.1,4,3,1,0,1
11,5,9,0,0,10.1,22.4,32.2,8,4,1,0,0
5,5,10,0,0,10.3,18.9,49.1,4,2,1,1,2
0,2,3,0,0,10.4,9.8,76.6,2,2,1,0,4
17,0,9,0,0,9.9,20.2,56.9,10,3,1,0,2
6,6,1,0,19.1,6.7,8.4,13.9,2,3,1,0,1
17,5,3,0,0,9.6,8.5,32,5,4,1,1,4
2,1,12,0,2.9,9.2,11,17.5,3,3,1,0,1
1,6,12,0,0,10.3,8.9,9,3,3,1,0,2
1,3,7,0,0,10,27.5,68.5,2,3,1,0,3
0,4,11,0,0,9.9,15.2,9.8,1,3,1,0,5
3,3,5,0,46.2,2,19.3,66.8,3,3,0,0,9
11,6,8,0,0,10.5,28.9,60.8,7,2,1,1,4
15,2,7,0,0,10.5,23.3,87.4,5,3,1,0,3
21,1,11,0,0,9.9,13.5,54.1,3,3,1,0,0
9,0,6,0,0,9.8,21.2,38.9,8,3,1,0,2
23,6,7,0,0,10.1,24.3,45.9,3,3,1,0,4
1,4,2,0,19.3,6.3,12.5,19.4,2,3,1,0,4
22,4,6,0,0,9.8,25,33,1,4,1,0,1
10,4,7,1,0,9.9,29.1,53.2,4,4,1,0,0
15,3,8,0,0,9.7,24.4,8.3,6,3,1,0,3
21,6,1,0,0,9.9,7.7,28.4,4,2,1,0,0
23,4,1,0,0,9.9,9.7,35,2,4,1,1,4
16,0,10,0,0,9.6,19.2,43.1,7,3,1,0,0
3,0,8,0,0,10.2,27.6,53.4,1,3,1,0,2
20,0,3,0,0,9.7,12.4,49.1,2,2,1,0,0
16,3,6,0,0,10,23.6,2.1,6,3,1,1,2
21,1,1,0,27.2,5.2,8.8,17.1,3,2,1,0,5
10,3,5,0,0,9.8,16.6,6.8,7,3,1,0,4
20,3,4,0,0,9.7,14.6,2.8,3,3,1,0,3
20,4,10,1,33.7,3.9,18.7,19.8,2,3,1,0,4
12,6,6,1,0,10.5,25.7,48.5,5,4,1,0,4
4,1,1,0,48.8,1.6,9.6,45.2,3,2,1,0,2
23,6,12,0,9.5,8.7,8.5,26.6,2,3,0,0,2
3,0,8,0,0,9.9,28.8,31.4,1,3,1,0,0
9,5,9,0,0,9.6,18.5,30.6,7,2,1,0,1
3,2,4,0,0,10.2,16.8,73.1,2,3,1,0,1
1,0,8,0,0,10.1,23.3,41.3,1,3,1,0,0
19,3,6,0,0,10.1,22.4,40.6,10,3,1,0,2
16,6,9,0,0,9.7,24,35.1,6,4,1,0,1
23,1,7,0,0,9.5,29.9,64,3,3,1,0,3
2,5,7,0,0,9.6,26.5,62.3,3,4,1,0,7
4,4,10,0,0,9.7,16,72.6,3,3,1,1,1
10,3,11,0,0,9.7,13.7,39.5,6,3,1,0,1
13,4,10,0,0,10.3,19.1,87.9,7,3,1,0,1
10,2,6,0,0,10,20.6,23.6,6,2,1,0,3
9,2,8,0,0,10.2,25.9,52,9,4,1,0,2
21,0,2,0,43.3,2,12.5,54.2,4,2,1,0,8
12,1,1,0,45.4,1.4,10.5,88.2,5,3,1,0,3
19,0,1,0,2.8,9.7,6.1,63.7,9,3,1,0,5
19,3,5,1,0,10.4,18.1,56.7,7,2,1,0,4
1,5,8,0,0,9.5,22.9,15.2,4,3,1,0,2
13,1,2,0,0,10,7.9,24.8,6,4,1,0,1
4,1,6,0,0,9.7,20.5,3.1,2,2,1,0,3
2,6,10,1,46.7,1.9,21.6,11.8,2,2,1,0,10
12,4,10,0,0,10,20.7,89.4,6,3,1,1,3
2,4,7,0,0,9.5,24.2,78.2,3,3,1,0,3
11,4,2,0,0,9.9,12.2,26.8,6,4,1,0,2
4,0,8,0,0,10.3,22.9,32.7,1,3,1,0,2
4,2,5,0,0,9.7,21,30.8,3,2,1,0,3
4,5,1,0,0,9.5,6.2,57.3,3,4,1,0,3
15,6,9,1,0,9.7,20,82.6,4,3,1,0,6
19,1,1,0,0,10.2,9.4,33.7,9,2,1,0,3
11,4,9,0,0,9.5,24.7,67.9,6,3,1,0,2
9,2,11,0,36.2,3,15.2,58.3,7,3,1,1,5
16,6,7,0,0,10.3,28.6,58,6,3,1,0,1
18,0,2,0,0,9.7,7.3,34.9,10,3,1,0,3
20,5,4,0,0,9.6,17,69,3,3,1,0,1
7,1,11,0,5.4,8.8,16.4,48.1,8,3,1,1,7
9,6,7,1,30.9,4.5,23.3,26.7,6,4,1,1,4
6,6,2,0,0,9.6,10.6,68.2,2,3,1,0,3
14,5,7,0,0,10.4,27.9,36.2,6,3,1,0,2
8,5,5,0,0,9.8,22.8,33.7,3,2,1,1,6
13,2,12,0,0,9.6,6.8,57.6,7,3,1,0,1
1,6,11,0,0,10.5,13.9,23.8,4,3,1,0,1
22,0,11,1,0,9.7,16.5,2.7,2,3,1,0,2
22,6,4,0,0,10.2,12.2,38.9,3,4,1,0,4
3,3,8,0,0,9.9,22.1,14.9,2,3,1,0,1
3,6,6,0,0,9.9,19.3,70.3,2,3,1,0,0
2,4,6,0,0,9.8,23.6,81.5,2,3,1,0,3
21,0,12,0,36.6,3.6,11.8,78.7,3,4,1,0,7
6,3,10,0,37.7,3.5,17.9,51.2,3,3,1,0,3
6,0,5,0,0,9.6,20.3,80.4,4,2,1,0,2
20,2,1,0,0,10.3,11.8,76.5,3,2,1,0,4
22,2,7,0,0,9.7,24.8,3.9,2,3,0,0,4
19,6,8,0,0,10.4,22.8,39.4,7,3,1,0,6
18,3,10,1,0,9.6,21.8,71.8,6,3,1,0,2
0,6,3,0,35.2,3.4,8.9,71.1,3,3,0,0,3
2,5,1,0,0.8,10.3,7.7,42.6,3,3,1,0,3
7,6,12,0,0,9.9,13.9,30,3,3,1,1,7
23,5,1,0,0,10,9.4,44.3,3,2,1,0,0
22,2,12,0,9.2,8.4,7.8,35.3,2,3,1,0,3
8,6,4,1,0,10.1,11.8,41.3,3,3,1,0,2
0,2,5,1,0,10.3,17.8,65.1,2,3,1,0,5
21,3,1,0,0,10.3,5.6,50.5,3,2,0,0,2
23,4,5,0,0,9.5,17.4,33.8,2,3,1,0,3
4,1,7,0,0,10.5,27.2,24.5,3,2,1,0,1
20,0,8,0,22.2,6,27.2,21,2,2,1,0,1
5,0,11,0,24.4,6.1,14.5,65,3,3,1,0,4
4,4,4,0,0,10.2,17.4,76.4,1,2,1,0,4
20,1,2,0,0,10.4,11.7,11.5,4,4,1,1,1
13,0,9,0,0,9.8,23.7,64.3,6,3,1,0,4
2,6,1,0,0,9.7,9.9,59,3,3,1,0,1
10,4,12,0,0,10.3,6.2,75.5,6,2,1,0,4
1,0,7,0,0,9.6,22.4,61.2,1,3,1,0,5
6,0,3,0,0,9.9,15.7,79.6,2,2,1,0,1
18,4,11,0,0,9.7,16.8,26.3,8,3,1,0,1
4,1,4,0,0,10.3,13.3,72,2,2,1,0,5
4,6,5,0,0,9.8,21.3,32.2,3,3,1,0,2
13,5,2,0,0,9.7,10.5,79.2,6,2,1,0,2
17,2,3,0,0,10.2,8.6,78.6,8,3,1,0,6
5,1,7,0,0,10.1,26.8,1.1,2,3,1,0,0
1,6,6,0,0,10.1,26.7,33.4,2,2,1,0,1
19,4,6,0,0,10.1,21.7,56.7,9,2,1,0,5
9,3,4,0,0,10.3,15,38.7,9,2,1,0,4
23,5,12,0,0,10.2,6,24.5,4,3,1,0,3
9,0,2,1,0,10.2,9.1,77.9,6,4,1,0,1
5,6,1,0,0,9.6,8.5,13.8,3,3,1,0,1
23,4,1,0,0,9.7,5.1,60.5,2,3,1,0,1
0,6,4,1,0,10.2,11.3,45.1,2,4,1,0,4
6,6,8,0,0,10.3,23.9,53,3,2,1,0,3
21,6,7,0,0,9.9,25.3,5.4,3,4,1,0,0
22,4,1,0,0,10.3,10.1,31.9,2,2,1,1,1
6,0,1,0,0,10.3,10.1,57.8,2,4,1,0,0
19,4,12,1,0,10.2,11.7,23.2,6,3,1,0,4
22,1,6,0,0,9.6,25.3,66.2,3,4,1,0,1
21,3,11,0,30.1,4.3,14.3,40.1,3,3,1,0,1
21,3,7,0,0,9.9,23.6,43.7,2,3,1,0,1
12,1,2,0,0,9.9,13.2,23.1,6,3,1,0,3
12,0,8,0,0,10.3,24.3,16.7,5,3,1,1,1
0,5,10,0,0,10,19.1,4,3,2,1,0,4
7,6,1,0,0,9.9,9.4,50.4,4,3,1,0,5
14,4,3,0,0,10.1,15.7,61.2,5,3,1,0,2
1,5,3,0,0,10.2,11.3,19,3,3,1,0,2
11,4,12,0,0,9.6,10.9,21,5,2,1,1,2
6,2,5,0,0,9.8,21.1,63.7,2,4,1,1,4
1,2,11,0,0,9.9,14,50.1,3,3,1,0,1
5,6,12,0,0,9.7,8.2,55.1,3,2,0,0,1
15,6,6,0,15.3,7.5,27,0.4,5,2,1,0,2
4,4,7,0,0,9.7,22.2,11.9,2,2,1,0,2
16,0,1,0,0,10.2,10.9,80.9,6,2,1,0,2
7,0,12,0,0,10.1,9.2,39.3,8,2,1,0,3
8,1,5,0,0,9.9,17.7,22.1,7,3,1,1,2
14,0,10,0,29.5,5.1,20.1,70.7,6,3,1,0,6
8,1,1,0,0,9.7,7.8,60.8,8,3,1,0,1
5,2,12,0,0,9.9,8.4,55.9,2,3,1,1,3
0,4,4,0,0,9.6,11.5,81.3,2,2,0,0,6
19,5,11,0,0,9.7,9.8,59.7,6,2,1,0,1
20,0,2,0,31.2,4.2,13.2,45.2,3,4,1,0,7
15,4,7,0,0,10.2,24.2,58.2,7,3,1,0,2
12,1,4,0,0,9.7,17.2,17.4,5,3,1,0,1
19,4,4,0,0,9.8,13.1,30.6,8,2,1,0,2
3,6,11,0,0,10.5,13.5,80.8,3,3,1,0,2
1,0,12,0,0,9.6,8,4.5,2,3,0,0,4
14,3,7,0,0,10.5,28.4,31.5,6,2,1,0,1
0,0,7,0,0,10.2,29.1,51,3,3,1,0,2
1,0,5,0,0,9.6,15.4,79.2,2,3,1,0,2
19,6,1,0,0,9.5,8.3,74.9,6,2,1,1,8
3,6,6,0,24.7,5.7,19.1,66.4,2,4,1,1,5
16,1,12,0,0,10.5,7.7,19.8,6,3,1,0,1
3,5,7,0,0,9.8,26.5,30,3,3,1,0,4
23,2,8,0,0,9.8,23.3,49,3,2,1,0,6
16,0,11,0,42.9,2.7,11.9,48.5,6,3,1,0,4
6,6,11,0,27.2,5,13.6,74.1,3,4,1,1,7
0,1,12,0,0,10,7.6,43.8,1,2,1,0,3
1,0,3,0,0,9.5,9.6,48.7,3,4,1,1,5
13,2,3,0,30.8,4.2,14.3,29.3,6,3,1,0,6
15,6,8,0,0,9.7,23.7,87.4,5,2,1,0,2
17,3,9,0,0,10.5,22.9,84.1,8,4,1,0,3
16,5,12,1,0,9.7,13.4,54.4,4,4,1,0,1
21,3,9,0,0,10,19.7,41.2,3,2,1,1,1
10,5,8,0,0,9.8,29.2,13.1,8,4,1,0,3
18,0,12,1,21.7,6,11.2,48.5,8,3,1,0,13
3,6,3,0,0,9.7,15.1,66.4,2,2,1,0,1
20,2,3,0,0,10.3,8.5,24.8,3,3,1,0,2
13,6,5,0,0,10.3,18.2,16.8,7,2,1,0,0
6,2,7,1,0,9.6,24.2,16.4,3,3,1,0,2
16,0,11,0,30.8,4,14.4,28.8,6,2,1,0,3
8,0,2,0,0,9.9,7.7,53.3,8,3,1,0,4
0,6,9,0,0,9.9,24.6,32.2,3,3,1,0,5
14,1,12,0,27.7,5.5,11,32.9,7,3,1,0,2
22,1,9,0,0,9.9,22.7,55.1,1,3,1,0,4
4,4,11,0,0,10.3,12.6,73.4,2,3,1,0,1
20,6,9,0,5.4,8.8,21.7,73.1,4,3,1,1,2
12,5,6,0,0,9.6,25.9,19.1,6,3,1,0,2
16,2,5,0,0,9.6,21.5,33,7,3,1,0,1
21,3,11,1,0,10.1,15.3,7.8,1,2,1,0,1
5,2,9,0,0,10.3,22.7,48.6,3,3,1,0,1
8,1,5,1,24.9,5.1,16.4,37.3,5,3,1,0,4
2,2,3,0,0,9.9,13.1,8.5,2,2,1,0,1
14,0,4,0,0,10.3,15.2,32.5,6,3,1,0,0
8,6,9,0,0,10.3,25.1,45.9,3,2,1,0,4
17,0,12,0,0,9.8,10.1,76,8,4,1,0,6
16,3,12,1,0,9.5,10.6,85,3,2,1,0,3
21,6,6,0,0,10.3,25.1,39.4,3,2,1,0,2
0,4,9,0,0,10,20.1,24.9,1,2,1,0,1
4,0,3,0,0,9.6,10.6,41.7,1,4,0,0,3
9,4,2,0,0,9.8,6.4,32.9,7,4,1,0,2
11,0,6,0,0,9.7,26.9,11.2,6,2,1,0,0
16,6,9,0,0,9.8,25.5,57.7,6,3,1,0,5
5,1,5,1,20.8,6.7,20.2,86.8,3,4,1,0,2
7,4,2,0,0,10.4,13.3,1.2,8,2,1,0,4
3,3,12,0,0,9.8,12.8,78.2,2,3,1,0,4
11,4,1,1,33.6,4,8.9,33.1,5,3,1,0,5
9,4,10,0,29.6,4.8,18.7,41.6,8,2,1,0,3
7,6,4,0,0,9.5,11.9,80.2,4,3,1,0,4
13,5,8,1,0,10.1,27.2,84.1,5,2,1,1,3
0,1,9,0,0,10.2,24.7,34.1,1,4,1,0,3
17,1,8,0,0,10.1,25.8,3.3,9,3,1,0,7
22,6,9,1,39.2,2.7,21.2,26.1,1,3,0,1,7
15,5,3,0,0,9.8,14.3,84,6,3,1,0,4
5,1,10,0,0,10.4,20.2,68.5,3,3,1,0,0
14,6,5,0,30.1,4.9,21.9,88,7,3,1,0,7
1,5,8,0,0,10.5,24.6,13,4,3,0,0,5
8,2,3,0,28,5,11.3,21.3,8,3,1,0,4
6,6,1,0,0,10.1,9.9,51.8,2,2,1,0,2
19,2,7,0,0,9.5,24.8,83.8,9,2,1,0,2
2,0,7,0,0,9.9,25.4,39.5,2,3,1,0,2
22,1,3,0,0,10.2,10.8,48.4,2,2,1,0,1
9,4,8,0,0,10,24.1,10.3,7,3,1,0,1
22,5,2,0,0,9.5,8.6,61.1,3,4,1,0,5
20,3,8,0,0,10.4,25.7,6.3,3,3,1,0,0
15,6,1,0,0,10.1,10.9,29.9,6,3,1,0,3
2,3,11,0,0,9.7,16.5,45.5,2,2,1,0,2
19,4,10,0,0,10,17.6,71.1,10,2,1,0,4
11,0,12,0,0,10.1,10,29.7,6,2,1,0,1
11,4,9,0,0,9.6,20.6,47.9,6,3,1,0,0
3,6,7,0,0,9.7,26,15.8,3,3,1,1,2
21,1,1,0,42.3,2.2,9.3,83.3,3,3,1,0,4
12,3,7,1,0,10.4,28,20.8,4,4,1,0,0
17,1,3,1,0,9.5,10.8,71.4,6,3,1,0,4
10,1,8,0,0,9.8,22.1,47.3,7,3,1,0,2
16,6,7,0,0,9.9,26.5,17.9,5,2,1,0,1
5,0,11,0,24.5,5.1,16.6,51.4,2,2,1,0,5
21,0,2,0,0,9.7,11.3,8.5,3,4,1,0,1
3,0,6,0,0,9.6,23.2,87.1,2,2,0,0,6
16,2,8,0,0,9.7,24.9,56.3,5,3,1,0,1
10,5,1,0,0,9.7,5.6,46.5,7,2,1,1,2
10,3,6,0,0,9.9,21.3,61.2,5,4,1,0,3
0,6,7,0,46.1,2,27.4,14.8,3,2,1,0,4
16,0,1,0,0,9.9,11.7,88.3,6,3,1,0,1
8,3,5,0,0,9.8,19.6,10.5,8,4,1,0,8
12,6,1,0,0,10.1,10,18.4,7,2,1,0,1
6,0,8,0,0,9.5,25.6,11.7,4,4,1,1,4
13,1,1,0,0,10.1,7.6,41.9,5,2,1,1,1
0,2,1,0,16.9,7.2,11.6,18.3,2,3,1,0,0
17,0,10,0,33,4.1,15.9,74.2,9,4,1,0,2
5,2,6,0,0,9.6,22.6,78.3,2,2,1,0,1
23,1,7,0,0,9.7,28.1,3.9,1,3,1,0,2
20,2,5,0,0,9.7,16.6,8.2,2,3,1,0,0
22,2,12,0,0,9.9,12.4,49.2,1,3,1,0,5
11,1,2,0,19.2,6.2,6,28.7,6,2,1,0,0
20,2,4,0,41.4,2.9,12.1,33.2,3,4,1,0,0
1,0,1,0,0,9.8,9.5,21.4,3,2,1,0,3
18,5,9,0,0,9.6,23.9,55.3,5,4,1,0,4
8,3,1,0,32.2,4,12.7,11.7,7,2,1,0,4
2,6,8,0,0,10.1,28.3,70.6,3,2,0,0,4
22,4,9,0,0,10.2,18.2,5.6,1,3,1,0,0
14,1,5,0,0,10.2,15.1,84.7,7,3,1,1,4
23,6,7,0,0,9.9,27.4,8.5,3,3,1,1,6
1,5,4,0,0,10.2,13.1,36.1,3,4,1,0,5
2,4,5,0,0,9.7,16,71.3,1,3,1,0,2
17,2,10,0,32.6,4.5,17.2,64.5,10,2,1,0,7
17,2,5,0,0,10.5,22,62.5,9,2,1,0,3
7,0,4,0,0,10.4,14,69.6,9,3,1,0,2
12,3,3,0,0,10.5,9.4,25.9,7,3,1,0,3
2,1,3,0,0,9.8,9,39.5,2,3,1,0,5
8,2,3,0,16.7,7.2,14.1,47.5,8,3,1,0,4
11,4,2,0,31.7,4.6,10,6.8,6,2,1,0,3
14,6,7,0,0,10,28.5,49.4,7,2,1,0,0
4,5,8,0,0,9.6,26.4,22.8,4,3,1,0,3
1,4,9,0,0,9.8,21.8,49.1,1,3,1,0,1
16,4,12,0,0,9.6,8.8,9.1,6,3,1,0,3
4,6,4,0,0,9.8,13.6,31.5,4,2,1,1,6
0,6,6,0,12.5,7.6,21.3,86.8,4,3,1,0,4
15,5,2,0,19,6.6,12.6,23,6,2,1,1,5
10,4,8,0,0,10.2,22.4,33.7,6,2,1,0,2
15,5,9,0,0,10.5,19.8,60.7,7,3,1,0,6
0,2,11,0,0,9.6,13.7,34.9,1,3,1,0,3
10,4,8,0,0,9.9,24.6,82.3,5,3,1,0,2
0,3,9,0,0,9.6,18.2,20.8,3,3,1,0,0
8,0,12,0,0,10.3,9.1,6.4,8,3,1,0,3
6,0,2,0,0,10.1,7.9,49.7,2,3,1,0,1
3,1,7,0,0,9.5,26.8,5.6,3,3,1,0,1
21,3,9,0,0,10.2,23.8,72,2,2,1,0,0
15,4,5,0,0,10.2,15.1,37.2,6,2,1,0,3
10,0,4,0,11.2,7.7,11.7,43.8,5,2,1,0,1
14,5,2,0,0,10.4,8.4,71.1,6,3,1,0,1
9,4,9,0,0,9.7,18,48,9,3,1,1,8
16,3,11,0,0,10.2,12.3,39.9,5,3,1,0,3
2,0,8,0,0,9.8,26.2,28.4,3,4,1,0,0
7,5,8,0,0,9.9,28,60.1,3,3,1,0,5
23,5,6,0,0,10.1,22.4,72.9,4,3,0,0,7
4,2,7,0,0,10.2,27.7,34.1,3,3,1,0,2
21,6,10,0,0,9.9,17.9,34.7,4,3,1,0,1
22,5,1,0,0,9.5,6.9,42.5,4,3,1,1,1
12,2,5,0,0,10.2,16.9,23.2,6,3,1,0,1
9,3,2,0,44.8,1.8,8.5,37.4,8,2,1,1,11
6,1,10,0,0,10.2,19.4,37.3,4,2,1,0,1
11,2,9,0,0,10.1,25.8,2.7,7,4,1,0,2
1,5,10,0,0,9.8,16.4,25.5,2,2,0,0,3
14,5,2,0,15.6,7.3,12.1,41.5,7,4,1,0,2
13,3,2,0,0,9.6,9.9,80.8,7,3,1,0,2
18,4,11,0,5.6,8.7,15.4,61.2,10,4,1,0,6
19,6,11,0,0,10.5,9.7,12.6,5,3,1,0,4
14,1,7,0,0,10.2,22.6,12.9,6,3,1,1,1
15,2,6,0,0,9.9,19.5,66.4,7,2,1,0,1
19,3,11,0,0,10.2,16,34.3,9,3,1,0,6
0,4,9,0,0,10.2,18.2,6,3,2,1,0,2
2,0,12,0,0,10.1,11.2,87.9,2,2,0,0,1
12,1,7,0,0,9.9,26.6,29.5,6,3,1,0,1
14,3,10,0,13.7,7.4,17.1,20.1,6,3,1,1,5
2,1,10,0,0,10.1,19.3,80.2,3,4,1,0,5
1,6,1,0,0,10.2,5.9,2.2,3,2,1,0,4
2,0,5,0,0,10.4,15.3,35.8,1,3,1,0,1
15,5,12,0,44.2,1.6,9.5,75.7,6,2,1,0,5
6,4,11,0,18,6.4,9.9,6.6,2,2,1,0,3
23,4,6,0,19.4,6.3,19.1,76.7,3,4,0,0,5
14,3,7,0,0,9.9,24.9,1.2,7,3,1,0,1
8,5,4,0,0,10.3,16.8,38.6,2,3,1,0,4
18,4,8,1,0,9.7,23,23.4,8,2,1,0,4
20,0,10,0,0,9.7,16.4,51.1,3,2,1,0,0
3,6,3,0,0,10.1,8.9,54.6,3,2,1,0,5
8,1,10,0,0,9.8,18,11.5,8,3,1,0,1
3,4,8,0,30,4.5,24.7,69.9,3,2,1,0,2
22,5,8,0,0,10.1,26.4,25.2,4,3,1,0,4
21,5,3,0,0,10,8.7,28.1,4,3,1,0,1
15,3,5,0,0,10,21,77.5,7,3,1,0,4
7,2,1,0,0,10.3,9.9,3.2,8,3,1,1,4
6,5,6,0,0,9.6,24.3,67,4,4,1,0,2
17,5,7,0,0,10.2,24.1,51.4,7,4,1,1,8
21,0,1,0,0,10.4,5.4,78.2,3,3,1,0,4
13,1,6,0,0,10,22.7,55.8,6,3,1,0,1
11,5,7,0,0,10.1,28.4,11.9,7,2,1,0,6
4,5,11,0,0,10.3,14.9,76,3,3,1,1,2
15,6,2,0,0,9.7,9.8,53.5,5,2,1,0,2
7,6,3,0,0,10.3,12.2,32.1,3,3,1,0,4
0,5,3,0,0,9.7,11.4,3.4,4,3,1,1,5
2,5,8,0,0,10,26.4,79.4,3,3,1,0,3
1,5,11,0,41,2.2,14.5,53.1,4,3,1,0,5
11,5,7,0,0,9.9,25.4,78,7,3,1,0,3
6,0,4,1,0,10.4,12.8,80.3,2,2,1,0,2
0,1,5,0,0,10.5,21.4,21.9,1,2,1,0,1
17,4,9,0,0,10.2,19.6,24.8,9,2,1,0,5
6,3,6,0,0,9.9,24.8,63.6,3,4,1,0,1
1,2,3,0,0,9.9,14.3,34.3,2,2,1,1,2
14,2,1,0,36.7,3.8,10.1,20.1,5,3,1,0,3
7,5,4,0,0,10.3,14.7,15,4,3,1,0,4
10,3,6,0,0,9.9,24.5,49.1,6,3,1,0,2
23,0,6,0,0,10.3,26,8.2,1,4,1,0,2
11,2,4,0,0,9.7,16.3,39.3,5,4,1,0,2
14,3,3,0,0,10.4,13.9,84.5,6,2,1,0,0
15,0,6,0,37.6,3.2,24.1,36.8,6,3,1,0,3
21,4,4,0,37.1,3,11.8,51.2,4,4,1,0,0
23,3,1,0,2,9.6,10,45.8,3,4,1,1,3
11,5,6,0,0,10.4,26.8,49.8,8,3,1,0,1
10,3,2,0,0,9.7,9.8,54.7,5,4,1,0,2
1,4,7,0,0,10,25.9,19.1,2,2,1,0,2
3,1,2,0,0,9.7,8.8,49.8,3,2,0,0,4
15,3,7,0,0,10.4,22.4,86.6,6,2,1,0,1
13,3,2,0,36.3,3.3,6.8,52.7,7,3,1,0,3
12,3,2,0,0,9.8,8.4,71.6,7,2,1,1,4
18,3,9,0,0,9.7,22.5,51.7,9,2,1,0,4
5,4,12,0,0,10.5,10.1,40.8,2,4,1,0,0
7,2,1,0,0,9.8,7,52,8,2,1,0,6
8,0,8,0,0,10,26.2,85.3,8,2,1,0,4
21,0,4,0,0,9.9,17.2,3.7,2,4,1,0,1
8,4,1,0,41.4,2.2,11,39.1,9,2,1,0,6
0,3,10,0,5.6,9.1,14.2,59.5,2,2,1,0,3
21,3,3,0,0,9.9,11.3,54.6,2,3,1,0,1
11,2,4,0,32.9,4.3,13.6,53.7,6,3,1,0,7
7,4,2,0,0,10.4,7.1,89.6,9,3,1,0,7
7,6,9,0,0,10,19.2,51.7,3,4,1,0,3
16,2,7,0,0,10.4,22.2,89.7,7,3,1,0,4
18,0,2,0,0,10,12.8,88.5,8,4,1,0,4
16,0,1,1,0,10.2,12,81.7,4,3,1,0,5
8,6,1,0,0,10.1,7.3,68.7,4,2,1,0,0
5,2,5,0,0,9.6,18.9,14.9,2,3,1,0,2
7,3,7,0,0,10.2,22.2,42.6,9,2,1,0,2
12,1,11,1,0,9.9,9.9,14.9,3,4,1,0,0
21,1,8,0,0,10.2,24.4,75.6,3,3,0,0,1
1,4,3,0,0,10,12.5,51.4,3,3,1,0,1
12,5,9,0,0,9.7,22.5,13.3,6,2,1,0,4
10,3,3,0,0,9.7,14.3,20.4,6,3,1,0,1
8,6,8,0,0,9.8,22.4,22.1,2,3,1,0,2
11,2,11,0,0,10.1,11.1,56.6,7,4,1,0,3
19,5,2,0,47.8,1.2,8.4,11.6,6,2,1,0,9
11,5,8,0,44.7,2.2,26.4,87.6,6,4,1,0,4
0,5,2,0,0,9.6,8.7,38.4,4,4,1,0,1
12,6,10,0,34.1,3.5,19.1,11.3,6,2,1,0,4
2,3,1,0,0,9.9,8.7,85.3,2,3,1,0,4
16,0,6,0,26,5.7,23,83.3,7,3,1,0,4
14,1,3,0,6.2,8.7,9.2,20.6,6,3,1,0,2
9,0,9,0,0,10,18.8,49.2,7,4,1,0,4
16,3,11,0,0,9.5,10.3,65.9,5,2,1,0,1
7,6,11,1,0,9.8,14.4,72.2,2,3,1,0,4
17,1,11,0,0,9.8,16.6,16.4,9,2,1,0,4
15,3,2,0,0,9.7,12.5,21.2,6,2,1,0,1
10,2,6,0,0,10.3,25.5,28.8,6,2,1,0,1
5,3,9,0,0,10.4,23.1,81.6,1,2,1,0,0
12,0,3,0,37.4,3.2,10.5,18.6,5,2,1,0,2
0,0,12,0,0,9.9,10.9,22.9,2,2,0,0,4
23,4,1,0,11.2,7.7,6.5,10.4,2,4,1,0,2
10,0,10,0,0,10,17.4,39.3,6,3,1,1,3
0,0,11,0,0,10.4,10,81.1,1,3,1,0,3
2,5,5,0,0,10.1,17.4,51,3,2,1,0,2
4,5,7,0,0,10.1,29.2,80.6,3,2,1,0,2
11,0,12,0,19.4,6.2,7.7,69.7,6,3,1,0,2
16,4,3,0,0,10.2,11.7,20.8,7,3,1,0,3
10,3,10,0,0,10.2,19.3,71.6,6,3,1,0,2
14,3,9,0,0,9.6,20.9,89.7,6,2,1,0,1
13,1,8,0,0,10.1,22.7,56.8,6,3,1,0,2
2,1,7,0,0,9.6,27.9,79.3,1,3,0,0,2
13,4,4,0,0,9.5,12.4,9.8,7,2,1,1,0
16,3,2,0,0,9.8,7.7,34.5,7,3,1,0,1
11,1,7,0,0,9.7,27.2,12.2,6,4,1,0,1
4,1,7,0,1.7,10.2,25.9,5.4,2,3,1,0,4
9,5,11,0,0,9.5,12.9,69.6,7,3,1,1,5
11,4,1,0,0,9.6,5.2,31.4,6,3,1,0,1
13,5,1,0,22.3,5.7,11.4,49.6,6,2,1,0,4
19,0,12,0,0,9.8,7.6,6.4,9,3,1,0,3
0,1,5,0,45.9,2.1,16.7,80.5,2,3,1,0,6
2,1,3,0,0,9.7,14.5,85.3,2,2,1,0,4
3,1,12,0,0,9.9,7.4,54,3,3,1,0,1
20,5,11,1,0,9.6,14.9,89.6,2,4,1,0,6
12,1,1,0,1.8,9.5,12.7,41,5,3,1,0,2
21,5,10,0,0,10.2,16.8,66,2,3,1,0,3
17,5,12,0,0,9.5,10.6,83,7,2,1,0,9
8,2,10,0,0,10.3,16.7,54.2,8,2,1,0,4
3,6,3,0,0,9.9,13,71.1,3,3,1,1,6
8,6,9,0,0,10.1,20.7,5.8,3,3,1,0,3
17,0,3,0,0,10.1,11.6,84.9,9,3,1,0,7
20,0,5,1,0,10.1,15.3,30.9,1,3,1,0,1
21,3,2,1,0,10,13.1,52.1,2,3,1,0,2
21,6,9,0,27.7,4.7,22.1,37.1,3,4,1,0,5
6,1,2,0,0,9.6,10.3,20.6,4,3,1,0,0
15,5,5,0,31.4,4.3,16.5,86.2,5,3,1,0,4
14,1,11,0,0,9.7,11.8,81,7,3,1,0,2
8,4,3,0,0,9.8,8.9,13.7,8,4,1,0,5
7,5,12,0,10.1,7.8,6.6,85.1,4,4,1,0,8
12,4,7,0,0,9.8,24.6,59.6,5,4,1,0,4
20,6,8,0,0,10.2,27.5,55.1,3,2,1,0,1
0,0,6,0,0,9.9,22.2,26.1,1,3,1,1,5
0,5,6,0,0,9.9,25.3,7.1,4,2,1,0,0
20,5,10,0,0,10,20.3,0.6,4,2,1,1,3
20,3,3,0,0,10.4,9.7,29.9,3,3,1,0,1
14,2,5,0,0,9.7,17.4,62.5,7,4,1,0,2
12,4,9,0,43.4,2.4,19.1,30,5,3,1,0,2
20,0,9,0,0,10.3,18.6,0.8,4,2,1,0,3
22,2,6,1,31.6,4.3,20,47.4,2,3,1,0,0
18,4,11,1,0,10.3,13.9,57.6,7,3,1,0,6
20,4,2,0,0,10.2,13.4,36.8,2,3,1,0,0
19,5,11,0,18.8,6.9,13.8,80.7,5,2,1,0,4
8,5,5,0,0,10.2,19,80.1,4,3,1,0,4
23,1,11,0,5.8,8.8,13.7,43.4,3,3,1,0,2
17,6,2,0,27.1,4.9,7.5,35.1,6,2,1,0,4
23,6,7,0,0,10.2,25.8,25.5,4,3,0,0,2
11,3,3,0,9.9,8.1,15.7,23.7,7,4,1,1,7
23,0,4,0,17.3,7.1,18.8,72.7,2,3,0,0,3
7,4,7,0,0,10.1,24.8,39.1,7,2,1,0,2
6,1,5,1,0,9.7,19.5,52.1,2,4,1,0,1
12,2,1,0,0,10.3,6.6,72.7,5,3,1,0,1
15,1,11,0,45.7,1.3,14.8,78,7,2,1,0,6
22,6,10,0,0,10.3,21.5,59,4,3,1,0,1
14,6,3,0,0,9.5,12,21.7,7,4,1,1,2
23,2,12,0,10.5,8,6.6,85.2,2,3,1,0,2
4,2,3,0,0,10.3,13.1,12.6,2,2,1,0,1
10,4,7,0,0,10.2,26.1,20.4,5,4,1,0,2
6,1,4,1,0,9.7,17.8,19.2,2,3,1,0,1
6,0,6,0,0,9.8,19.6,10.3,3,2,1,0,0
20,4,11,0,0,9.6,12.3,81.1,4,2,1,0,0
7,3,8,0,0,9.6,24.8,72.5,8,2,1,1,4
22,6,12,0,0,9.5,13.8,0.7,3,4,1,0,2
22,0,7,0,0,9.9,26,28.5,3,3,1,0,3
20,5,7,0,0,9.6,25.9,67.2,3,3,1,0,3
20,4,4,1,21.7,6.4,15.5,71,1,2,1,0,0
19,1,11,0,0,10.3,16.3,9.2,9,4,1,0,1
7,3,2,0,16.2,7.2,6.8,85.5,9,4,1,0,2
17,1,11,0,36.5,3.9,9.3,83,9,2,1,0,4
20,2,1,1,11.3,7.5,7.5,86.6,2,2,1,0,1
4,5,4,0,0,10.2,12.2,53.9,4,3,1,0,4
2,2,7,0,0,10.5,29.4,62.7,3,2,1,0,3
20,3,8,0,0,10.4,22.3,82.7,2,4,1,0,2
23,6,4,0,0,10,16,59.4,4,3,1,0,3
8,6,10,0,0,10,17.5,38.3,2,3,1,0,1
19,4,7,0,0,10,23.4,82.7,9,3,1,0,5
17,0,9,0,0,10,25.2,10.3,9,3,1,0,4
7,6,6,0,0,9.8,19,45.3,3,3,1,0,1
10,3,10,0,0,9.8,18.4,40.4,5,3,1,0,0
9,5,7,0,0,10,28.2,15.4,6,4,1,0,1
8,0,1,0,0,9.7,9.9,86.2,8,3,1,0,4
7,6,6,0,33.8,3.6,20.6,89.3,4,4,1,1,8
2,1,1,1,0,9.8,5.7,33.5,1,2,1,0,1
17,2,1,0,36.8,3.9,9.8,65.5,10,3,1,0,4
15,5,2,0,23.1,5.3,13.6,83.8,6,2,1,0,7
1,5,11,0,0,9.8,12.7,52.6,4,3,1,0,3
12,0,10,0,0,10.3,22,67.6,6,2,1,0,2
21,3,8,0,0,9.8,26.7,5.9,3,3,1,0,0
3,4,3,0,0,10.2,8.8,82.2,2,4,1,0,3
5,3,7,0,0,9.6,25.6,73.7,2,3,1,0,2
19,3,12,0,29.2,5.2,10.1,86.8,9,3,1,0,8
2,5,11,0,0,10.2,15.3,89.5,3,2,1,0,1
16,3,1,0,0,9.6,12.4,53.1,7,3,1,1,1
2,2,10,0,0,10.5,19.2,19.1,2,2,1,0,1
7,1,4,0,0,9.6,17.2,45.5,9,4,1,0,3
17,3,12,0,7.6,9.1,8.1,45.2,8,2,1,0,3
14,2,11,0,0,9.8,14.5,50.2,6,2,1,0,3
22,4,1,0,22.5,6,9.5,48.1,3,3,1,0,2
6,2,11,0,49.6,1.1,16.8,10.6,3,3,1,0,3
8,1,7,0,31.7,4.2,28.5,51.4,9,4,1,0,3
8,3,12,0,0,10,8.3,67.1,8,2,1,0,4
21,6,11,0,0,10,15.4,29.3,3,2,1,0,3
15,6,10,0,0,10.5,14.9,50.3,6,2,1,0,0
5,6,11,0,0,10.3,16.4,36.2,3,3,1,0,2
7,0,8,0,0,9.6,23.3,27.3,8,3,1,0,4
1,0,1,0,26.9,5.5,11.2,80.3,1,4,1,0,5
10,4,9,0,0,10.5,25,78.7,5,4,1,0,1
15,3,11,0,0,9.8,12.7,0.9,6,3,1,0,0
3,1,12,0,0,10.2,12.4,45.3,3,2,1,0,1
17,0,12,0,0,10.4,10.1,65.1,9,2,1,0,7
23,2,11,0,0,10.2,9.3,63,1,4,1,0,2
7,6,9,0,0.9,10.2,25.9,16.7,3,3,1,0,3
13,0,4,0,0,10.3,13.4,0.1,7,3,1,0,0
9,1,5,0,0,9.8,16.5,49.8,7,3,1,0,2
18,0,7,0,0,9.8,23.3,20.2,8,2,1,0,2
7,1,8,0,0,10.1,22.5,18.9,7,3,1,0,3
12,1,12,0,14.3,7.9,6.2,46.3,7,3,1,0,4
23,0,6,0,0,10,24.8,0.4,2,2,1,0,1
15,6,1,1,0,9.7,7.3,13.4,4,3,1,0,3
5,6,10,0,0,10.1,16.8,1.5,4,3,1,0,2
20,6,8,0,0,10.3,22.7,6.7,4,3,1,0,2
22,4,9,0,0,10,22.5,39.9,1,2,1,0,2
3,3,8,0,0,10.2,25,60.5,2,3,0,1,3
23,6,1,0,40.3,2.4,9.6,27,2,4,1,0,2
7,1,3,0,46.9,1.5,13.1,63,8,3,1,0,10
4,1,10,0,3.3,9.3,15.1,24.8,3,3,1,0,0
14,4,4,0,0,9.7,16,42.7,7,2,1,0,3
3,2,4,0,0,10.2,12.6,41.7,2,2,1,0,1
9,3,6,0,0,9.8,24.1,86.6,8,3,1,0,3
11,3,2,0,0,10.4,9.8,30.1,7,2,1,0,2
15,0,2,0,0,9.7,8.8,2.7,7,4,1,0,1
19,3,9,0,47.8,1.1,24.7,69.8,10,3,1,0,9
12,3,4,0,0,10.1,12.8,11,6,3,1,0,0
3,6,8,0,0,9.7,23.7,42.6,4,3,0,0,5
18,2,3,0,0,10.2,12.4,74.1,9,3,1,0,5
23,4,3,0,0,10,10.4,71.5,2,3,0,0,7
12,0,7,0,0,10.1,27.8,79.7,6,3,1,0,2
17,1,1,0,0,9.6,12.5,49.1,9,2,1,0,6
8,3,5,0,0,10,21.2,43.7,8,2,1,0,2
16,1,2,0,6.3,9,6.9,43.5,6,2,1,0,2
20,4,12,0,0,9.8,7.8,12.6,3,3,1,0,0
6,5,12,0,0,10.1,12,15.7,4,3,1,0,1
3,5,12,0,37.5,3.5,7.3,51,2,3,1,0,4
14,0,8,0,22.1,5.8,29.8,66.9,5,2,1,0,2
7,1,5,0,0,9.9,17.4,34.6,8,3,1,0,1
3,3,8,0,0,10.4,28.5,12.5,1,2,1,0,1
2,6,2,0,0,9.7,8.3,4.5,3,2,1,0,2
21,1,1,0,0,9.8,7.9,49.4,3,3,1,0,2
10,0,10,0,0,10.1,21,39.2,5,2,1,0,3
18,6,9,0,0,10.3,20.2,36.6,6,3,1,0,4
12,5,8,0,0,9.7,28.6,44.3,7,3,1,0,2
8,6,2,0,0,9.7,13.3,89.1,2,3,1,0,5
20,4,4,0,0,10.3,13.4,82.5,3,2,1,0,1
23,6,3,1,21.2,6.1,13.2,9.1,1,4,0,0,8
4,1,12,0,0,10.4,6.6,80.9,1,4,1,0,0
17,0,9,1,0,9.9,25.2,69.1,7,2,1,0,2
3,5,9,0,0,9.6,21.2,21.5,2,2,1,0,1
4,3,6,0,0,9.9,23.8,36.7,2,2,1,0,1
13,5,10,0,16.1,7,17.8,28.9,7,3,1,0,7
7,4,1,1,8.5,8.5,9.6,11,7,2,1,0,6
3,3,2,0,0,9.9,8,4.6,3,2,1,0,0
8,0,6,0,0,10.4,25.9,73.5,8,2,1,0,1
14,4,10,0,0,9.6,19.6,15.9,6,3,1,0,2
15,5,10,0,0,9.8,20.1,43.2,6,2,1,0,7
11,5,4,0,32.1,4.6,13,66.4,7,2,1,0,5
0,1,1,0,3.4,9,12.9,45.1,2,3,1,0,6
10,2,4,0,0,10.4,18.4,63.8,7,2,1,0,2
5,0,12,0,0,10.3,13.3,62.6,2,3,1,0,2
23,5,11,0,48.9,1,13.1,68.9,2,3,1,0,7
11,4,5,0,0,9.7,20.5,58,7,3,1,0,3
6,0,12,0,46.6,1.4,9.7,9.2,3,3,1,0,9
10,5,11,0,27.6,5.5,15.1,4.8,7,4,1,0,7
20,0,2,0,0,10.3,10.9,71.1,3,3,1,0,2
11,1,12,0,14.4,7.3,7.1,10.8,6,3,1,0,4
5,2,2,0,11.3,8.1,10.7,42.9,3,2,0,0,1
17,2,1,0,0,10.4,8.9,17.2,9,3,1,0,7
12,6,6,0,0,10.3,26.8,19.9,7,2,1,0,3
20,4,3,0,0,10.2,11.4,89.7,3,3,1,0,2
13,1,4,0,0,9.9,17.9,55,6,2,1,1,1
3,1,11,0,0,9.6,10.3,71.6,2,3,1,0,3
23,6,5,0,0,9.6,16.6,84.4,3,4,1,0,3
22,2,10,0,0,9.7,21.2,88.9,3,3,0,0,2
23,3,5,0,8.3,8.2,20,41.6,1,3,0,0,2
14,4,4,0,0,10.1,13.3,27.1,6,3,1,0,0
4,3,2,0,0,9.5,13.4,13.1,2,3,1,0,1
0,3,10,0,0,9.7,20.7,81.2,1,3,1,0,5
15,3,12,0,1.9,9.5,7.3,15.9,6,3,1,0,4
21,0,1,0,0,10,10.4,89.2,3,3,1,0,1
0,1,10,1,0,10,16.2,72.3,2,2,1,0,4
7,0,9,0,0,10,18.6,9.5,7,3,1,0,4
13,1,7,0,0,9.9,24.3,45,6,2,1,0,1
21,3,11,0,31,4.8,13.4,70.7,4,2,1,0,4
20,1,4,1,0,9.6,15.5,18.1,2,2,1,0,1
10,2,10,0,0,10.4,18,10.1,6,2,1,0,1
20,1,8,0,0,10.4,22.5,37,3,2,1,0,1
11,3,3,0,0,9.7,8.7,27.2,5,3,1,0,2
0,0,1,0,43.9,2,9.6,7.5,3,3,1,0,4
17,3,12,0,41.3,2.9,12.5,10.6,9,3,1,0,3
0,5,2,0,0,9.6,6.3,29.9,2,3,0,0,2
16,4,8,0,0,10.1,24.9,29.9,6,4,1,0,2
16,5,9,0,0,10.2,19.7,36.4,6,4,1,0,4
20,6,7,0,0,9.9,22.5,40.5,3,3,1,0,4
14,4,2,0,5.6,9,11.1,9.4,7,3,1,0,0
3,5,8,0,0,9.9,25.6,3.3,3,2,1,0,1
2,1,4,0,0,10.3,13.6,50.9,1,2,1,0,1
21,1,7,0,0,10.3,26.7,44.2,3,3,1,0,2
8,6,8,0,0,10.4,22.3,51.5,4,2,1,0,1
13,5,6,0,0,10,21.6,37.7,6,3,1,0,2
5,5,12,0,0,10.1,9.3,40,3,3,1,0,2
21,0,5,0,0,9.6,19.9,9,2,3,0,0,2
21,6,2,0,49.7,0.8,9.1,40.3,4,3,1,0,7
8,5,7,0,0,9.8,24.8,39.3,3,3,1,0,3
0,4,3,0,0,9.9,8.6,27,3,3,1,0,2
16,1,11,0,43.4,2.2,15.3,48.1,6,3,1,0,5
3,5,8,0,0,10,23.9,32.1,2,3,1,0,2
19,4,5,1,0,10.1,20.7,42.7,7,3,1,0,2
21,4,9,0,0,10,24.4,22.6,3,4,1,0,3
6,1,10,0,0,10.2,16.2,12.7,2,3,1,0,0
2,3,3,0,0,10,14.8,66,2,2,1,0,2
13,6,5,0,0,10.4,15.7,28.5,8,3,1,0,0
23,3,7,0,21.6,6.3,23.7,36.2,1,3,1,0,6
7,5,4,0,0,10,17.9,2.3,3,2,1,1,8
6,0,8,0,0,10.2,26.9,18,3,3,1,0,1
0,3,4,0,0,10,15.3,31.2,2,2,1,0,2
4,6,11,0,0,10.1,11.3,77.3,4,3,1,0,3
12,3,4,0,0,10,19,67.8,6,3,1,0,4
17,3,5,0,13.3,7.5,18.2,55.3,10,2,1,1,7
22,3,6,0,28.4,5.3,21.9,7.2,1,2,1,0,3
14,4,6,0,41.6,2.3,19.4,39.4,6,4,1,0,3
14,5,7,0,0,10.4,24.6,66.1,7,4,1,0,2
6,6,11,0,6.1,8.7,16,7.6,3,3,1,0,2
11,4,7,1,0,10.2,28.9,78.4,4,4,1,0,4
16,1,10,0,0,9.6,17.3,21.7,7,3,1,0,2
15,0,11,0,0,10.3,14.7,85.1,5,2,1,0,3
8,2,1,1,5.6,8.6,10.8,29.5,7,2,1,0,3
8,6,7,0,0,10,24,8.6,2,3,1,1,5
20,1,12,0,34.7,4.2,8.3,22.8,3,3,1,0,4
23,6,12,0,34.8,3.3,6.4,74.9,4,3,1,0,4
21,3,11,0,20.9,6.1,10.1,13.4,4,2,1,0,0
5,2,1,0,33.5,3.6,8.2,12.7,2,2,1,0,2
4,2,4,1,0,9.8,16.6,34.4,2,4,1,0,2
5,5,1,0,0,9.6,9.3,22.8,3,3,1,0,2
16,5,2,0,0,9.6,9.5,5.7,5,4,1,0,2
9,4,5,0,0,9.9,15.5,77.4,7,3,1,0,4
9,3,2,0,9.6,8,11.5,28.4,7,2,1,0,1
15,0,9,0,0,10.4,21.8,0.8,7,4,1,1,2
15,2,8,0,0,10.5,25.2,33.3,6,3,1,0,1
3,5,5,0,0,9.6,15.9,13.6,4,3,1,0,3
23,1,7,0,0,10,27.3,56,3,2,0,0,2
2,5,6,0,0,9.5,22,21.7,4,2,1,0,1
4,5,3,0,0,9.6,12.2,25.9,3,2,1,0,4
11,2,7,0,0,9.9,27.8,69.3,6,3,1,0,1
5,0,8,0,0,10.4,25.9,20,2,2,1,1,0
6,2,3,1,0,10.5,14.4,25.4,2,3,1,0,3
3,4,5,0,38.2,3.4,22.7,20.2,2,2,1,0,4
1,1,3,0,0,10.2,12.8,27.4,3,2,1,0,0
0,5,10,0,0,9.6,19.4,90,4,3,1,0,1
2,4,10,0,20.2,6.1,17.8,2.6,2,2,1,0,9
15,0,5,0,0,9.6,19.7,80,5,2,1,0,1
1,4,4,0,0,10.1,11.7,70.5,2,3,1,0,3
21,0,3,0,21.4,6.2,14.9,56,3,3,0,0,6
14,2,7,0,0,10.4,28.6,69.6,6,2,1,0,2
7,6,4,0,0,9.5,15.3,0.1,3,2,1,0,4
12,4,4,0,0,10.3,16.2,78.6,7,4,1,0,2
2,1,2,0,0,10.2,6.2,5.4,2,3,1,0,5
4,4,8,0,34.8,3.6,24.7,55,3,2,0,0,6
13,5,8,0,0,10.5,27.4,19.2,6,2,1,0,0
22,5,4,0,0,9.7,18.3,86.1,3,2,0,0,3
17,1,1,0,0,9.8,7.8,4.4,9,4,1,0,0
3,5,9,0,0,9.6,20.4,86.5,3,3,1,0,5
5,0,5,0,0,10.5,22.7,8,1,3,1,0,0
23,2,8,0,0,9.5,29.9,75.6,1,4,1,0,2
10,1,4,0,0,10.1,12.6,11.9,6,2,1,0,1
12,3,7,1,0,9.6,22.3,55.8,4,3,1,0,2
19,4,2,0,0,10.2,9.2,78.7,10,3,1,0,5
19,2,1,0,0,10.2,10.3,79,9,3,1,0,3
6,6,4,0,17.2,7.3,15.4,42.7,3,2,1,0,1
20,4,9,0,2.8,9.8,23,55.7,4,3,1,0,1
17,0,11,0,12.5,7.8,12.5,12.7,10,4,1,0,6
2,5,4,0,0,9.7,12.9,54.7,2,2,1,0,6
18,2,5,0,0,10,17.7,45.5,9,4,1,0,3
17,5,6,0,45.4,2.3,26.4,65.9,6,3,1,1,6
19,1,10,0,0,10.2,21.5,87.2,9,2,1,0,2
5,0,4,0,0,10.5,11.2,57.8,3,3,1,0,1
18,0,3,0,27.9,4.6,15.7,78.6,8,2,1,0,5
5,6,7,0,11.9,8,28.8,32.6,3,2,0,0,3
20,0,4,0,0,10.5,15.9,74.6,4,3,1,0,0
4,0,3,0,0,10.4,15.7,19.4,3,3,1,0,1
19,1,5,0,7.6,8.5,18.7,30.5,9,2,1,0,8
6,0,1,0,0,9.9,7.5,52.4,2,3,1,0,2
15,3,6,0,0,9.9,26.6,84.8,6,2,1,0,1
13,4,1,0,0,9.8,8.3,57.8,6,4,1,0,3
7,2,12,0,0,9.8,6.4,17.2,8,2,1,0,7
9,3,10,0,0,9.6,17.2,43.7,8,4,1,0,7
1,5,3,0,0,10.3,14.3,76.2,3,4,0,0,6
16,4,12,0,16.4,6.9,6.3,43.1,6,3,1,0,5
22,3,8,0,0,10.2,29.6,65,1,3,1,0,3
15,1,3,0,0,10,9.8,19.3,5,3,1,0,3
3,4,9,0,0,9.8,21.8,25.4,2,3,1,0,1
13,4,3,0,32.5,3.9,15.5,5.4,7,3,1,0,6
16,4,4,0,40.3,3,12.3,40.4,6,2,1,0,4
5,4,6,1,0,9.8,19.2,73.1,3,3,1,0,4
10,4,4,1,0,10.4,18.4,37.8,4,4,1,0,1
15,5,7,0,0,9.7,29.7,31.6,6,3,1,1,2
8,5,11,0,0,9.6,13.6,1.9,3,2,1,0,0
1,0,5,0,0,10.4,15.9,83.6,2,3,1,1,3
12,2,9,0,0,10.1,22.7,19,6,2,1,0,2
6,4,1,0,0,9.9,12.4,14,2,2,1,0,0
20,6,9,0,0,9.8,22.2,22.4,4,2,1,0,2
17,4,12,0,0,9.5,7.1,35.8,8,4,1,0,7
4,2,6,0,0,10.3,21.8,53.9,1,4,1,0,3
21,4,8,0,0,10,26.4,23.2,3,3,1,0,1
6,3,7,1,0,10.2,23.5,65.4,1,3,1,0,2
23,0,7,0,0,10.3,24.3,24.3,2,3,1,0,6
19,6,6,0,0,9.9,22.7,33.8,6,3,1,0,3
1,4,11,0,0,9.7,9.1,15,2,4,1,0,3
6,2,2,1,10.6,8.2,12.5,76.6,1,4,1,0,3
11,1,11,0,0,10.2,10.9,31.2,6,3,1,0,1
4,3,11,0,48.2,1.2,9.6,83.5,3,3,1,0,9
21,5,9,0,44,2.5,21,79.7,3,2,1,0,9
9,2,7,0,0,9.7,26.2,57,9,2,1,0,5
20,0,2,0,48.6,1.4,6.2,83.7,3,4,1,0,8
7,6,1,0,24.3,6.1,11.9,27.4,3,3,1,0,3
16,1,12,0,14.4,7.1,12.3,5,5,4,1,0,0
5,6,6,0,20.6,6.6,23.5,83.7,3,2,1,0,2
7,3,8,0,0,10,26.5,8.9,8,2,1,0,2
20,5,9,0,0,10.2,19.5,13.7,3,4,1,0,3
9,2,11,0,27,5,9.6,63.9,7,3,1,0,7
8,2,5,0,0,9.8,19.5,66.8,8,2,1,0,2
8,2,12,0,0,9.9,10.6,40.9,8,2,1,1,5
3,3,10,0,0,10.1,14.7,47.3,2,3,1,0,1
9,3,6,0,0,10.3,19.7,44.2,8,2,1,0,5
4,3,8,0,0,9.5,24.8,55,2,2,1,0,0
11,5,6,0,0,9.8,26.4,15.3,8,4,1,1,2
20,3,8,0,0,9.8,27.9,42.2,4,3,1,0,0
16,4,7,0,10.1,7.8,25,80.5,5,4,1,0,3
4,6,3,0,0,9.5,13.7,11.3,4,2,1,0,1
15,1,10,0,0,10,18.7,30.6,7,3,1,0,2
16,1,11,0,0,10,13.8,23.3,6,4,1,0,1
4,2,9,0,0,10.3,18.2,8.9,2,3,0,0,3
21,6,5,0,0,9.7,21.9,11.3,3,4,1,0,3
0,1,12,0,0,9.9,8.8,62.3,3,2,1,0,2
20,5,4,0,9.1,8.7,15.7,4.9,3,2,1,0,3
9,2,12,0,0,10.3,7.4,73.9,9,2,1,0,5
20,1,10,0,0,9.6,20.3,63.8,3,2,1,0,0
2,1,3,0,0.8,10.1,11.1,37.5,2,2,1,0,1
17,0,11,0,0,9.5,13.4,69.4,8,4,1,0,1
22,5,12,0,0,9.6,13.1,38.3,3,2,0,0,2
5,6,8,0,0,9.5,27,1.1,3,3,0,0,2
23,4,10,0,0,10.1,15.5,26,1,3,1,0,2
10,2,5,0,0,9.9,16.4,74.9,7,2,1,0,1
22,5,4,0,40.5,2.7,16.3,32.4,2,2,1,0,3
23,3,7,0,0,10,27.6,6.5,1,2,1,0,2
1,5,4,0,0,10.4,14.7,26.9,2,2,1,0,1
2,0,11,0,49,1.7,15.2,71.3,2,2,1,0,8
8,1,10,0,0,10.3,18.4,72.9,9,3,1,0,8
22,4,9,0,0,10.4,23.1,78.3,3,3,0,0,3
9,3,2,0,6.7,9.1,9.6,13,9,3,1,0,5
17,0,1,0,0,9.6,9.4,9.4,9,2,1,0,7
22,6,8,0,0,10.3,23.1,29.6,2,3,1,0,4
0,2,11,0,0,9.6,14.8,42.7,3,2,1,0,2
6,6,5,0,4.8,9.4,21.7,47.4,4,3,1,0,2
13,1,4,0,1,9.8,11.3,10.9,7,3,1,0,2
3,5,2,1,0,9.5,6,32.8,2,3,1,0,4
15,1,12,0,0,10.3,10.1,12.4,6,3,1,0,2
0,3,1,0,31.3,3.9,7.6,42,1,2,1,0,4
7,5,8,0,0,10.3,24.7,22.8,3,4,1,0,1
11,4,12,0,28.1,4.8,12,81.8,6,3,1,0,5
7,2,11,0,43.9,2.1,12.3,53.5,8,3,1,0,8
12,5,3,0,20,6.8,15.9,41.4,7,2,1,0,1
15,0,9,0,4.2,9,19.6,27.3,6,3,1,0,0
3,4,11,0,8,8.8,12.2,69,1,2,1,0,7
19,2,8,0,0,10.3,28.4,1.9,10,2,1,0,1
16,2,8,0,0,10.4,27.7,54,5,3,1,0,2
15,2,3,0,43.9,1.6,12.6,17.5,6,4,1,0,6
7,1,2,1,41.2,2.9,9.2,8,6,4,1,0,6
19,2,7,0,0,10.3,28.5,73.9,9,3,1,0,3
3,1,10,1,0,10.4,18.3,48.7,1,2,1,0,1
12,6,6,0,0,10.3,26.2,26.1,7,4,1,0,1
14,4,4,0,46.8,1.3,16.4,21.7,7,4,1,0,3
13,5,11,0,0,10.2,9.6,12.3,8,3,1,0,4
11,3,5,0,0,10.4,15.2,45.3,5,3,1,1,3
18,6,11,0,0,9.5,16.2,85.8,6,2,1,0,4
21,5,12,0,0,10.2,9.5,61.5,4,2,1,0,5
20,2,12,1,38.3,3.4,12.1,63.6,2,3,1,0,4
19,6,2,0,0,10.1,8.4,82.8,7,4,1,0,3
12,3,3,0,0,10.2,8.9,14.9,5,3,1,0,2
10,3,10,0,0,9.6,17.5,35.9,6,3,1,0,0
5,6,6,1,0,10.4,25,64.3,2,3,1,0,0
5,6,3,0,0,10.2,9,51.7,2,3,1,0,3
1,1,3,0,1.9,9.3,15.9,59.9,1,3,0,0,4
0,1,1,0,0,9.8,7.7,22.8,2,3,1,1,4
4,0,8,0,0,10.3,24.7,12.1,1,4,1,0,4
7,4,8,0,0,9.5,22.9,26.1,7,2,1,0,5
9,1,10,0,20.3,6.1,16.7,54,8,2,1,0,4
10,6,9,0,17.3,6.8,21,58,7,2,1,0,2
10,0,3,0,0,10.4,13.4,59.9,6,3,1,0,4
10,1,9,0,0,10,20.1,14.3,6,4,1,0,0
2,2,4,0,0,9.7,11.2,47.2,2,4,1,0,3
8,4,1,0,0,10.4,6.3,86.3,8,3,1,0,4
20,0,10,0,0,10,21.2,36.6,4,3,1,0,2
12,5,6,0,0,10.3,21.4,12.7,7,3,1,0,1
23,2,1,0,0,10.2,12.1,14.3,2,2,0,0,0
22,2,9,0,0,10.3,20.8,89.2,1,3,1,0,1
19,5,6,0,0,10.3,24.9,50.6,6,2,1,0,2
5,4,4,0,0,9.7,11.5,82.2,1,3,0,0,3
15,3,9,1,0,9.7,25,4.5,4,2,1,0,2
14,4,12,0,34.9,4.1,11.9,14,6,4,1,0,8
21,1,8,0,0,9.7,26.4,76.3,4,4,1,0,1
0,3,12,0,0,9.6,8.6,46.6,1,3,1,0,2
1,5,3,0,31.8,3.9,14.6,2.5,4,3,1,0,12
17,4,12,0,0,9.9,13.2,84.1,9,3,1,0,3
3,6,5,0,0,10,15.3,59,3,3,1,0,0
7,5,12,0,39.1,3.3,9.7,44.5,3,3,1,1,6
8,2,7,0,0,10.4,29.6,43,9,3,1,0,3
16,3,7,0,0,9.7,28.2,25.2,6,3,1,0,0
10,6,4,0,0,9.8,15.5,84,6,2,1,0,0
19,5,6,0,0,10.1,21.1,60.9,6,4,1,0,3
8,4,3,0,17.2,6.5,9.5,57.4,8,4,1,1,2
14,2,1,0,0,9.8,6.2,15.2,6,3,1,0,2
21,5,3,0,0,10.3,15.7,17.4,2,3,0,0,3
15,5,12,0,0,9.5,9.8,63.5,5,2,1,0,1
0,0,4,0,0,10.4,17,36.4,2,3,1,0,0
20,0,11,0,0,9.9,10,1.2,4,3,1,0,1
14,6,4,0,0,9.8,13.6,43.1,6,2,1,0,1
4,5,4,0,0,9.5,14.8,12.2,3,2,1,0,5
18,4,9,0,0,9.7,24.9,81.4,9,2,1,0,6
0,3,10,0,0,9.7,17.9,11.6,1,3,1,0,1
15,0,5,0,15.5,7.7,18.1,76.2,7,2,1,1,3
10,3,10,0,0,9.9,19.7,85.5,7,3,1,0,2
21,3,7,0,0,9.6,24.5,16.9,3,4,1,0,1
17,4,9,0,0,10.3,25.3,43.7,9,4,1,0,4
9,3,12,0,0,10.2,11.2,1.3,7,3,1,0,3
13,2,9,0,0,10,22.9,75.3,5,3,1,0,1
5,2,4,0,0,10.4,14.3,67.5,3,2,1,0,2
13,0,8,0,0,10.4,22.7,6.8,7,3,1,0,1
17,6,6,0,0,10.1,25.5,87.6,7,3,1,0,2
23,4,6,0,13.3,7.9,19.2,59.7,2,3,1,0,3
8,2,4,0,0,10.3,12.7,75.1,8,2,1,0,3
22,3,12,0,0,9.6,12,56.9,3,3,1,0,2
9,0,6,0,0,10.3,19.9,54.1,7,3,1,0,2
23,1,9,0,0,10.4,25.9,87.1,2,2,1,0,3
20,2,11,0,9.3,8.8,9.5,80.9,4,2,1,1,1
4,2,4,1,42.9,2.5,16.5,41.7,2,3,1,1,5
5,2,11,0,0,9.7,9.2,23.2,2,3,1,0,1
9,1,12,0,5.5,8.5,9.5,60.2,7,3,1,0,2
20,6,6,0,0,10.4,22.4,53.5,3,3,1,0,1
7,3,12,0,29.3,4.4,12.2,25,8,3,1,0,9
11,3,12,0,0,9.6,6.6,38.1,6,4,1,0,1
1,0,8,0,0,10.4,23.4,77.8,2,3,1,0,5
18,1,5,0,0,9.9,16.8,2.9,9,3,1,0,6
7,5,6,0,0,9.8,24.9,12.8,2,4,1,0,4
14,2,4,0,39.3,3.4,13.2,52.7,5,3,1,0,2
6,1,4,0,0,9.9,11.7,78.5,2,2,1,0,1
1,3,9,0,0,10.2,22.3,7.3,3,2,1,0,1
4,4,10,0,43.2,2.1,19.8,72.6,3,3,1,0,5
3,1,7,0,0,9.7,22.7,39.9,2,2,1,0,5
2,5,12,0,0,9.8,12.7,3.6,4,3,1,0,4
11,4,4,0,0,10.5,18.3,37,6,2,1,0,3
16,2,9,0,34.3,3.7,22.5,86.2,6,3,1,0,9
1,0,7,0,0,10,26.9,43.6,1,3,1,0,0
12,3,3,0,0,9.7,15.3,48.5,6,2,1,1,2
2,0,11,0,42.1,2.9,13.7,0.9,2,2,1,0,2
17,2,1,0,0,10.4,7,80,9,2,1,0,2
17,6,3,0,0,10.1,8.8,77.7,5,3,1,0,6
2,0,12,0,0,10,9.1,57.6,3,3,1,0,6
23,0,5,1,35.4,3.3,16.3,44.1,2,3,1,0,5
8,3,1,0,28.7,5,5.9,27.2,8,3,1,0,6
17,2,12,0,24.7,5.3,9.9,59.2,9,3,1,0,5
10,6,4,0,0,9.6,16.6,71.4,8,2,1,0,1
11,5,5,0,42.7,1.9,16.1,26.2,7,3,1,0,10
10,4,4,0,43.8,2.1,18.4,70.4,6,2,1,0,5
16,0,4,0,0,9.9,14.4,51.9,6,3,1,1,2
6,1,2,0,0,10.2,7.2,73,2,3,1,0,2
15,1,2,0,0,9.6,8.3,26.8,5,3,1,0,1
20,5,7,0,0,10.3,25.1,18.8,3,3,1,0,4
6,1,3,0,30.5,4.6,8.3,81.6,4,2,1,0,6
20,0,5,0,0,10,22.7,69.4,3,2,1,1,3
7,6,11,0,4.3,9.5,14.8,53.1,4,3,1,0,2
16,5,3,1,0,9.8,12.3,86.9,4,3,1,0,5
6,1,3,0,0,9.7,8.1,60.8,2,2,1,0,1
5,3,2,0,37.7,3.6,7,30.1,2,3,1,0,3
5,3,9,1,0,9.5,25.8,41,2,3,1,1,2
22,4,6,0,0,10.1,19.2,5.8,3,2,1,0,1
17,4,2,0,20.1,6.2,7,47.1,9,3,1,0,9
1,0,9,1,0,9.7,21.4,62,2,2,1,0,4
10,3,2,0,0,10.1,9.7,89.9,6,4,1,0,1
0,2,2,0,0,10.5,7.2,23.8,3,3,1,1,6
7,3,1,1,6.4,8.5,9.3,5.6,7,3,1,0,9
7,5,7,0,0,9.7,24.8,59.1,2,3,1,0,3
6,1,6,0,0,10,23.4,25.9,4,3,1,0,0
12,2,3,0,0,10.3,12.1,80.4,6,3,1,0,3
11,6,10,0,0,9.9,21.4,22.2,6,4,1,0,2
4,4,6,0,0,10.1,23.4,18.1,3,2,1,0,2
17,4,11,1,0,9.7,11.9,49.9,7,3,1,0,6
12,3,7,1,0,10.1,24,22.3,3,3,1,0,4
22,4,5,0,0,9.9,21.1,10,2,2,1,0,1
7,2,6,0,0,9.9,20.8,78.1,8,3,1,0,6
11,6,7,0,0,10,26.6,35,6,3,1,0,0
2,0,9,0,0,10.1,22,0.9,2,3,1,0,1
19,3,2,0,0,10.4,7.9,54.5,9,3,1,0,6
8,4,9,0,0,10,18.5,87,8,2,1,0,6
18,4,3,0,0,10.1,15.6,83.5,10,2,1,0,9
23,4,2,0,49.5,1.4,6.6,71.9,3,3,1,0,5
5,2,7,0,0,9.7,27.4,67.9,2,2,0,0,3
5,2,11,0,0,9.9,10.3,3.7,2,2,0,0,2
15,0,4,0,0,10.3,15.8,41.6,5,2,1,0,1
12,2,10,0,0,9.6,21.8,4.8,6,4,1,0,1
12,5,1,0,4.2,9.3,10.4,12.1,8,3,1,0,1
23,6,4,0,0,9.9,18.4,43.4,3,2,1,0,1
2,0,1,0,4.7,9.3,8.9,41.1,3,2,1,0,0
7,5,9,0,0,10.4,23.4,60,3,3,1,0,1
4,4,5,0,0,10.2,15.3,29.3,1,4,1,1,3
2,0,11,0,0,9.6,11.2,87.1,3,2,1,0,2
6,4,7,0,38.7,3.5,24.9,12.3,4,3,1,0,3
2,3,12,0,0,10.4,7.7,70.2,2,4,1,0,6
3,2,12,0,0,9.5,8.2,9.8,1,2,1,0,0
19,1,3,0,0,9.9,12.4,43.3,8,2,1,0,5
21,4,12,0,0,10.1,12.7,76.6,3,3,1,0,2
23,1,11,0,0,9.7,11,84,3,3,1,0,5
15,5,4,0,4.1,9,13,62.3,5,2,1,0,3
6,1,5,1,0,10.4,18.9,71.7,2,3,1,0,4
4,4,2,0,0,10,9.3,1.4,2,2,1,0,1
6,4,10,0,0,10.3,19.8,30.4,3,2,1,0,3
3,5,5,0,32.4,4.6,15.7,89.5,3,2,1,0,6
5,4,12,0,0,9.5,7.6,51.6,2,3,1,1,4
6,0,6,0,0,10,19,20.4,4,2,1,0,1
15,5,11,0,48.8,1.4,10.8,8.4,5,2,1,0,7
9,5,6,0,0,9.8,23.7,24.7,8,3,1,0,2
22,4,10,0,28.5,5,14.6,77,2,3,1,1,9
6,1,4,0,0,10.1,16.5,69.2,4,4,1,0,3
22,6,6,0,10.6,7.7,22.9,89.2,4,2,1,0,4
22,4,4,1,0,10.4,17.1,62.8,1,2,1,0,1
18,6,12,0,41,3,10,57.7,7,2,1,0,8
1,5,6,0,0,10.1,20.8,66.1,3,3,1,0,4
16,0,10,0,0,10.2,17.9,8.8,6,4,1,0,1
12,0,10,0,10.8,8.2,15.7,87.2,6,3,1,0,2
2,5,10,0,0,10.4,21.2,35.5,3,2,1,0,2
22,5,9,0,0,10,23,30.3,3,3,1,0,4
11,1,5,1,39.2,3.3,21.1,45.2,3,2,1,0,5
2,1,3,0,0,10,15.2,18.8,2,2,1,0,3
11,2,10,0,0,10,18.7,10.1,6,2,1,0,2
7,0,1,0,0,10.2,6.9,34.6,8,2,1,0,4
15,6,4,0,0,10,12.3,28.9,5,3,1,0,1
14,6,8,0,0,10,24.6,73.4,8,3,1,0,2
7,1,7,0,0,9.6,29.8,24.7,9,2,1,0,4
6,3,8,1,0,10.5,27.7,9.7,3,2,1,0,2
6,2,10,0,0,10.2,18.2,15.3,3,2,1,0,3
10,5,4,0,0,10.3,14.1,10.2,6,3,1,0,1
15,5,2,0,0,9.6,14,62.8,5,4,1,0,4
13,0,4,1,0,10,19,46.2,4,4,1,0,1
19,1,5,0,0,10.1,20.7,9.2,9,4,1,0,2
21,4,10,0,20.1,6,19.8,34.6,2,2,1,1,5
13,5,8,0,0,9.8,23.4,90,7,3,1,0,4
2,3,12,0,0,10.2,7.5,61.6,2,2,0,0,4
19,5,11,0,20.2,6.1,12.7,62.4,7,2,1,1,9
5,2,10,0,42.9,2.1,21.9,27.6,2,2,1,0,0
21,3,6,0,0,10.1,24.5,52.1,4,4,1,0,0
2,4,9,0,11.7,7.6,23.3,78.1,3,2,1,0,2
15,4,1,0,0,9.7,12.6,30.6,7,4,1,0,0
19,0,1,1,0,10.3,7.3,76.6,7,4,1,0,1
21,4,7,0,0,10.3,25.1,81.5,4,2,1,0,2
3,1,8,1,0,10.3,23.1,61.2,2,3,0,0,3
5,3,12,0,0,10.3,6.9,78.4,2,3,1,0,4
15,1,9,0,0,10.4,20.8,45.7,7,3,1,0,1
5,6,9,0,36.8,3.5,23,6.3,3,2,1,0,3
20,1,10,0,0,9.8,17.4,15.1,3,3,1,0,0
8,2,9,0,0,9.6,24.8,90,8,4,1,0,3
21,6,3,0,12.8,7.2,12.2,66.2,3,3,1,0,6
6,2,12,0,44.4,1.9,8.3,76.3,3,3,1,1,10
0,3,12,0,13.6,7.3,12.8,38.7,2,3,1,0,4
8,4,10,0,32,4.5,14.2,50.5,9,3,1,0,11
5,0,4,0,0,9.8,12.2,6.2,3,3,1,0,2
15,5,8,0,0,10.4,28.5,59.4,7,2,1,0,1
11,5,8,0,0,10.1,28.4,60.1,8,4,1,0,2
17,2,11,0,0,9.9,10.9,82.3,9,2,1,0,4
19,4,3,0,9.5,8.4,11.5,62,9,3,1,0,5
21,1,5,0,0,9.8,19.7,79.7,2,2,0,0,2
0,0,5,0,0,9.6,17.3,58.7,1,4,1,0,1
21,3,4,0,0,9.6,12,12.8,3,3,1,0,0
21,0,1,0,0,9.6,5.7,72,2,4,0,0,0
12,3,7,0,0,9.8,23.2,55.6,7,3,1,0,2
9,0,1,0,0,10.2,9.9,40.1,7,2,1,0,1
23,6,4,0,26.7,4.7,18,84.9,2,2,1,0,7
18,0,7,0,0,10,22,59.7,10,3,1,0,5
13,2,10,0,0,10.1,14.5,20.2,6,4,1,0,2
23,5,4,0,19.3,6.1,14,78.2,2,3,0,0,3
17,3,11,0,0,10.5,13.4,33.1,8,3,1,0,1
2,2,11,0,0,9.7,13.4,39.1,2,2,1,0,1
16,1,11,0,0,10.1,11.9,37.6,7,2,1,0,2
10,5,11,0,0,9.7,12.3,33.1,8,3,1,0,3
23,1,5,0,0,9.7,16.8,9.5,2,4,1,0,6
6,3,5,0,0,10.3,16,76.1,3,3,1,0,0
20,5,1,0,0,10.1,11.3,21.4,4,2,1,0,1
22,1,3,1,5.1,9.5,8.5,2.1,3,3,1,0,3
17,2,8,0,0,10.3,24.7,47.3,10,3,1,0,4
22,5,1,0,31.6,4.4,6.4,82.9,4,4,1,0,7
3,3,12,0,0,9.7,7.3,18.8,2,2,1,0,4
18,5,11,0,0,10.1,16.6,82.3,5,3,1,0,2
21,4,6,0,0,9.6,19.6,55.7,3,2,0,0,0
5,5,2,0,0,9.8,10.3,86.4,3,3,1,0,4
11,0,2,0,0,10.2,11.3,31.2,6,2,1,0,4
0,4,2,0,0,9.5,13,12.2,2,3,1,0,4
11,5,4,0,0,10.4,13.7,70.1,7,2,1,0,4
2,5,10,0,41.5,2.9,18.3,78.5,2,2,1,0,4
15,3,11,0,0,10.1,9.5,21.9,5,2,1,0,1
8,3,6,0,0,9.7,22.3,17.4,9,2,1,0,7
19,4,6,0,0,9.8,22.9,27.7,9,3,1,0,5
9,2,5,1,0,10.1,22.2,43.5,7,4,1,0,6
4,0,5,0,1,10.1,18,26.2,2,3,1,0,0
13,2,6,0,0,10.1,26.2,10.1,6,3,1,0,0
23,0,4,0,26.9,4.8,18.2,63,2,4,1,0,6
1,1,8,0,0,10.4,26.1,55.1,1,2,1,0,4
9,0,11,0,0,10.5,14.4,49.9,8,2,1,0,3
8,4,12,0,0,10.5,6.1,56.1,8,3,1,0,5
7,6,2,0,0,9.8,12.7,51,2,2,1,0,5
13,4,5,0,0.5,10.1,20.9,84.5,7,3,1,0,4
22,1,3,0,0,10.3,8.4,6.2,2,3,1,0,2
1,4,1,0,0,9.6,9.1,21.7,1,3,1,0,1
5,4,10,0,0,10.3,21.5,4.9,2,3,1,0,2
23,4,7,0,0,10.4,22.6,11.5,1,2,1,0,2
1,3,11,0,0,10.2,14.5,21.1,3,2,1,0,1
20,4,9,0,0,9.6,25.3,89.6,2,3,1,0,4
9,3,5,0,0,9.7,20.6,78.6,9,3,1,0,4
22,2,2,0,0,9.6,11.3,81.3,2,3,1,0,0
13,4,3,0,0,9.6,14.9,30,7,4,1,0,3
22,5,5,0,0,9.8,19.3,63.2,3,4,1,0,0
1,3,10,1,0,10.3,15.8,73.6,3,2,1,0,2
22,1,10,1,0,10.2,21.6,85.9,2,3,0,0,3
23,0,11,0,7.8,8.3,13.9,12.7,2,3,0,0,2
17,5,11,0,0,9.6,11.7,12.7,6,3,1,0,1
17,3,7,0,0,10.1,25.4,53.7,10,3,1,0,2
16,6,12,0,0,10.1,12.3,72.9,7,2,1,0,1
9,2,10,0,11.7,7.7,16.5,66,8,3,1,0,5
14,6,4,0,35.6,3.9,14.5,81.5,7,3,1,0,6
6,3,10,0,38.5,3.3,18.6,28,3,3,1,0,2
20,4,9,0,0,9.7,20.2,87,3,2,1,0,2
0,4,4,0,0,9.8,17.9,28.6,2,4,1,0,4
23,5,9,0,0,9.6,21.1,58.2,2,2,1,0,2
23,5,1,0,7.2,8.3,5.2,78.4,3,4,1,0,5
11,0,3,0,47.1,1.7,13.1,82.4,6,3,1,0,5
21,4,3,0,0,9.8,15.9,88.9,4,4,0,0,3
3,4,5,0,0,10.4,21.9,13.1,1,3,1,0,1
2,1,11,0,0,9.5,12.2,61.1,2,3,1,0,2
12,4,11,0,8.9,8.4,9.6,22.9,7,3,1,0,2
6,5,7,0,0,9.8,23,40.5,3,3,1,1,2
21,4,8,0,39.7,2.9,27.6,53.2,3,2,0,0,6
4,1,4,0,0,9.9,13.1,46.8,2,2,1,0,3
22,1,7,0,0,10.4,27.5,26,2,2,1,0,1
10,0,8,0,0,10.4,28.1,29.6,6,4,1,0,1
13,0,9,0,0,10.2,18.8,43.6,5,3,1,0,0
19,0,3,0,0,9.8,14.1,42.7,10,2,1,0,0
20,3,2,0,0,10,13.8,55.3,3,4,1,0,0
13,4,8,0,36.4,3.7,26.7,41.8,6,4,1,0,2
15,2,12,0,0,10.4,9.9,30.5,5,2,1,0,0
5,2,4,0,0,9.6,18.6,34.6,1,4,0,0,3
16,1,3,0,0,10.5,9.6,38.3,6,2,1,0,0
2,1,8,0,0,9.8,29,34.4,1,3,1,0,0
9,1,12,1,0,9.9,12.2,45.8,5,3,1,0,1
6,5,2,0,0,10.3,10,52.5,2,3,1,0,4
22,2,7,0,0,10.2,26.7,12,2,2,1,1,0
19,5,12,0,8.6,8.7,10.4,71.2,7,2,1,0,5
21,3,2,0,0,10,14,59.2,3,3,1,0,1
22,0,6,0,0,9.5,21,27.7,1,2,1,0,2
23,4,7,1,0,10.4,26.6,14.1,2,3,1,0,4
4,2,10,1,0,10.4,14.4,57,1,3,1,0,1
1,2,4,0,0,10.2,13.4,45.9,1,3,1,0,1
12,5,9,0,0,10.4,21.3,40.4,7,2,1,0,1
4,6,5,0,0,9.9,21.3,74.8,3,3,1,0,3
16,6,8,0,0,10.2,23.8,77.3,6,4,1,0,6
14,1,11,0,0,9.6,9.5,67.9,5,2,1,0,1
6,2,12,1,0,10.1,11.8,66,2,4,1,0,2
11,2,6,0,32.7,4.6,26.7,21.1,6,2,1,0,4
17,6,3,0,0,10.4,11.2,63.4,7,4,1,0,6
21,0,9,0,8.4,8,24.9,83.3,3,3,1,0,2
13,6,2,0,4.4,8.9,9.5,22.7,8,2,1,0,1
1,6,12,0,13.5,7.8,8,83.5,3,3,1,0,1
23,6,3,0,0,9.9,8.7,38.8,4,2,1,0,2
18,2,9,0,0,9.7,24.1,73.2,9,4,1,0,2
5,2,1,0,24.3,5.3,7.9,19.2,2,3,1,0,2
10,1,11,0,0,10.1,10.4,70.8,7,2,1,0,2
13,5,8,0,0,10.3,25.7,78.2,8,2,1,0,4
13,2,2,0,0,9.9,10.1,68.6,6,3,1,0,4
8,3,8,0,0,10.3,24.7,23.3,8,2,1,0,2
8,2,5,0,0,10,21.9,44.2,8,2,1,0,2
20,0,3,0,0,9.6,12.9,53.4,3,3,1,0,2
3,4,7,0,14.7,7.3,26.2,26.1,2,3,1,1,5
9,2,2,0,36.6,3.3,7.3,14.2,9,2,1,0,6
17,0,11,0,0,10.1,12.1,75.2,9,2,1,0,4
9,3,1,0,0,10.2,9.5,68.1,8,3,1,0,5
18,5,6,0,0,9.6,25.4,23.1,5,4,1,0,5
15,4,12,0,0,10.1,13.3,78.7,6,2,1,0,2
2,6,6,0,0,10.4,26.8,6.2,3,3,1,0,3
6,0,1,0,0,10.4,11.8,10.1,2,2,1,0,0
7,0,2,0,0,10.3,9.7,88.5,7,4,1,0,4
0,1,10,0,0,9.9,16,13.7,2,2,1,0,0
23,4,7,0,0,9.7,27.2,43.7,2,3,1,0,1
17,3,7,0,0,9.6,24.8,33.4,9,2,1,0,4
16,1,5,0,49.3,0.8,20.7,87.2,6,3,1,0,4
9,4,6,0,0,9.7,26,84.3,8,3,1,0,3
14,3,4,0,0,10.2,11.8,59.1,5,2,1,0,2
2,1,10,0,0,10,16.7,68.6,1,2,1,0,3
0,0,6,0,0,10.4,25.1,36.7,2,2,1,0,3
16,1,4,0,0,10.5,11.8,54.6,6,3,1,0,0
10,4,5,0,29.1,4.8,21.4,9.4,5,2,1,0,0
21,2,4,0,19.4,6.1,15.9,81.9,3,3,1,0,5
7,3,8,0,34.1,3.9,25.3,36.7,8,3,1,0,7
4,0,2,0,0,10,7.9,30.3,2,3,1,0,0
21,4,1,0,0,10.1,7.4,38.3,4,3,1,0,0
16,2,2,0,0,9.9,13.5,7,6,3,1,0,1
15,3,4,0,0,9.8,14.4,34.2,5,3,1,0,2
1,5,4,0,0,10,12.4,9.2,2,3,1,1,3
19,0,8,0,0,10,22.9,2.9,10,2,1,0,4
2,0,2,0,35,3.3,9.3,1.1,3,3,1,0,8
15,2,10,0,13.9,7.6,16.7,56.1,7,3,1,0,2
13,5,12,0,8.7,8.3,10.4,36.2,6,3,1,0,3
23,6,6,1,0,10,20.4,63.8,1,3,1,0,6
0,1,12,0,10.5,8.4,10.4,40,3,3,1,0,4
9,2,1,0,0,10.4,8.9,7.4,9,2,1,0,5
1,2,11,0,0,9.6,13.9,45.2,3,2,1,0,1
7,5,1,0,0,10.1,12.7,68.1,2,2,1,0,6
4,5,6,0,0,9.7,25.1,50.9,4,2,0,0,2
0,6,3,0,25,5.8,14,39.1,4,3,1,0,5
22,4,10,0,0,10.4,18.3,1.9,3,2,1,0,0
23,6,7,0,0,9.8,26.3,1.7,2,4,1,0,1
5,1,9,0,0,9.9,25.7,89.6,2,3,1,0,0
6,1,6,0,41.8,2,26.9,11,3,2,1,1,5
0,3,10,0,0,10.2,18.2,52.7,2,2,1,0,0
3,4,7,0,0,10.1,22.8,0.9,1,2,1,1,2
7,3,10,0,0,10.1,21.7,41.4,8,3,1,0,1
19,4,3,0,0,10.4,10.7,19.9,8,4,1,0,4
8,0,2,0,12,7.7,8.3,37.1,7,3,1,0,2
10,5,4,0,0,9.8,13.7,1.1,7,3,1,0,3
19,3,6,0,0,10.1,20.1,69.7,10,3,1,0,4
9,1,1,1,1.6,9.7,5.3,68.5,6,3,1,0,3
17,2,9,0,6.9,8.4,25,25.6,10,2,1,0,5
4,2,2,0,0,10.4,6.8,77.5,2,3,1,0,2
23,6,6,0,0,10.4,19.7,72.7,3,2,1,0,2
4,3,2,0,26.5,5.5,10.5,76,3,3,1,0,2
15,0,2,0,0,10.4,13.6,83.6,6,2,1,0,5
11,4,6,0,0,10.2,24.6,20.1,7,3,1,0,1
15,2,1,0,0,9.9,6.2,24.2,6,3,1,0,1
3,5,12,0,37,3.8,10,66.3,4,3,0,0,5
19,0,11,0,0,10.3,16.8,9.5,9,3,1,0,1
18,1,4,0,47,1.6,16.5,70.2,9,4,1,0,9
22,4,2,0,0,9.8,11.4,89,2,4,1,0,3
11,1,5,0,0,10.4,18.3,33.4,5,2,1,0,0
7,4,5,0,0,10.4,21.2,46.8,9,3,1,0,6
9,6,6,1,0,10.1,22.2,29.7,5,2,1,0,5
13,1,2,0,0,9.9,13.7,30.7,5,2,1,0,0
20,4,12,0,0,9.7,6.1,4.4,3,2,1,0,0
12,6,9,0,0,10.4,22.3,15,7,4,1,0,2
12,0,4,0,30.5,5,17.5,7.2,6,3,1,0,1
21,4,3,0,0,10.4,9.4,61.8,4,2,1,0,3
6,4,12,0,0,9.9,8.7,61.6,3,2,1,0,2
1,3,5,0,10.1,7.8,22.7,18.8,1,2,1,0,2
7,0,1,0,0,10.1,11.5,67.3,9,2,1,0,4
10,1,2,0,0,10.1,12.8,48.3,6,3,1,0,3
11,6,10,1,6.8,9.2,16.2,51.4,6,2,1,0,3
3,6,5,0,0,10.2,17.5,29.9,4,3,1,0,3
0,0,12,0,36,3.4,12.4,51.7,2,3,1,0,2
5,1,12,0,0,9.6,9.7,28.8,3,4,1,0,2
22,2,2,0,29.1,4.7,10.7,73.8,2,3,1,0,1
17,2,9,0,0,9.7,25.4,24.8,9,3,1,0,3
5,6,5,0,0,10,22.1,36.1,3,2,0,0,2
10,0,7,0,43.2,2.1,29.7,40,7,3,1,0,6
20,3,2,0,0,9.8,10.2,51.3,3,3,1,0,0
8,4,8,0,0,9.5,24.9,77.2,9,3,1,0,4
22,0,4,0,0,10.4,11.4,60.3,1,3,0,0,3
10,5,3,0,0,9.5,15.8,33.4,6,3,1,0,1
11,4,2,0,0,10.1,12.6,46.8,5,3,1,0,0
0,3,2,0,0,9.7,6.7,63.7,2,2,0,0,5
12,2,1,1,0,9.8,5.3,64.9,3,2,1,0,2
18,3,3,0,33.5,4.2,15.6,1.3,10,4,1,0,8
5,3,2,0,0,9.9,13.1,85.7,1,3,1,0,0
23,4,8,0,0,9.5,27.7,33.4,2,3,1,0,2
8,3,7,0,0,10,24.8,85.1,8,3,1,0,2
13,4,7,0,0,10.1,23.4,1.6,5,2,1,1,4
13,4,12,0,0,10.2,10.1,69.5,5,3,1,0,2
2,0,7,0,0,10.2,22.9,61.1,3,2,1,0,2
12,1,10,0,0,10,16.2,48.3,5,4,1,0,2
9,5,9,0,0,9.7,19.7,21.5,7,3,1,0,4
1,5,10,0,0,9.6,15.2,19.3,3,2,1,1,4
19,1,1,0,5,9.3,12.6,57.7,10,2,1,0,3
12,5,5,0,0,10.4,19.4,56.2,7,3,1,0,0
21,0,4,0,0,10.2,14.5,83.3,2,3,0,0,2
20,0,7,0,0,9.9,22.3,61.6,4,3,1,0,2
9,5,11,0,0,9.7,14.3,71.6,6,3,1,0,3
17,6,8,0,0,9.8,27.7,15,5,2,1,0,2
17,5,7,0,0,10.4,29.8,34.3,6,2,1,0,1
8,4,8,0,0,10.4,28.5,60,8,4,1,0,7
16,1,5,0,0,9.9,20,2.9,6,2,1,0,2
5,1,4,0,0,9.8,17.1,63.4,1,3,1,0,3
18,5,10,0,0,9.6,20.1,88.9,6,2,1,0,5
18,4,4,0,0,10.4,12.9,28,9,3,1,1,8
19,3,12,0,0,10.2,9.3,31.1,9,2,1,0,0
23,2,3,0,6.3,8.4,8.9,65.3,3,3,1,0,4
23,1,10,0,10.1,8.3,17.6,15.1,2,3,1,0,2
16,0,5,0,0,9.9,15.4,3.1,5,3,1,0,1
23,5,4,1,0,10,12.1,57.2,1,2,1,1,3
20,3,10,1,14.6,7,21.6,17.3,2,3,1,1,3
19,0,1,1,9.1,8.1,11.8,7.9,6,3,1,0,4
14,4,5,0,0,10.5,19.5,79.6,6,2,1,0,1
13,1,6,0,0,9.5,19.8,42.6,6,3,1,0,0
8,3,2,0,39.6,2.6,6.9,78.3,9,2,1,0,3
3,0,9,0,0,10.3,24.7,22,3,2,1,0,0
2,2,9,0,0,9.8,24.6,12.8,3,3,1,0,1
10,0,8,0,0,9.7,25.2,45.1,6,2,1,0,1
10,3,4,1,31.7,4.1,14.2,88,4,3,1,0,6
4,2,12,0,30.2,4.8,12.9,56.2,2,3,0,0,3
0,3,1,0,0,9.7,6,52.3,2,2,1,0,2
10,0,10,0,15.7,7.4,14.6,39.2,6,4,1,0,2
8,0,3,0,0,9.8,10.4,25.4,9,2,1,0,1
16,0,2,0,6.2,8.5,6,53,5,3,1,0,4
6,2,5,0,0,10.5,19.8,42.5,2,3,1,0,1
15,0,12,1,0,10,10,17.8,4,2,1,0,2
12,6,3,0,0,9.9,9.7,84.5,7,3,1,0,1
0,4,10,0,0,9.7,19.3,66.8,2,3,1,0,2
8,0,9,0,0,9.8,18.2,84.8,7,2,1,0,3
10,5,8,0,0,10.2,27.4,83.3,8,2,1,0,4
15,1,1,0,0,9.9,10.1,72,6,3,1,0,2
12,0,10,0,0,10.3,18.3,62.2,6,2,1,0,5
14,6,5,0,0,10.1,20.5,32.9,7,2,1,0,1
2,6,6,0,0,9.6,20.1,23.7,3,3,0,0,7
15,2,10,0,0,9.7,21.7,38.6,5,2,1,0,0
6,6,6,0,0,10.4,24,31.1,2,4,1,0,2
17,1,4,0,0,9.6,18.3,5.7,9,2,1,0,4
9,3,1,0,0,9.5,9.1,28.4,9,2,1,0,4
9,4,7,0,10.5,8.6,24,58.7,8,2,1,0,5
23,4,10,1,0,10.1,17.2,85,1,3,1,0,2
20,2,2,1,0,9.8,7.6,70,1,2,1,0,1
15,4,9,0,1.7,9.9,18.3,7.4,7,4,1,0,1
0,2,3,0,0,10.1,9.6,17.8,3,3,1,0,0
11,6,9,0,0,9.8,18.5,10.7,8,2,1,0,4
20,1,3,0,0,9.5,13.1,4.9,3,3,1,0,3
6,1,8,1,0,10.1,26.8,5.4,3,2,1,0,2
21,0,2,0,0,9.8,10.9,52.2,4,3,1,1,2
20,5,5,1,0,10.3,17.9,54.1,2,3,1,1,2
23,5,4,0,0,10.4,17,30.1,2,3,1,0,2
12,4,11,0,41.4,2.6,13.9,6.5,7,2,1,0,5
20,4,4,0,0,10.2,17.1,68.9,3,4,1,0,3
1,1,8,0,0,9.7,29.3,77.6,1,3,1,0,3
23,6,3,0,1.9,9.8,14.6,37.9,2,3,1,0,1
2,3,7,0,0,10.3,26.2,4.3,2,4,1,0,0
4,6,3,0,17.5,6.5,9.2,39.8,2,2,1,0,2
22,2,7,0,0,9.9,26.9,65.2,2,2,1,0,1
18,3,7,0,0,9.8,23,46.5,9,2,1,0,4
11,3,6,0,0,10.1,23.9,31.7,7,4,1,0,0
6,1,11,0,23.7,5.9,11.2,59.8,4,2,1,0,3
14,4,8,0,0,10.5,24.4,41.9,7,2,1,1,1
4,3,10,0,0,9.8,16.8,59.1,2,2,0,1,2
10,5,6,0,0,9.7,19.6,30.1,7,2,1,0,5
17,4,3,0,0,10.3,11.4,77.1,8,3,1,1,7
14,2,12,0,0,10.5,8,1.7,6,4,1,0,2
22,0,1,0,0,9.7,12.4,34.5,1,3,1,0,1
19,3,1,0,0,9.8,7.8,59.5,10,4,1,0,4
13,3,6,1,0,10.4,26.3,80.1,4,3,1,0,3
9,4,3,0,27.3,5.5,13.3,54,9,3,1,1,1
0,2,7,0,0,9.6,24.2,77.2,3,3,1,0,1
14,3,2,0,4.3,9.4,9.2,11.5,5,4,1,0,2
2,5,6,1,38.1,3.1,26.5,65.7,2,2,1,0,8
19,3,3,0,0,9.6,13.2,5.2,9,3,1,0,5
3,4,6,0,0,9.6,19.2,73.9,3,3,1,0,4
0,1,4,0,0,10.4,11.8,41.5,2,4,1,0,1
7,0,7,0,0,9.7,26.3,20.5,9,2,1,0,3
1,6,9,0,23.3,5.8,20.7,44.1,3,2,1,0,7
8,5,5,0,0,10.2,19.7,79.7,3,2,1,0,5
4,2,8,0,0,9.7,25.6,72.2,2,4,0,0,3
21,6,5,0,0,10.3,21.3,87.8,4,3,0,0,3
16,2,3,0,36.9,3.1,13.1,54.1,5,2,1,0,2
20,1,12,0,29.1,4.4,7.5,34.7,3,2,1,0,2
13,0,7,0,0,10.2,26.2,20.9,6,3,1,1,3
12,2,5,0,39.6,3,15.3,56.2,7,3,1,0,5
15,5,8,0,0,10.2,28.8,69.5,6,2,1,0,3
18,6,6,0,0,10.2,20.1,42,7,3,1,0,3
15,5,1,0,0,9.9,5.2,61.8,6,4,1,0,5
1,3,8,0,0,10.1,28.3,22.8,2,3,1,0,2
18,6,2,0,49.6,1,12.8,55.9,6,3,1,0,4
12,5,2,0,45.9,1.3,12.5,51.3,7,2,1,0,8
6,0,3,0,36.5,3.5,15,22.1,2,3,1,0,4
15,2,5,0,0,10.2,19.4,86.8,7,2,1,0,1
15,0,12,0,0,9.8,10.1,9.2,6,3,1,0,1
6,2,11,0,40.4,2.4,13.7,37.3,3,2,1,0,3
10,0,6,0,0,10.3,23,23.2,6,2,1,1,4
11,3,11,1,0,9.7,9.2,19.5,4,3,1,0,0
19,5,2,0,0,10.3,10.4,31.1,7,3,1,0,2
19,1,3,0,0,9.9,10.4,13.8,8,4,1,0,4
12,0,1,0,3.3,8.9,7.7,59.2,5,2,1,0,3
1,4,10,0,0,9.5,14,70.7,2,3,1,0,3
4,2,3,0,0,10.2,9.7,14.3,1,2,1,0,0
4,4,6,0,0,10.2,24.3,39.7,3,3,1,0,4
20,3,4,0,0,10.5,12.9,55.2,2,3,1,0,0
20,6,10,1,0,9.9,15.5,84.2,3,4,1,0,1
23,2,5,0,0,9.8,22.7,59.7,2,4,1,0,1
20,3,5,0,0,9.7,19.5,44.6,2,2,1,0,3
9,6,12,0,0,10.1,12.3,1,6,2,1,0,6
23,0,8,0,0,9.8,29.3,41.1,2,3,0,1,4
8,5,5,0,20.4,6.4,21.1,86.7,2,3,1,0,6
17,6,4,0,0,10.4,15.4,23,6,3,1,0,4
19,0,9,0,0,10.2,19,89.3,9,2,1,0,3
1,6,6,0,0,10,25.9,75.6,4,2,1,1,4
13,4,5,0,0,10,15.6,65.8,6,2,1,0,4
6,1,6,1,0,10.2,20.1,54,2,3,1,0,1
1,0,5,0,22.7,5.4,22.6,76.3,1,2,1,1,5
13,1,5,0,0,10.3,19.5,3.8,5,3,1,0,0
21,0,3,0,0,9.9,8.1,41.9,4,4,1,0,1
2,5,6,0,13,7.4,26.3,67.7,3,2,1,1,2
16,3,9,0,0,10.4,21.3,57.3,6,2,1,0,2
4,1,4,0,0,9.9,17.7,14,1,3,0,0,4
22,6,1,0,32.8,4,7.5,38.1,3,3,1,0,3
22,0,3,0,0,10.3,10,70.3,2,4,1,0,4
4,0,5,0,0,10,20.6,59.5,1,2,1,0,1
16,5,6,0,0,9.7,21.5,61.3,7,2,1,0,1
9,1,7,0,0,10,22.9,42.9,8,3,1,0,3
19,6,3,0,0,9.6,11.4,30.3,6,3,1,0,1
7,3,11,0,0,9.8,16.2,70.1,8,2,1,0,3
11,3,3,0,45.6,2.3,11.3,52.6,6,2,1,0,4
2,3,8,0,0,10.2,24.9,13.5,2,4,1,0,2
17,0,6,1,0,10.4,23.8,10.8,7,2,1,0,5
2,5,2,0,46.9,1.7,6.2,35.8,3,3,1,0,5
11,4,12,0,0,10,11.3,75.6,5,3,1,1,4
14,6,7,0,0,10.5,26.9,19.9,8,3,1,0,2
15,0,8,1,0,10.4,27.7,50.3,5,2,1,0,4
22,2,10,0,0,9.9,18,50.7,2,2,1,0,2
21,4,3,0,0,9.9,13.1,68.1,2,3,1,0,1
2,3,3,0,0,10.4,13.2,58.6,3,2,1,1,3
4,1,11,0,20.8,6.1,16,9.3,2,3,1,0,3
13,0,2,0,37.9,3.4,9.2,44.6,5,4,1,0,5
21,0,3,0,0,9.5,10.4,89.8,2,3,1,0,2
11,2,7,0,0,9.6,28.4,52.8,6,3,1,1,0
17,6,12,0,0,10.4,6.2,26.7,7,3,1,0,7
19,6,6,0,34,3.7,26,62.8,5,3,1,0,3
8,3,5,1,0,10.5,19.2,74.9,6,2,1,0,4
0,1,5,0,0,10.3,15.6,89,2,3,1,0,4
0,6,11,0,0,10.1,11,11.5,4,2,1,0,0
12,5,12,0,0,9.7,10.1,84.6,6,2,1,0,3
5,3,9,0,0,10.3,21.6,21.6,2,4,1,0,0
18,1,9,0,0,10.4,25.2,40.2,10,2,1,0,4
0,4,6,1,0,10.5,25.7,82.7,2,2,1,1,8
20,2,12,0,48.6,1.1,8.1,28.2,3,4,1,0,6
21,4,11,1,26.8,5.4,12.9,10.2,2,4,1,0,3
18,3,6,0,0,10.2,20.7,76.4,10,3,1,1,11
19,0,10,0,0,10.2,19.1,87.5,8,3,1,0,5
12,2,9,0,0,10,24.5,41.2,7,3,1,0,0
3,4,12,0,0,9.6,7.5,1.2,2,4,0,0,2
9,4,8,0,31.3,4.3,23.5,3.2,8,3,1,0,8
12,2,8,0,0,10.2,29.6,86,7,3,1,0,1
23,5,2,0,0,10,6.3,4.1,3,3,1,0,1
21,2,2,0,0,9.9,11.3,22.3,4,3,0,0,3
2,0,2,0,0,9.6,7.4,77.4,2,2,1,0,4
0,2,5,0,0,10.1,20.1,83.9,2,3,1,1,4
15,1,8,0,0,10.3,27.9,31.1,7,2,1,1,2
9,3,10,0,37.9,3.2,17.3,5.4,8,4,1,0,6
10,6,11,0,32.7,4.4,11.5,9,6,2,1,0,6
8,3,8,0,0,9.9,29.8,2.9,8,3,1,0,4
8,4,2,0,0,10.2,12.3,41.3,8,2,1,0,3
3,6,9,0,0,9.9,24.1,48.8,4,2,1,0,1
18,4,9,1,0,10.3,20.9,26.6,6,3,1,0,6
15,6,7,0,0,9.9,22.7,79.9,5,3,1,0,3
14,2,2,0,32.4,4.1,12,27.8,7,3,1,1,5
4,4,6,0,0,9.6,21.4,9.1,1,3,1,0,4
9,2,1,0,0,10.1,7,42.5,9,3,1,0,4
19,1,3,0,0,10,12.2,70.6,10,3,1,0,4
11,1,9,0,0,9.5,21.9,32,7,3,1,0,1
11,1,10,0,0,10.1,17.8,26.6,7,2,1,0,1
4,5,10,0,6,9.3,16.3,30,3,3,1,0,4
13,6,9,1,0,9.9,25.7,35.2,5,4,1,0,2
14,0,12,0,4,9.2,6.2,82.2,6,3,1,0,1
18,0,10,0,25.5,5.9,17.9,32.5,9,2,1,0,9
6,1,4,0,0,10.4,16.9,4.7,2,3,1,0,1
5,4,3,0,7.3,8.3,11.1,55.6,1,3,0,0,2
13,2,9,0,0,10,25.8,40.1,6,3,1,0,2
5,1,12,0,45.8,2.2,9.3,40.7,2,4,1,0,2
19,4,6,0,0,10.2,22,79.1,10,3,1,1,6
18,0,7,0,0,10.4,26.8,48.4,10,2,1,0,4
9,1,6,0,0,10.1,23.5,60.5,8,2,1,0,6
3,3,2,0,0,9.9,10.2,46.5,1,2,0,0,2
20,5,3,0,45.5,1.8,14.6,70.8,4,3,1,0,4
17,5,12,0,17.2,7.3,13.6,8.6,6,3,1,0,5
0,6,3,0,0,9.7,13.5,79.9,4,3,1,0,4
22,5,7,0,0,9.6,29.7,2.8,3,3,1,0,4
20,1,5,0,0,9.9,16.5,48.6,3,2,1,0,0
4,0,5,0,0,9.8,17.7,70.6,2,3,1,0,1
7,1,5,0,42,2.2,21.4,16.2,9,4,1,0,5
12,1,9,0,0,10,25.7,84.6,7,3,1,0,4
6,1,1,0,0,9.8,8.2,67.9,2,2,1,0,3
15,1,8,0,0,9.6,29.9,50.1,5,4,1,0,2
14,2,1,0,0,9.5,10.2,12.1,6,2,1,0,0
1,6,10,0,29.8,5,21.5,49.3,2,3,1,0,1
22,1,3,0,0,9.8,12.3,21.9,3,3,1,0,2
9,2,3,0,0,10.5,10,9.1,7,2,1,0,5
11,2,11,0,0,9.5,9.6,46.9,5,2,1,0,3
5,4,1,0,0,9.8,12.4,72,3,3,1,0,0
4,4,1,0,0,9.6,10.1,78.1,1,2,1,0,4
20,5,3,0,0,9.8,10.4,14.5,4,3,1,0,2
13,5,7,0,0,10.3,24.5,1,7,2,1,1,1
1,1,1,0,0,10.1,12.2,80.6,2,2,1,0,3
7,0,11,1,44.7,2.1,10.2,17.3,5,2,1,0,6
3,3,10,0,32.7,4.3,18.9,11.8,3,2,1,0,6
17,2,2,0,23.2,5.5,11,66.1,10,4,1,0,4
7,1,3,0,4.5,9.2,12.2,10.8,7,2,1,0,1
19,1,8,0,0,9.9,22.3,32.1,8,4,1,0,3
13,2,4,0,26,5.8,12.7,87,6,3,1,0,4
23,6,11,1,0,9.6,16.7,65,3,2,1,0,5
23,1,9,0,36.4,3.2,23.4,80.5,3,3,1,1,9
13,2,9,0,0,10,22,41.2,5,3,1,0,1
17,2,3,0,30.3,4.1,11.2,36,9,3,1,0,6
11,4,7,0,0,10.5,28,0.9,6,3,1,0,3
13,5,4,0,0,10.3,17.7,48.8,7,2,1,1,3
12,5,1,0,0,9.9,12.3,8,7,3,1,0,3
20,4,4,0,0,10.4,18.4,44.3,3,3,1,0,2
14,1,2,0,0,10,11.6,16.3,7,2,1,1,3
3,4,12,0,0,10.2,7.7,59.1,3,2,1,1,3
19,1,3,0,0,9.8,10.3,36.5,10,4,1,0,7
17,2,2,0,0,9.9,12.4,38.1,9,4,1,0,4
2,2,1,0,44,2.1,5.7,39.8,2,2,1,0,2
23,1,11,0,8.3,8.8,10.2,34.4,2,2,1,1,4
6,1,1,0,29.2,4.8,13,29.6,3,3,1,0,4
23,4,12,0,0,9.9,13.7,29.8,2,3,1,0,1
14,1,1,0,0,10,10.5,75,5,4,1,0,1
16,5,11,1,37.9,3.4,11.9,3.1,4,3,1,0,6
21,3,4,0,0,9.9,12.5,40.8,2,3,1,0,1
23,6,9,0,0,9.9,19.7,1.1,2,2,1,0,2
5,0,3,0,0,10.2,13.6,38.1,2,4,1,0,1
21,4,11,0,0,10,17,39.1,2,2,1,0,1
21,2,7,0,0,9.7,25.1,71.1,3,2,1,1,4
7,4,12,0,25.9,5.4,12,40.2,9,2,1,0,4
21,2,1,0,0,10.1,6.8,42.7,3,2,1,0,0
10,1,9,0,31.1,4.3,21.2,60.2,6,3,1,0,6
13,2,9,0,0,10,19.3,75.9,7,2,1,0,1
3,4,2,0,25.5,5.6,13.2,53.8,2,2,1,0,3
6,3,3,0,0,10.2,14.2,15.6,2,3,1,0,1
10,1,4,0,0,10.1,15.3,87.1,7,2,1,0,2
6,4,8,0,12.3,8.1,27,9.7,3,3,1,1,7
18,3,7,0,0,9.8,25,85.3,8,2,1,0,6
1,5,4,0,0,9.6,18.5,63.7,3,2,1,0,4
22,0,11,0,0,9.6,9.4,46.6,2,3,1,0,3
19,0,1,0,0,10.3,7,37.3,9,2,1,1,10
20,4,8,0,0,10.1,25,60.1,3,2,1,0,3
8,5,6,0,0,9.9,26.1,71.8,3,3,1,0,9
22,0,10,0,0,10.2,18,56.8,1,4,1,0,2
10,6,8,0,0,10,22.2,18.7,7,3,1,0,2
2,0,1,0,0,9.9,7.4,20.7,2,3,1,0,2
13,3,7,0,0,10.1,25.4,71.1,5,2,1,0,3
15,4,4,0,0,9.6,11.9,85.4,5,3,1,0,3
11,1,4,0,14.2,7.7,17.8,15.1,6,2,1,0,3
13,0,11,0,0,10.1,14.3,61.6,6,3,1,0,1
9,0,4,0,44.1,2.3,18.1,49.7,7,2,1,0,3
10,2,10,0,49.2,1.2,17.1,64.8,6,4,1,0,9
12,6,7,0,0,10.2,24.5,62.5,6,4,1,0,1
8,0,6,0,0,10.4,21.8,75,8,3,1,0,2
3,5,6,0,10.9,7.9,20.5,3.7,3,3,1,0,4
8,3,6,0,4.3,9.2,26.3,12.9,8,2,1,0,1
11,0,3,0,0,10.3,12.8,44.2,6,3,1,0,0
6,1,8,0,0,10,24.4,47.1,4,2,1,0,1
2,1,9,0,0,9.9,20.1,13.9,1,4,1,0,1
17,3,5,0,0,10.5,22.4,69.8,9,2,1,0,8
16,4,10,0,0,9.9,21.1,16.8,6,2,1,0,4
11,1,8,0,0,10,22.4,3.1,7,2,1,0,0
2,1,5,0,0,10.1,18,25.1,2,3,1,0,1
3,0,12,0,1.2,9.4,12.5,80.8,2,3,1,0,1
19,3,1,0,0,9.6,12.5,54.6,9,2,1,0,2
8,5,2,0,0,9.7,13.7,47.2,2,3,1,0,7
4,5,9,1,0,10.2,25.6,45,3,3,0,0,1
1,6,4,0,0,10.3,17.2,43.9,2,3,1,0,3
12,2,12,0,10.8,8,6.5,65.5,7,3,1,0,3
11,0,9,0,0,9.9,21.4,55.6,6,2,1,0,2
9,3,11,0,0,10,15,59.8,9,2,1,0,3
14,4,2,0,46,2,9.3,0.5,6,4,1,0,4
21,4,8,0,0,10.3,28.3,25.4,4,4,1,0,0
1,5,11,0,0,10.4,12.4,32.1,3,3,1,0,0
3,5,5,0,0,9.9,19.7,49,3,3,0,0,3
17,0,4,0,1.8,10.2,13.2,38.8,8,4,1,0,2
17,4,11,0,0,9.5,12,46.1,9,2,1,0,2
17,2,8,0,0,10,29.2,8.4,10,3,1,0,6
18,4,3,0,0,9.8,14.7,10.1,8,2,1,0,6
20,2,2,0,0,9.5,10,6.6,4,3,1,0,3
19,5,12,0,20,6.4,9.3,76.5,5,2,1,0,3
17,2,4,0,0,9.6,12.9,4.5,9,2,1,0,4
21,3,7,0,0,10.2,25.1,58.1,3,3,1,0,1
4,2,8,0,0,10,24.6,87,2,3,1,0,1
9,4,6,0,47.8,1.9,19.6,50,8,3,1,0,8
0,1,5,1,0,10,19,27.7,2,4,1,0,2
14,4,6,0,0,9.9,23.2,20.6,5,4,1,0,3
20,4,6,0,0,9.6,21.5,57.6,2,2,1,0,1
13,3,5,0,0,9.8,20.4,37.7,6,3,1,1,1
23,3,12,0,8.2,8.9,12.2,10.2,3,3,1,0,1
6,2,6,0,0,9.9,19.1,59.1,2,4,1,0,3
15,6,1,0,0,9.7,10.2,80.7,7,3,1,0,1
16,0,9,0,23,6.1,19.1,84.6,5,2,1,0,3
23,1,8,0,0,10,22.5,24.5,1,2,1,0,2
15,2,7,0,0,9.9,24,87.3,7,3,1,0,1
6,2,4,0,0,9.5,12.2,21.8,2,4,1,0,1
4,6,12,0,22.6,6.2,10,2.5,2,3,1,0,7
4,5,1,0,13.8,7.7,12.8,7.7,4,4,1,0,4
5,4,3,1,0,10.3,9.5,23.7,2,3,1,0,0
12,3,6,0,0,10.1,20.4,4.4,5,3,1,0,0
10,4,6,0,0,9.9,25.5,14.9,6,2,1,0,2
15,2,11,0,0,9.9,13.3,41.5,7,2,1,0,4
3,3,5,0,48.6,1,19.1,87.8,3,2,1,0,3
11,6,4,0,0,10,18.8,6.5,7,3,1,0,2
8,6,9,0,0,10.2,22,87.9,4,2,1,0,2
21,0,11,0,3,9.3,13.7,88.7,3,4,1,0,0
2,5,8,0,0,10.4,25.1,41.7,2,2,1,0,2
10,3,1,0,0,9.6,11.2,51.3,6,3,1,0,1
7,4,10,0,1.5,9.5,14.2,83.2,7,3,1,0,6
5,3,12,0,0,9.9,14,70.9,1,3,1,0,1
8,4,3,0,0,10.4,14.4,58.2,8,2,1,0,4
0,0,12,0,0,10.2,11.3,28.6,2,4,1,0,1
19,2,8,0,0,10.3,28.1,29.8,9,4,1,1,5
0,1,8,0,0,10.5,27.6,88.2,1,2,1,0,1
5,5,6,0,0,9.6,23.6,42.8,4,3,1,0,2
3,4,9,0,0,9.6,23.8,83.8,2,4,1,0,2
7,1,9,0,0,9.8,22.4,59.3,7,2,1,0,5
11,0,3,0,0,9.6,14.3,20.4,6,3,1,0,1
0,3,5,0,16.6,6.6,17.4,30.5,1,2,0,0,0
23,2,1,0,0,10.3,7.5,54.8,2,2,1,0,2
22,6,2,0,0,9.8,13.7,88.2,3,3,1,0,6
7,4,8,0,0,10.5,23.7,28.3,9,3,1,0,5
18,0,2,0,0,9.6,9.1,21.6,9,3,1,0,1
21,0,10,0,0,9.5,20.2,69,3,3,1,0,0
8,4,9,0,0,10.1,23,60.8,8,3,1,0,3
19,5,12,0,0,10.4,6.3,25.7,7,2,1,0,1
13,2,5,0,0,9.6,19.8,67,6,3,1,0,2
20,6,8,0,0,10,23,40.3,2,2,1,0,0
21,2,11,0,0,10.1,10.4,58.1,3,2,1,0,1
12,3,9,0,0,10.2,24.4,10.1,7,3,1,0,2
8,4,5,0,0,9.6,20.4,24.5,8,3,1,0,5
22,0,9,0,0,10.5,21.1,28,3,4,1,0,1
1,4,2,0,0,9.6,9.9,39.9,2,4,0,1,1
20,2,7,0,0,9.7,27.3,63,3,4,1,0,2
13,3,5,0,14.3,7.8,17.6,37.1,5,3,1,0,2
13,6,3,0,0,10.2,9.5,3,7,3,1,0,5
4,0,6,0,45.5,1.9,23,45.5,2,3,1,0,3
23,5,5,0,0,10,21.1,77.5,3,3,1,0,3
13,0,7,0,0,9.5,25.8,85,6,2,1,0,3
5,6,12,0,0,10.3,8.2,59.8,3,2,1,0,2
2,4,12,0,39.6,3,7.8,78.4,1,2,0,1,5
21,5,8,0,0,9.6,27.4,42.7,3,2,1,0,1
23,3,1,0,0,10.3,6.3,3.6,2,3,1,0,1
1,2,10,0,13.7,7.3,18.6,49.4,2,2,1,0,3
16,0,10,0,0,9.6,21.8,1.1,6,3,1,0,1
17,0,2,0,0,9.8,6.7,55.6,9,3,1,0,4
12,1,8,0,0,9.6,29.1,28.7,7,2,1,0,1
1,2,10,0,0,9.8,14.9,22.8,1,2,0,0,2
20,2,3,0,0,10.5,10.6,80.8,4,3,1,0,2
23,3,8,0,0,9.5,29.6,17.7,1,4,1,1,4
6,4,4,0,0,9.7,16.3,8.1,3,3,1,1,4
15,3,8,0,0,9.9,27.2,34.6,6,2,1,0,0
1,6,10,0,0,10.3,14,7.9,2,4,1,0,3
17,2,8,0,0,10.2,22.4,72.6,9,2,1,0,4
14,1,9,1,0,10.4,18.4,74.3,3,3,1,0,3
19,3,9,0,0,9.8,24.5,62.2,8,3,1,0,5
0,2,8,0,0,10.3,24.7,52.8,2,2,1,0,1
15,1,10,0,0,10.4,17,3.6,6,3,1,0,2
21,1,10,0,0,10.1,15.6,79.4,3,3,1,0,0
21,3,2,0,0,9.9,12.4,53,3,2,1,0,3
21,4,5,0,0,9.7,15.5,60.7,4,3,1,0,1
2,4,5,0,0,9.9,17.5,88.6,3,3,1,0,1
11,0,10,0,39.7,2.7,17.6,57.7,6,3,1,0,4
18,0,8,0,0,10.1,26.7,76.3,9,2,1,0,7
13,1,2,0,0,10.2,9.1,73.3,5,2,1,1,5
22,2,10,0,34.6,3.8,19.4,7,1,3,1,0,2
14,2,8,0,0,10.4,26.6,81.8,5,4,1,0,2
0,2,7,0,0,10,22.7,85.5,1,2,1,0,1
21,0,8,0,0,9.6,23.4,32.4,3,2,1,0,1
23,3,11,1,41,3,15.3,57.4,1,2,1,0,3
0,1,4,0,0,10.4,14.6,76.1,3,3,1,0,2
6,0,11,0,0,10.5,16.5,66.9,4,3,1,0,2
21,3,4,0,47.3,1.4,11.8,65,4,3,1,0,5
23,4,9,0,0,9.6,19.2,4.3,2,3,1,0,1
23,0,2,0,0,10.2,7.3,62.1,2,3,1,0,1
15,3,4,0,0,10.1,15.9,88.7,5,2,1,0,1
0,3,10,0,0,9.6,17.7,7.2,2,2,0,0,5
19,1,2,0,0,10.2,8.1,37.5,9,3,1,0,4
18,6,2,0,0,10.4,12.2,26.3,6,4,1,1,5
0,0,10,0,0,9.9,17.5,27.1,3,4,1,0,3
3,3,3,0,47.7,1.7,12.1,28.2,2,2,0,0,6
4,0,6,0,44.4,2,25.3,24.2,2,2,1,0,3
17,4,1,0,0,9.8,12.9,24.9,8,3,1,0,4
10,2,5,0,5.9,8.8,21.5,52.1,7,3,1,0,0
17,4,8,0,0,10.4,24.9,37.4,9,3,1,0,4
8,0,4,0,19.2,6.1,13.4,53.9,8,3,1,0,1
10,3,2,0,0,10.3,13.2,15.8,5,3,1,0,0
0,1,12,0,0,9.5,13.5,79.4,3,4,1,0,0
19,4,6,0,0,9.9,24.1,81.1,8,2,1,0,3
11,1,6,0,0,9.9,26.2,66.8,6,2,1,0,2
16,6,5,0,0,10.4,16.9,37.3,6,3,1,0,3
22,3,7,0,0,10.3,26.4,77.3,2,3,1,0,1
17,6,2,0,0,10.5,6.5,54.2,6,3,1,0,4
7,1,3,0,0,10.4,15.5,2,9,4,1,0,4
12,4,4,0,0,9.6,18.9,70.8,6,2,1,0,5
5,0,1,1,10.3,8.2,12.8,42.2,1,2,0,0,4
17,2,1,0,1.4,9.6,10.3,8.8,9,4,1,0,6
8,3,4,0,0,9.7,17.8,31.4,9,3,1,0,3
9,1,9,0,0,9.7,23.9,71.8,8,4,1,0,4
5,4,10,0,45.9,1.8,15.3,39.3,3,2,1,0,3
18,1,1,0,23.4,6,9.6,33.5,10,3,1,0,5
5,4,4,0,0,9.7,17.2,89,2,2,1,1,1
10,5,3,0,0,10,11.1,85.2,6,2,1,0,5
23,1,10,0,0,10.3,19.5,46.5,3,4,1,0,1
16,1,5,0,0,9.8,17.7,63.5,6,3,1,0,2
14,5,12,0,0,10.5,7.2,4.4,7,3,1,0,1
12,3,6,0,0,9.8,19.2,80.9,6,3,1,0,1
9,3,8,0,0,9.5,29.5,13.8,9,3,1,0,3
23,4,7,0,0,10.1,28.9,16.6,3,3,1,0,1
23,0,4,0,0,9.8,13.2,71.1,2,4,1,0,3
8,0,1,0,20.7,6.2,9.2,34,9,3,1,1,6
5,1,4,0,0,10.2,16.1,23.7,3,2,1,0,0
5,1,9,0,0,9.5,20.8,3.7,2,2,1,0,2
12,4,4,0,0,9.7,13.5,51.6,7,3,1,0,2
0,6,10,0,0,10.5,18.6,8.9,4,3,1,0,3
14,1,7,0,0,9.7,25.6,44.3,7,4,1,1,4
8,4,12,0,28,4.8,11.7,70.9,7,4,1,0,8
6,3,9,0,0,9.9,18.8,79,3,3,1,0,1
6,3,6,0,0,9.8,24,7.6,2,2,1,0,2
1,1,8,0,0,10.2,25.1,6.9,2,3,1,0,2
7,5,3,0,0,10,9.5,11,3,2,1,0,3
8,3,6,0,0,9.6,22.8,35.7,8,4,1,0,6
14,2,10,0,0,10.2,20.3,20.4,6,4,1,0,1
11,4,7,0,0,10.2,25.4,61,7,2,1,0,0
3,5,6,0,0,10.4,22.9,22.8,4,3,1,0,0
21,4,2,0,25.7,5.5,11.7,41.6,4,2,1,0,7
8,3,2,0,8,9.1,12.6,89.5,8,2,1,1,5
0,5,4,0,0,9.6,17.1,0.8,3,3,1,0,1
9,3,11,0,0,10.2,11.2,20.7,7,3,1,0,3
0,6,7,1,0,9.6,24.8,87.4,1,3,0,0,3
7,6,10,0,0,9.8,15.3,18.9,2,2,1,0,3
2,5,9,1,0,9.8,22.5,88.2,2,3,1,0,6
0,2,11,0,0,9.7,9.4,20.4,3,3,1,0,2
23,5,5,0,0,9.6,16.4,34.5,4,2,1,0,2
1,4,8,0,0,9.7,29.1,9.7,1,3,1,0,1
18,3,1,0,0,9.9,5.5,48,9,3,1,0,3
3,1,8,0,0,10.2,25.6,24.6,3,2,0,0,2
22,2,5,0,0,9.9,22.9,44,3,2,1,0,3
2,1,8,0,42.2,2.9,26.8,31.1,3,3,1,0,3
1,3,10,0,0,9.9,17,74.4,2,3,1,0,1
11,5,8,0,0,9.9,22.8,9.5,7,2,1,1,6
4,5,9,0,0,10.1,20.1,30.1,2,3,1,0,4
15,1,2,0,0,9.5,9.3,83.6,6,4,1,0,1
23,1,1,1,0,9.8,10,38.2,2,4,0,0,5
8,4,11,0,15,7.4,11,83.9,7,4,1,0,3
3,0,5,0,0,10.4,17,43.9,1,4,1,1,4
18,4,8,0,0,10.4,23.5,54.7,10,4,1,0,2
23,4,1,0,0,10.1,11.4,41,3,3,1,0,1
15,6,1,0,0,9.9,7.2,1.4,5,4,1,0,6
5,1,7,0,0,9.9,29.3,78.3,2,2,1,0,3
9,2,2,0,0,10,13.6,15.6,8,3,1,0,5
7,3,10,0,0,10.3,15,70.2,9,3,1,0,7
20,6,10,0,0,10.5,19.9,55,3,4,1,0,0
4,4,11,0,30.4,4.3,12.3,79.5,2,3,1,0,4
1,6,9,0,0,9.7,20.6,32.9,4,3,1,0,2
3,0,12,1,0,9.7,7.8,53.6,2,2,1,0,3
6,2,4,0,0,9.8,16,31.2,2,2,1,0,0
1,5,12,0,0,10.2,7,6.2,2,2,1,0,3
7,6,8,0,0,10.3,27.8,55.1,4,3,1,0,1
2,2,2,1,0.6,10.1,9.3,13.9,3,2,1,0,2
22,5,1,0,31.1,4.5,6.1,41.6,3,4,1,0,4
12,4,10,0,0,9.5,18.5,74.6,6,4,1,0,5
18,1,5,0,0,9.6,15.4,16.3,8,2,1,0,2
8,2,4,0,0,9.7,15.9,33.8,7,3,1,0,4
15,2,4,0,38.1,3.3,11.8,67.2,6,2,1,0,1
8,6,11,0,11.1,8.3,16.6,19.4,3,3,1,0,2
11,3,8,0,38.1,3.4,24.6,50.7,6,3,1,0,3
18,6,1,0,0,9.7,7.4,12.2,5,2,1,0,1
19,5,8,0,0,10.4,28.6,66.1,7,2,1,0,3
19,4,12,0,0,9.8,13.3,46.3,9,3,1,0,1
14,0,6,0,0,9.9,22.1,67.7,6,3,1,0,2
1,1,1,0,0,9.6,11,6.9,2,2,1,0,1
13,6,4,0,0,10,14.9,37.6,6,2,1,0,1
9,3,9,0,0,10,22.6,12.1,8,3,1,0,3
2,3,4,0,0,9.7,12.4,3.4,3,2,1,0,1
3,0,8,1,0,10.2,23.8,70.2,2,3,1,0,4
10,1,6,0,0,10.2,26.1,51.3,7,4,1,0,0
7,2,9,0,0,10.2,24.1,3.8,9,3,1,0,3
22,5,5,0,0,10.1,21.4,79.4,3,3,1,0,4
7,1,8,0,0,10.4,24.3,57,9,2,1,1,3
1,4,12,0,0,9.5,7.5,1.4,2,3,0,0,2
11,6,5,0,0,9.6,19.3,12.4,7,3,1,0,2
8,4,5,1,0,10.4,20.8,17,6,3,1,0,2
3,0,12,0,0,10.3,13.2,38.1,2,2,1,0,3
9,5,5,0,0,10.4,18.2,64.2,7,3,1,0,6
14,4,7,0,0,10,25.7,70.8,6,4,1,0,3
8,4,2,1,0,9.9,12.5,89.5,6,2,1,0,6
21,2,11,0,0,10.3,14.2,89.5,3,2,1,0,1
14,6,2,0,0,10.2,12.2,78.4,6,3,1,0,2
1,5,1,0,0,10.2,7.6,45,4,3,1,0,3
11,4,7,0,0,10.2,23.3,22,7,2,1,0,4
23,6,8,0,0,10.1,23.1,3.6,3,4,1,0,3
6,1,9,0,0,10.3,23.4,15.4,3,4,1,0,0
9,6,11,0,31.4,4.4,12.9,49.6,6,3,1,0,8
16,4,6,0,0,10.3,25.9,61.9,6,3,1,0,3
19,5,10,0,0,9.8,21.6,56.1,6,3,1,0,3
20,0,12,0,0,9.9,9.4,65,3,3,1,0,2
23,1,8,0,0,9.6,23.3,39,1,2,1,0,0
4,6,6,0,0,10,25,89.3,4,3,1,0,2
1,6,7,0,12.9,8,25.1,48.2,4,4,0,0,3
9,0,5,0,0,10.5,18.7,61.2,8,3,1,0,6
0,0,9,0,0,9.8,20.6,67.2,2,3,1,0,1
19,3,2,0,9.4,8,7.7,23.5,8,3,1,0,2
19,3,1,0,15.6,7.2,7.9,46.4,10,4,1,0,2
7,1,3,0,28,4.6,12.6,82.1,9,2,1,0,3
17,2,7,0,0,9.9,29.3,14.4,8,3,1,0,6
20,4,12,0,19.2,6.6,7.7,84.5,4,2,1,0,5
21,1,8,0,0,10.2,26.7,0.5,3,2,1,0,0
18,4,8,0,0,10.2,26.7,25.8,10,3,1,1,4
4,1,10,0,34.5,3.9,14.2,30.8,2,2,1,0,7
9,5,3,0,0,10.1,10.1,34.4,6,3,1,0,2
13,5,2,0,0,10.3,7.9,90,7,2,1,0,5
15,5,8,0,0,10,27.4,84.5,7,3,1,0,4
22,6,8,0,0,10.4,23.8,1.2,2,3,1,0,1
5,2,4,0,41,2.9,14.3,87.5,1,4,1,1,2
0,1,2,0,15.4,7.4,12.9,31,3,3,1,0,6
20,3,10,0,0,9.5,18.3,5.5,3,2,1,0,0
10,1,1,0,0,9.9,11.8,55.8,6,2,1,0,1
21,4,2,0,0,10,11.5,17.7,4,3,1,0,2
1,3,8,1,0,9.5,26.4,35.6,3,3,1,0,1
23,6,10,1,0,9.6,19.2,33.8,3,3,1,0,4
19,2,1,0,0,10.4,9.8,59.2,9,2,1,0,3
6,0,9,1,39.1,3.3,23.4,2.1,2,2,1,0,4
21,6,5,0,0,10.5,15.4,78.7,2,2,0,0,3
16,4,10,0,15.5,6.9,15.3,53,7,3,1,0,0
13,3,6,0,0,9.7,21.9,59.6,5,3,1,0,1
16,4,10,0,0,10.4,15,8.9,7,2,1,0,3
19,4,7,0,0,10.2,24.5,63.2,8,4,1,0,3
23,5,1,0,10.5,8.4,11.2,2.2,3,2,1,0,2
9,6,10,0,0,10.3,18.2,4.2,8,2,1,0,2
16,4,5,0,44,1.6,22,87.6,6,3,1,0,5
14,4,7,0,0,9.7,25.5,3.9,5,2,1,0,2
10,1,8,0,0,9.8,28.3,81.5,5,3,1,0,2
14,3,10,0,0,10.3,18.2,42.2,6,3,1,0,1
1,6,11,0,0,10,14.6,28.9,3,3,1,0,1
14,1,11,0,27.4,4.6,13,85.3,6,2,1,0,4
23,4,10,0,0,10.2,19.9,61.3,3,3,1,0,2
2,5,1,0,0,10,9.1,28.4,4,2,1,0,5
2,5,7,0,17.3,7.2,22.1,30.3,4,3,1,0,3
12,1,7,0,0,10.1,28.7,6.6,7,3,1,0,4
9,2,5,0,0,9.6,16.9,30.7,8,3,1,0,4
17,3,10,0,33.6,4.4,21.5,39,9,2,1,0,6
6,2,10,0,0,9.6,18.8,74.9,3,2,1,0,1
8,6,10,0,45.6,2.3,18.8,29.9,3,3,1,0,7
7,0,11,0,0,9.7,14.7,49.6,7,3,1,0,1
9,3,12,0,0,10,12.1,38.1,8,4,1,0,1
6,1,8,0,0,10,23.8,8.1,2,2,1,0,2
2,1,1,0,0,9.5,12.6,57.3,1,4,1,0,1
23,3,4,0,24.2,5.2,14.7,4.6,3,2,0,0,7
14,1,7,0,0,10.5,22,15.3,5,3,1,0,4
18,4,6,0,0,9.8,20.8,49.9,10,3,1,0,5
15,2,2,0,0,9.8,11.4,72.2,7,3,1,0,2
10,1,3,1,0,9.6,11.5,55.1,4,4,1,0,0
21,4,11,0,0,10,10.5,53.4,2,3,1,0,2
12,4,6,0,0,10.1,26.5,63,6,2,1,0,1
4,1,9,0,8.3,8.5,23.9,67.4,3,3,1,0,4
21,4,3,0,0,10,9,16.1,3,4,1,0,1
2,5,2,0,24.1,5.2,9.8,52.9,3,4,0,0,10
22,0,10,0,27,5.3,14.2,4,2,3,1,0,7
1,3,10,0,0,10.2,20.6,26.7,3,2,1,0,3
21,4,5,0,0,10,22.9,40,3,3,1,0,2
14,4,4,0,48.9,1.4,16.4,67.1,6,3,1,0,8
13,2,6,0,0,9.5,26.3,71.1,7,4,1,0,3
6,4,9,0,5.9,8.8,21.3,54.2,4,2,1,0,3
7,6,4,0,0,9.5,12.2,12.2,2,3,1,0,0
10,0,11,0,0,10.2,15.1,78.4,6,2,1,0,1
1,3,1,0,0,9.5,5.4,41.2,1,4,1,0,1
19,5,5,0,0,10.2,22.6,86.7,6,2,1,0,6
5,3,7,0,0,10.4,22.1,5.9,1,3,0,0,3
18,6,9,0,47.8,1.1,21.1,23.6,6,2,1,0,5
16,3,10,0,0,9.9,17.5,26.2,6,3,1,1,3
23,1,5,0,0,9.6,22.1,54.9,2,3,1,0,3
19,5,5,0,0,9.9,16.2,76.5,5,2,1,0,5
20,5,9,0,47.9,1,18.3,4.4,2,2,1,0,7
23,5,2,1,0,9.9,8.3,64.5,2,3,1,0,4
19,6,10,0,0,9.7,20.2,19.3,6,3,1,0,3
19,1,9,0,0,9.8,22.8,15.9,9,2,1,0,6
9,6,8,0,0,9.8,22.2,54.2,7,2,1,0,2
23,5,7,0,0,10,26.5,50,3,2,1,0,2
17,4,3,0,23.9,5.8,15.9,83.4,9,3,1,0,7
19,4,2,0,35.2,3.9,12.8,34.5,9,3,1,0,7
15,3,8,0,0,9.9,27,87.8,7,4,1,0,4
21,5,10,0,0,9.7,19.1,9.3,2,3,1,0,4
15,1,12,0,0,10.2,10.7,20.8,6,2,1,0,2
5,3,8,0,0,10.2,27.3,63.5,2,2,1,0,2
5,0,3,0,10.3,8.2,11,12.8,1,2,1,0,0
13,0,12,0,0,10,10.5,41.3,6,4,1,0,5
23,2,6,0,0,10.1,26.1,28.2,1,3,1,0,2
21,4,10,0,0,9.7,19.8,46,2,3,1,0,2
9,6,4,0,49.9,1,16.9,51.1,6,3,1,0,8
7,6,4,0,0,10.3,14.9,36.5,2,3,1,0,5
16,3,9,0,0,9.7,24.6,23.7,6,3,1,0,0
23,1,8,0,0,10.5,24.6,60.2,1,3,1,0,0
22,5,8,1,0,9.7,24.3,55.3,1,3,1,1,2
19,0,1,0,0,9.8,11.5,48.1,8,3,1,1,3
15,6,11,0,0,9.9,10,85.4,6,2,1,0,3
16,0,3,0,41.5,2.2,10.9,5.4,5,3,1,1,6
23,1,10,1,40.2,2.3,19.3,38.3,2,4,1,0,7
1,1,4,0,0,9.7,11.9,16.1,1,2,0,0,2
20,2,12,0,1.4,9.8,9.9,30.8,3,2,1,0,0
14,5,5,0,0,9.5,20.6,82.7,7,2,1,1,3
11,1,8,0,0,9.9,22.2,51,7,2,1,0,2
8,5,7,0,0,9.6,29.6,44.5,2,3,1,0,4
16,2,5,0,0,10.3,18,47.9,7,3,1,0,1
3,2,11,0,23.3,5.5,9.5,41.9,3,4,0,1,5
20,6,7,0,0,10.2,26.5,63.6,3,3,1,0,1
13,6,5,0,0,10.5,22.5,23.3,7,4,1,0,2
18,4,1,0,0,10.2,12.4,85.8,8,2,1,0,3
12,0,5,0,0,9.7,16.2,35,6,3,1,0,2
22,0,9,0,0,10.4,24.9,68.3,3,4,1,0,2
6,5,4,0,48.3,1.7,14,59.3,2,2,1,0,10
19,2,6,1,0,10.1,20.7,68.4,8,2,1,1,3
8,3,6,0,0,10.1,22.7,39.4,8,3,1,0,4
17,2,4,0,0,10,14.9,34.9,9,3,1,0,3
9,0,10,0,0,10.3,14.2,79.6,8,3,1,0,3
11,1,10,0,24.7,5.8,21,32.4,7,2,1,0,6
15,4,2,0,0,9.9,8,84.6,6,4,1,0,1
12,6,2,0,41.4,2.6,6.5,53,7,2,1,0,4
22,3,2,0,0,10.2,7.5,48,1,2,1,1,0
12,6,2,0,0,9.5,11.7,56.5,8,2,1,0,2
22,3,5,0,44.7,1.8,16,13.8,2,3,1,0,2
3,4,11,0,14.7,7.4,10.2,18.8,3,3,1,1,4
16,1,10,0,0,10.3,17.1,63.3,7,3,1,1,3
10,3,6,0,21.8,5.7,23.1,35.2,7,3,1,0,5
10,3,8,0,36.9,3.6,25.5,1.8,6,3,1,0,3
15,6,1,0,0.7,9.7,9.5,70.4,7,4,1,0,3
10,1,8,0,9.6,8.5,23.6,87.5,7,4,1,0,2
8,2,7,0,0,9.9,29.5,34.9,7,4,1,1,3
10,1,11,0,0,9.5,9.7,10.7,5,3,1,0,1
4,6,8,0,30.2,4.5,25.8,72.6,3,3,1,0,5
11,3,11,0,0,10.2,10.6,34.9,5,3,1,0,0
5,6,8,0,0,9.5,24.5,36,3,3,1,0,1
6,2,2,0,12,8.2,7.4,4.4,4,3,1,0,3
14,3,5,0,0,10.1,21.5,40.7,7,2,1,0,3
17,4,10,0,0,10,19.2,71,8,3,1,0,7
3,2,12,1,29.9,4.8,6.5,87,3,2,1,0,8
8,1,6,0,0,10.2,23.8,83.8,8,3,1,0,5
7,3,12,0,0,10.1,6.6,22.5,9,4,1,0,4
5,4,8,0,0,10.4,28.2,11.9,1,3,1,0,1
21,0,5,0,40.1,2.6,19.9,55.7,2,2,0,0,3
9,3,3,1,14.5,7.1,10.8,65,6,3,1,0,4
23,2,6,0,0,10.3,26.7,31.2,1,3,1,0,0
7,1,1,0,0,9.6,9.3,89.3,7,3,1,0,1
6,5,10,0,0,10.1,21.4,15.3,3,3,1,0,3
15,6,5,0,0,10.5,19.7,49.2,5,3,1,0,1
15,1,10,0,2.8,9.9,17.8,9.4,6,3,1,1,2
21,4,2,0,0,10.4,8,68.9,3,4,1,0,0
9,6,12,0,0,9.8,12.2,70.3,7,3,1,0,2
23,0,11,0,9.7,8.7,13.4,2.4,3,3,1,1,3
5,1,5,0,0,10.2,20.8,69.9,1,4,0,0,3
3,2,2,0,16.6,7.5,11.9,54,2,3,1,0,1
15,3,3,0,0,9.7,14.3,19.7,7,3,1,0,0
8,0,11,0,0,10.3,12.1,84.7,8,3,1,0,4
5,6,3,0,0,9.7,14.9,53.4,3,2,1,0,1
21,2,1,0,10.4,8.4,8,37.8,2,2,1,0,7
9,1,12,0,8.4,8.3,11.6,58,7,2,1,0,3
8,4,12,0,0,9.8,13.1,28.4,8,3,1,0,2
3,0,9,1,0,9.9,25.9,36,1,4,1,0,4
19,3,3,0,0,10.4,11,39,10,2,1,0,3
22,5,12,0,0,10,12.4,23.5,3,2,1,0,3
9,0,7,1,0,10.4,27.8,81.3,5,2,1,0,7
19,1,10,0,0,9.7,17.1,65.8,8,4,1,0,1
11,1,7,0,0,10.1,24.4,81,6,4,1,0,1
2,6,9,0,0,9.6,20.3,39.8,3,3,1,0,1
2,1,8,0,0,10.3,29.5,82.9,2,4,1,0,1
18,6,9,0,0,10,22.2,60.9,7,3,1,0,4
5,0,7,0,0,9.7,27,44.3,2,2,1,0,0
1,6,6,0,0,10.5,26.9,50.2,4,4,1,0,3
18,2,1,0,40.4,2.8,11.3,60.7,8,3,1,0,3
19,3,4,0,34.8,4,18.8,2.5,10,3,1,0,4
4,1,8,0,0,10.2,24.6,27.9,2,2,0,0,0
7,1,3,0,0,10.2,9.2,44.9,8,4,1,0,1
3,4,3,0,29.7,5,12.8,8.6,1,3,1,0,3
15,5,12,0,3,9.3,11.9,18.9,7,4,1,0,0
5,4,1,0,22.3,6.4,8.4,59.3,1,2,1,0,5
8,0,11,0,21.1,6.2,14.4,41.4,8,4,1,0,3
21,0,10,1,0,9.8,14,79.4,1,3,1,0,2
14,5,1,0,0,10.4,12.7,2.5,6,3,1,0,1
18,6,1,0,0,10.3,5,38.9,6,3,1,0,3
12,0,1,0,0,10.3,12,12.9,5,3,1,1,1
16,4,2,0,0,10,9,28.7,6,3,1,0,3
15,3,10,0,4.4,8.7,19.3,33.7,5,2,1,0,0
6,2,6,1,0,10.4,20.9,52.9,1,2,1,0,0
6,2,6,0,22.7,6,20.9,59.9,3,2,1,0,3
10,2,11,0,0,9.9,15.9,25.3,6,3,1,0,3
21,2,6,0,0,9.6,24.5,61.9,4,3,1,0,0
3,1,6,0,0,9.5,26,57.4,3,3,1,0,4
18,3,9,0,0,9.9,25,24.1,10,2,1,1,5
18,1,6,0,0,10.4,19.1,38.4,8,3,1,0,5
9,4,10,0,0,10.4,20.8,74.3,7,3,1,0,2
1,2,9,0,0,10.4,22.2,22.2,2,3,1,0,0
7,0,8,0,0,9.8,26.1,65.5,8,2,1,0,2
6,1,7,0,0,9.8,29.4,71.8,3,3,1,0,2
4,0,1,0,0,10.3,9.1,73.7,1,2,1,0,0
7,5,6,0,0,9.6,23.5,11.5,3,3,1,0,4
10,0,4,0,9.4,8.7,11.6,3.1,6,3,1,0,6
17,6,3,0,0,10.3,9.3,37.3,7,2,1,0,3
12,6,6,0,0,10.4,21.3,75,8,3,1,0,3
23,2,5,0,0,10,16.4,60.5,2,3,1,0,1
6,4,8,0,0,10.3,28.6,41.3,3,2,1,0,0
15,2,11,0,0,10.3,14.8,17.2,5,3,1,0,4
7,0,6,0,2.5,9.4,19.6,15.9,9,3,1,0,2
23,0,7,0,0,9.6,29.2,6.9,3,2,1,0,0
23,3,9,0,0,9.7,24.7,48.9,1,2,1,0,0
10,3,10,0,0,9.8,20.2,70.2,7,2,1,0,2
22,0,1,0,0,10.4,5.7,16,2,2,1,0,1
22,6,10,0,0,10.1,18.1,41,3,2,1,1,2
5,2,8,0,0,10.5,24.7,49.2,3,4,0,0,2
2,0,5,0,0,10.4,19.9,39.3,1,3,1,1,2
21,1,9,0,0,10.1,24.9,30.6,4,3,1,0,0
23,3,1,0,24.5,5.4,12.8,23.8,3,2,1,0,6
17,0,10,0,0,10.2,20.6,25.4,9,4,1,0,4
14,4,10,0,0,9.6,15.1,68.9,6,3,1,0,3
0,5,10,0,0,9.7,19.9,14.9,4,4,1,0,5
14,6,8,0,0,9.8,28.9,22.8,6,4,1,0,0
11,4,9,0,0,9.9,21.5,6,7,3,1,0,1
7,1,9,0,0,9.7,22,11.9,7,2,1,0,1
9,1,3,0,0,9.6,14.9,11.3,9,2,1,1,3
4,1,12,0,0,10.1,8.5,28.8,2,2,1,0,0
23,2,11,0,0,10,11,34.8,2,3,1,0,2
7,4,9,0,0,10.1,19.3,83.8,9,2,1,0,3
1,0,7,0,0,10,25.2,59.6,2,2,1,0,2
9,2,2,1,0,10.3,13.4,8.8,7,3,1,0,0
9,6,2,0,0,10,10.6,50.8,7,2,1,0,3
15,2,6,0,0,9.8,20.6,62,5,2,1,0,1
14,2,4,0,8.4,8.4,18.1,16.6,6,2,1,0,0
13,3,5,0,0,10.4,19.9,88.6,6,4,1,0,1
15,3,9,0,0,10,22,11.6,5,3,1,0,2
13,0,9,0,3,9.3,21.1,11.3,5,3,1,1,4
8,3,7,0,0,10,29.5,49.4,7,2,1,0,4
12,0,5,0,0,10.4,17.9,84.9,6,2,1,0,0
18,6,11,0,13.3,7.9,11,43.2,6,4,1,0,6
21,1,2,0,0,9.8,13.4,38.7,3,4,0,0,3
22,1,1,0,0,10.4,12.9,24,3,3,1,0,2
4,3,8,0,0,10.4,22.4,83.3,3,3,1,0,2
1,0,8,0,0,10.3,25.3,2.9,1,4,1,0,0
5,6,12,0,0,9.5,6.8,23.1,3,3,1,1,2
13,5,12,0,0,10,13.8,71.8,8,2,1,0,3
15,3,2,0,0,9.9,6.8,78.2,6,3,1,0,2
16,5,4,0,0,10.4,11.2,9.5,7,4,1,0,3
20,4,2,0,0,10,13.9,17,3,3,1,1,4
12,2,12,1,0,9.6,7.4,71.4,5,2,1,0,5
11,1,5,0,0,10.4,15.5,87.9,7,3,1,1,5
2,4,10,0,0,9.6,14.2,8.6,2,4,1,0,5
14,5,4,0,0,10.2,18.1,11.1,7,3,1,0,1
14,2,4,0,0,10.4,15.1,72.5,5,4,1,1,3
1,0,2,0,0,10.3,8.1,69.6,2,2,1,0,3
2,1,1,0,0,10,5.9,8.7,3,4,0,0,1
22,4,11,0,3.2,8.9,16.6,11.3,2,2,1,0,1
15,2,4,0,36.9,3.6,13.4,71.8,7,3,1,0,5
23,3,12,0,49.6,0.8,7.2,27.1,2,4,1,0,4
0,2,10,0,48.9,1.1,17.7,51.3,3,2,1,0,3
17,1,2,0,0,9.9,7.6,42.3,9,4,1,0,2
18,5,1,0,19,6.7,6.4,1.1,6,3,1,0,8
0,3,7,0,0,9.5,26.8,79.2,2,3,1,0,2
12,3,6,0,0,9.9,25.1,1,6,2,1,0,1
12,6,4,0,0,10.5,15.4,34.5,7,4,1,0,3
22,0,12,0,5.1,8.7,8.7,34,2,2,1,0,4
7,5,11,0,45.4,1.9,16.7,25.3,3,4,1,0,5
1,4,4,0,36.2,3.7,14.9,22.7,3,3,1,0,3
23,3,12,0,0,10.2,13.4,83.5,3,3,1,1,1
10,0,1,0,0,10.1,6.6,8,5,3,1,0,2
11,6,1,0,0,9.8,10.4,55.9,7,3,1,0,3
9,2,11,0,44.8,1.7,10.6,35.2,9,4,1,0,5
7,5,2,0,14.2,7.5,7.7,47.5,2,2,1,1,10
19,1,5,0,0,10.3,21.4,48.4,9,4,1,0,0
8,0,8,0,0,10.3,27.2,84,8,4,1,0,3
8,3,12,0,19.7,6.6,6.3,42.7,8,3,1,0,5
12,3,11,0,0,10.1,15.3,61.7,6,2,1,0,3
21,2,5,0,39.5,2.9,18.7,32,3,2,1,0,4
17,0,10,0,0,9.9,20.6,74,9,2,1,0,7
11,4,7,0,0,9.8,25.5,49,5,3,1,0,2
6,5,6,0,0,9.7,21.3,19.9,3,4,1,0,2
23,1,1,0,0,9.8,9.2,85.6,2,2,1,0,2
2,6,3,0,0,9.5,14.3,78,3,2,1,1,4
7,5,11,0,37.5,3.5,9.2,75.8,3,3,1,0,8
23,1,2,0,18.3,7.1,9.2,40,3,3,1,0,4
6,2,10,0,0,10.3,14.4,1.7,4,3,1,0,2
18,5,7,0,0,9.9,26.3,83.3,6,3,1,0,8
9,5,4,0,0,9.7,14.4,17.5,6,3,1,1,4
17,5,10,0,0,10.2,14.9,45.8,6,2,1,1,6
17,2,6,0,0,10.4,25.7,38.3,9,3,1,0,3
3,5,10,0,44.7,2.1,19.7,41.7,2,2,1,0,5
18,2,7,0,0,10.1,25.4,14.3,8,2,1,1,2
10,5,11,1,0,10.1,14.8,52.5,6,3,1,0,1
14,5,4,0,33.9,3.9,16.6,15.9,7,3,1,1,4
16,2,12,0,0,10.1,13.3,46.6,7,3,1,0,1
7,2,6,0,0,10.4,26.2,40.8,7,2,1,0,3
6,6,5,0,0,10.2,22.6,2.4,4,2,1,0,3
19,6,6,0,0,10.4,19.4,65,7,3,1,0,4
4,2,3,0,0,10.2,13.6,2.6,1,3,0,0,3
1,3,3,0,0,10.4,12,26.7,2,4,1,0,2
20,3,1,0,5.5,9.5,9.9,79.7,3,4,1,0,0
21,6,4,1,0,10.4,12.3,75.3,3,3,1,0,5
19,0,6,0,0,9.8,26.8,4.9,8,4,1,0,3
21,5,10,0,31.1,4.4,15.8,65.8,3,2,1,0,5
15,1,7,0,0,10.5,27,46,6,2,1,0,1
13,6,6,0,0,9.7,24.4,53.4,7,3,1,0,1
18,2,8,0,0,10.4,28.5,32.8,9,2,1,0,1
1,1,1,1,0,10.3,7.8,82.1,3,4,1,0,4
12,1,6,0,0,10.4,26.9,17.3,6,2,1,1,1
11,5,2,0,0,10.3,10.2,8.1,6,2,1,0,0
14,2,12,0,0,9.9,9.5,63.5,6,3,1,0,6
17,5,8,0,0,10.2,26.5,23.5,5,3,1,0,6
19,3,6,0,0,9.8,21.3,84.1,10,3,1,0,1
8,3,8,0,0,9.6,28.3,58.6,7,3,1,0,1
9,6,9,0,0,10.5,21.1,88.3,7,4,1,0,4
14,6,9,0,0,9.8,19.9,47.6,8,3,1,0,1
13,3,7,0,0,9.6,29.7,23.8,7,3,1,0,1
2,4,12,0,0,10.2,10,68.7,2,2,0,0,1
20,1,5,0,0,10.4,20.5,19.1,2,3,1,0,0
9,0,4,0,0,10.4,15,74.7,8,3,1,1,7
21,4,8,0,0,9.8,22.4,65,4,3,0,0,2
5,6,4,0,0,9.6,13.3,30.7,2,2,1,0,2
4,6,5,0,0,9.6,18,34.4,2,3,0,1,4
18,4,9,0,0,10.4,24.6,63.2,10,3,1,0,8
19,2,4,0,0,9.6,12.3,38.4,10,4,1,0,3
17,1,3,0,0,10.1,13.6,69.3,9,4,1,0,4
16,1,8,0,0,10.4,24.6,65.7,7,2,1,0,0
6,2,10,0,0,10.4,19.7,48.9,3,3,1,0,1
2,4,1,0,39.9,3.2,12.7,5.5,3,3,1,0,6
12,6,1,0,0,9.8,12.4,75.4,7,3,1,0,1
13,5,8,0,0,9.9,28,86.4,6,2,1,0,5
0,6,2,0,39.9,3.2,13.9,16.1,2,2,1,0,3
19,4,11,0,33.5,3.7,13.6,15.6,8,3,1,0,9
23,2,8,0,0,9.7,29.9,0.2,1,2,1,0,3
6,1,3,0,0,10.4,11.6,84.6,3,2,1,0,3
17,3,4,0,30.3,4.6,16.7,83.2,9,3,1,1,5
20,5,6,0,43.8,2.1,24.6,57.6,3,3,1,0,5
9,4,9,0,0,9.5,18.9,71.3,9,3,1,0,1
9,1,7,0,0,10,24.9,38.2,8,3,1,0,4
17,4,8,0,0,10.3,28.2,71.2,10,2,1,0,7
16,2,8,0,0,10.1,29,2.1,6,2,1,0,1
16,1,4,0,0,10.2,17.4,33.6,5,2,1,0,0
5,2,8,0,0,9.8,26.6,12.9,3,3,1,1,1
15,0,9,1,0,10.1,24.3,6.4,4,2,1,0,1
4,2,4,0,0,9.5,15.5,79.9,1,3,1,0,1
11,3,11,0,26.5,5.6,9.7,43.3,6,4,1,0,1
0,2,3,0,46.6,2.1,8.1,65.2,3,4,1,0,5
7,2,2,0,0,10.2,10.6,16.5,7,3,1,0,3
5,3,5,0,0,10.4,17.2,19.7,2,3,1,0,1
18,4,5,0,0,10,20.9,77.3,9,3,1,0,4
18,5,10,0,0,9.9,21.9,77.8,7,3,1,0,4
20,2,1,0,24.5,5.7,8.9,19.2,3,4,1,0,4
14,2,6,0,0,9.8,20.9,84.8,7,3,1,0,3
1,1,10,0,0,10,15.4,1.9,1,2,1,0,0
22,2,8,0,34.2,3.7,29.2,51.8,3,3,1,0,4
5,1,5,0,27.4,5,22.3,68.6,1,4,1,1,2
13,4,4,0,0,10.1,15.7,5.9,6,3,1,0,4
0,5,6,0,0,10,21.9,72.6,3,4,1,0,0
12,6,9,0,0,9.9,21.7,4.9,7,2,1,0,1
11,3,1,0,28.6,5.1,7.4,36.2,6,3,1,0,2
5,2,4,0,0,10.3,15.7,40.3,1,2,1,0,1
15,3,10,0,0,10.4,15.6,23.4,7,3,1,0,2
6,5,3,0,0,9.6,12.8,80,3,4,1,0,2
11,0,2,0,0,9.5,12.2,37,6,3,1,0,0
7,3,9,0,0,9.6,20.4,53.6,7,2,1,1,3
1,2,5,0,0,10.4,19.2,64.3,1,3,1,0,3
15,0,1,0,0,10.4,9.8,11.1,5,4,1,0,1
10,2,3,0,44.3,2.3,10,29.5,6,2,1,0,2
20,1,4,0,0,9.6,16.7,15.8,2,2,1,0,0
19,6,11,0,0,9.8,11,61.3,5,2,1,0,1
9,5,3,1,0,9.8,13.9,52.6,5,2,1,0,2
9,3,7,0,0,10,26.4,63.2,7,3,1,0,7
12,0,1,0,0,10.1,9.3,7.6,6,3,1,1,5
18,3,2,0,0,10.2,8.9,79.3,8,3,1,0,3
6,3,4,0,36.4,3.3,18.5,25.5,3,3,1,1,2
19,5,12,0,0,10.1,6.3,34.4,7,3,1,0,3
21,5,4,0,0,9.5,17.4,42.1,4,2,1,0,3
10,0,11,0,0,9.9,10.7,47.9,7,3,1,0,4
8,1,9,0,6.5,9,24.9,6.9,9,3,1,0,5
11,1,8,0,0.9,9.6,23.3,71.3,6,4,1,0,3
20,4,12,0,0,9.9,7.5,72.8,3,3,1,0,1
7,4,7,0,0,10.4,25.1,54.5,9,3,1,0,1
9,4,9,0,19,6.3,21.5,88.5,8,2,1,0,3
8,1,1,0,0,9.9,6,68.4,8,3,1,0,4
18,2,8,0,0,10.4,29.4,23.1,9,3,1,0,6
5,6,7,0,0,9.6,26,23.6,2,3,1,0,3
15,0,10,0,0,10.4,19.7,33.6,7,4,1,0,2
3,0,7,0,0,9.9,26.2,18.9,2,3,1,0,2
3,4,3,0,0,10.4,8.2,13,2,3,1,0,3
2,5,7,0,0,9.9,27,22.1,3,2,1,0,6
1,3,2,0,0,9.8,9.4,58.2,3,3,1,0,0
15,2,10,1,0,10.4,14.3,19.5,4,3,1,0,0
16,5,5,0,0,10.3,16.7,61.3,5,2,1,0,3
6,2,5,0,0,9.8,16.6,44.5,4,4,1,0,1
6,3,1,0,0,10.1,7.5,78.7,3,3,1,0,0
8,6,5,0,0,10.2,17.9,0.5,2,4,1,1,2
13,2,7,1,0,10,25.9,28.8,4,3,1,0,0
22,3,11,0,0,10.3,11.3,71.8,3,3,0,0,2
12,2,3,0,22.6,6.2,15.2,66.4,5,2,1,0,7
23,2,1,0,29.6,4.6,11.3,62.1,2,3,1,0,2
17,6,3,0,12.2,7.9,9,16.6,6,4,1,0,4
15,6,3,0,0,9.7,15.8,71.9,7,2,1,0,4
0,6,11,0,0,10.3,11.9,40.7,3,2,1,0,4
2,0,3,0,33.5,3.8,14.3,13.5,1,2,1,0,6
3,6,12,0,0,10,12.3,28.4,3,2,0,0,2
11,6,2,0,0,10.4,6.9,33.3,6,3,1,0,1
4,0,10,0,16.8,7.2,19.9,57.7,2,3,1,0,5
10,2,9,0,0,9.7,21.1,20,7,4,1,0,3
0,3,6,0,9.7,8.4,19.7,50.9,2,3,1,0,5
19,6,12,0,0,10,7.1,12.8,6,2,1,0,8
10,1,11,0,45.7,1.8,11.7,31,6,2,1,0,8
6,4,12,0,0,9.6,6.8,41.5,3,3,1,0,2
20,0,9,1,0,9.8,24.4,29.3,2,2,1,1,3
9,6,8,0,0,10.2,29.9,17,7,3,1,0,2
6,6,2,0,0,10.3,12.1,56.7,2,2,1,0,3
3,2,11,0,26.8,5.3,13.2,73,3,3,1,0,5
21,1,6,0,0,10.4,20.6,28.2,4,2,1,0,0
22,1,4,0,0,9.6,14.9,63.2,1,4,1,0,4
5,0,7,0,0,10,28.8,42.1,2,4,1,0,0
0,3,5,0,0,10.5,17.3,80.2,2,4,1,0,2
15,1,10,1,0,10.1,21,61.4,3,2,1,0,2
12,0,12,0,34.6,4.2,9.1,70.6,6,2,1,0,4
21,0,7,1,0,9.9,26.4,14.1,2,3,1,0,2
3,6,9,0,0,10.2,24.3,89.6,3,3,1,0,4
8,0,8,0,0,10.1,28,86.3,9,3,1,0,5
20,4,9,0,25.1,5.8,20.3,17.4,3,3,1,1,7
0,2,4,0,0,10.2,11.1,52.4,1,3,0,0,1
21,6,8,0,0,10.3,28.7,57.3,3,2,1,0,0
19,6,1,0,41.8,2.2,5.3,60.2,5,2,1,0,6
5,2,6,1,0,9.6,21,66.9,2,3,0,0,3
4,4,3,0,0,10.2,10.8,28.6,3,2,1,0,4
0,4,7,0,0,9.9,25.1,66.7,2,2,0,0,6
5,0,8,0,0,10.1,29,70.5,1,2,1,0,1
17,2,3,0,0,10.1,8.9,52,8,4,1,0,0
18,0,8,0,0,9.8,25.8,37,10,3,1,0,4
4,6,9,1,0,10.3,23.2,25,2,3,1,0,2
12,4,8,0,0,10.5,28.4,62.8,7,3,1,0,4
11,4,3,0,0,10,8.6,58.3,6,4,1,0,1
2,6,6,0,0,10.5,20.5,77.1,3,3,1,0,2
18,0,3,0,17.8,6.7,14,35.9,9,2,1,0,4
22,2,11,1,0,9.7,15.2,6.9,2,2,1,0,6
7,6,8,0,0,9.8,29.4,36.9,2,3,1,0,3
1,4,5,0,0,9.7,19,5.1,2,3,1,0,2
2,3,10,0,0,10.4,14.8,61.2,2,2,0,0,1
7,0,12,1,0,9.7,12.1,11.1,6,3,1,0,7
14,0,9,0,0,9.9,20.2,59,6,3,1,0,2
22,3,1,0,0,10.4,11.7,56.9,2,4,1,1,1
20,2,11,0,0,10.4,14.3,67.4,4,3,1,0,1
5,4,4,0,0,10.4,12.2,73.4,3,3,0,0,4
19,4,10,0,0,10,16.9,33.8,9,3,1,0,1
8,2,9,0,0,9.7,19.8,72.6,9,3,1,0,1
7,2,9,0,0,10.3,25.4,58.4,9,2,1,0,8
22,5,11,0,0.6,9.4,10.5,49.1,2,2,1,1,3
7,0,5,1,41.8,2.1,22.5,45.6,7,3,1,0,8
10,5,12,0,9.2,8.8,9,74.1,8,2,1,1,3
10,2,9,0,0,10,19.9,32.3,7,3,1,0,1
22,5,8,0,0,10.1,29.3,62.2,3,3,1,0,3
15,4,8,0,49.5,0.7,28.8,70.4,7,3,1,0,6
9,5,7,0,0,9.8,26.8,3,7,3,1,0,3
7,1,12,0,0,10.5,13.4,31.3,8,4,1,0,4
17,1,12,0,0,9.9,7.3,27.6,9,3,1,0,1
16,1,5,0,0,9.5,19.8,16.2,6,4,1,0,0
15,5,1,0,0,10.2,10.8,77.4,5,3,1,0,8
11,1,5,0,4.3,9.3,18.4,58.7,6,2,1,0,2
20,5,5,0,0,9.8,21,66.5,2,3,1,0,1
2,0,9,0,0,10,18.2,60,2,3,1,0,2
22,1,11,1,0,10.2,10.8,25.9,1,4,1,0,2
21,0,9,0,39.2,3,24.2,31.1,4,3,1,0,3
11,3,8,0,0,10.5,29.3,69.7,6,4,1,0,3
9,4,1,1,0,10.4,7.7,72.5,6,2,1,0,2
8,0,1,0,0,10.3,5.8,17.6,7,3,1,0,4
15,2,9,0,0,10.1,21.3,67.8,5,4,1,0,0
11,4,4,0,0,10.3,13.4,59.3,7,4,1,0,3
11,6,2,0,0,9.6,6.7,37.5,8,2,1,0,2
6,5,5,0,0,10,22.5,69.7,4,2,1,0,3
0,3,5,0,0,10.4,15.6,62.2,3,3,1,0,2
15,0,5,0,0,9.7,18.7,78.5,7,3,1,0,1
1,6,6,0,40,2.4,24.6,68.9,2,4,1,0,11
16,3,6,0,21.1,6.1,24.7,39.5,6,3,1,0,8
17,2,7,0,0,9.8,27.9,25.5,8,3,1,1,2
22,2,2,0,0,9.7,8.3,56.8,2,3,1,0,1
21,0,11,0,0,10,9.4,57.5,2,2,1,0,1
9,4,12,0,0,10.1,11.5,48.1,7,3,1,0,5
1,0,6,0,0,9.6,22.5,32.3,2,3,1,0,2
15,1,3,0,27.3,4.7,11.8,32.5,6,4,1,0,4
5,2,6,0,0,9.6,21.3,61.9,1,3,1,0,0
16,5,3,0,38.5,2.6,9.8,11.1,6,2,1,0,3
1,6,6,0,0,9.7,24.2,81.3,3,3,1,1,4
6,0,7,1,0,10,29.5,38.6,3,4,1,0,3
14,1,10,0,0,10,15.4,5.8,5,3,1,0,0
13,1,7,0,0,10.2,24.9,43.4,6,4,1,0,1
19,6,9,0,0,9.6,26,87.1,7,4,1,0,8
14,0,10,0,0,9.6,14.5,15.1,5,4,1,0,1
8,3,1,0,0,9.5,13,56.1,9,3,1,0,4
14,1,5,0,0,10,19.8,18.8,7,2,1,0,2
9,2,2,0,0,10.2,9,32.5,7,3,1,0,4
20,0,3,0,43.1,2.7,15.5,70.5,3,3,1,0,1
21,5,3,0,0,10.2,12.5,37.3,3,3,1,0,0
22,3,7,0,0,9.8,26.3,53.9,1,3,1,0,1
16,0,3,0,0,10.1,11,14.1,5,3,1,0,0
8,4,6,0,0,9.8,22.3,84.5,7,3,1,0,5
9,0,4,0,1.3,10.2,12.7,52.6,7,2,1,0,5
13,3,12,0,0,10.4,9.5,74.9,6,4,1,0,1
21,3,7,1,0,9.9,23.4,52.2,1,2,1,1,1
23,2,3,1,0,10.1,14.5,85.6,1,3,1,0,5
12,3,3,0,0,10,13.2,23.5,6,3,1,1,2
0,6,11,0,0,9.7,10.1,79.2,3,2,1,0,1
18,4,11,0,0,9.7,9.2,66.1,8,3,1,1,8
8,5,3,0,0,9.6,14.7,85,2,2,1,0,0
2,0,3,0,0,9.6,13.2,37.6,2,2,1,0,1
23,5,11,0,0,9.8,13.4,65.9,4,3,0,0,4
5,5,7,0,0,10.4,27.6,86.3,2,3,1,0,1
16,1,12,0,0,10.2,8.4,4.7,5,2,1,1,2
8,6,9,0,25.1,5.2,21.8,1.9,2,3,1,0,6
23,4,11,1,0,10.2,12.5,66.5,3,3,1,0,4
10,3,2,1,36.3,3.4,13.8,46.5,4,2,1,0,3
11,0,4,0,0,9.9,15.6,44.9,7,2,1,0,0
4,6,9,0,0,9.7,23.3,50.6,3,2,1,0,1
8,6,8,0,0,9.6,25.9,70.7,2,3,1,0,3
15,6,6,0,4.5,8.7,25.7,80.3,6,3,1,0,2
13,6,6,0,0,9.9,25.3,23.2,6,3,1,0,1
2,5,6,0,0,10,21.3,71.1,3,2,1,0,1
14,1,11,0,0,9.8,13.1,11.1,6,3,1,0,0
22,2,12,0,0,10.3,13.5,74.8,2,3,1,0,1
7,1,12,0,0,9.8,8.3,30.5,7,3,1,0,3
7,4,10,0,0,9.8,16.1,35.9,7,2,1,0,5
2,6,8,0,0,9.8,22.1,63.3,4,2,1,0,2
2,6,7,0,18.5,7.1,28.3,62.6,2,2,1,0,3
8,1,12,1,0,9.9,7.9,87.7,6,3,1,0,5
18,0,9,0,0,9.8,23.2,89.6,9,3,1,0,4
3,2,8,0,0,9.8,29,35.4,2,2,1,0,2
21,1,5,0,0,10.2,22,74.6,2,3,1,1,1
0,6,11,0,0,9.6,15.2,43.7,2,3,1,0,3
10,6,3,0,40.6,2.9,14.5,61,6,3,1,0,3
15,2,10,0,0,10.2,16,4.5,7,4,1,0,1
5,4,7,0,0,9.6,24.9,85.2,3,2,1,0,0
9,5,10,0,0,9.8,17.9,80.4,8,2,1,0,3
5,0,3,0,40,3,8.1,74.6,1,3,1,0,5
12,0,10,0,0,10,15.8,78.6,7,4,1,1,3
0,5,4,0,34.1,3.8,15.2,11.1,2,4,0,1,4
6,6,9,0,0,9.9,21.9,12.6,3,4,1,0,2
7,1,8,0,0,9.8,25.8,65.2,8,2,1,0,1
15,4,2,0,0,9.8,10.8,10.5,6,3,1,0,2
2,3,2,0,0,9.8,9.1,59.7,1,3,1,0,1
5,0,3,0,0,9.5,11.1,58,3,4,1,0,1
18,4,6,0,0,10.3,25.5,6.9,9,4,1,0,7
20,1,6,0,0,10.3,26,61.4,3,2,1,0,0
9,6,3,0,0,9.9,15,45.6,6,3,1,0,2
16,3,3,0,0,10.3,10.9,63.3,6,3,1,0,3
3,1,10,1,22.2,6.2,20.7,45.2,1,2,1,0,4
17,5,4,0,0,9.8,18,15.6,7,4,1,0,4
15,2,5,0,0,10.4,19,59.1,5,3,1,1,2
1,3,1,0,0,10,9.9,45.8,2,3,1,0,0
16,6,6,0,0,10.5,22.8,87.2,6,3,1,0,0
3,1,6,0,0,10,21.3,4.5,1,3,1,1,4
21,1,3,0,0,9.8,12.2,30.5,2,3,1,0,1
21,0,9,0,0,9.7,20.1,62.6,3,2,1,0,0
4,3,3,0,0,10.1,15.9,33.6,3,4,0,0,2
14,6,1,0,0,10,5.8,17.5,6,2,1,0,1
16,1,2,0,30.9,4.8,7.1,1.2,6,2,1,0,4
19,4,3,0,20.8,6,15.3,59.8,9,3,1,1,8
22,5,8,0,0,9.9,26.7,50,3,3,1,0,3
8,3,12,0,6.1,8.7,8.6,21.9,8,4,1,0,3
22,2,12,0,0,10.1,13.7,54.8,1,2,1,1,1
21,1,7,0,0,9.8,24.2,1.2,4,3,1,1,5
23,2,9,0,0,9.9,21.9,20.9,1,3,0,0,4
18,6,10,0,0,9.9,19.6,73.5,5,2,1,1,3
5,0,8,0,0,10.2,29.9,77.7,1,3,1,1,1
6,0,3,0,16.2,7,12.2,80.6,4,3,1,0,3
23,5,5,0,0,9.7,18.7,24.6,3,2,1,0,5
8,0,1,0,0,9.5,5.3,69.6,9,3,1,0,3
17,4,12,0,0,10.3,13.5,31.3,9,3,1,0,3
15,6,1,0,0,10.1,11.3,44.7,5,2,1,0,1
18,3,7,0,31.9,4.7,26.6,86.1,10,4,1,0,12
9,5,6,0,0,9.9,21.2,31.7,7,4,1,0,5
12,4,8,0,0,9.6,28.1,86.1,6,3,1,0,1
18,1,6,0,0,9.7,21.3,0.8,9,3,1,0,3
20,3,5,0,0,10.4,20.9,36.9,4,2,1,0,0
18,6,10,0,0,10,17.9,33.4,6,2,1,0,1
3,3,5,0,31.9,4.4,19.3,68.5,2,3,1,0,5
3,5,5,0,0,10.4,21.4,63.1,3,2,1,0,4
17,4,1,0,0,9.8,8.6,37.8,9,4,1,0,3
23,5,10,0,0,10.5,21.9,45.5,4,3,1,0,1
20,5,12,0,0,9.8,9.6,60,4,3,1,0,3
23,0,4,0,40.8,2.5,18.4,23.9,2,2,1,0,2
3,4,3,1,0,10.1,11.7,77.3,3,2,1,0,10
1,1,3,0,0,10,15.3,84,3,3,1,1,1
17,1,9,0,0,9.7,19.5,54.8,10,2,1,0,6
16,3,12,1,41.8,2.4,11.2,17.9,5,3,1,0,3
9,0,1,0,0,10.1,9.2,47.9,8,2,1,0,5
12,4,10,0,28.5,4.8,21.7,0.8,6,3,1,0,6
13,0,3,0,0,9.8,8.1,55.9,6,3,1,0,1
6,0,6,0,0,10.3,24.4,70.2,3,3,1,0,1
1,1,5,0,0,9.9,21.9,52.7,2,2,1,0,1
15,4,10,0,0,10.2,21.6,70,5,4,1,0,3
23,0,6,0,0,9.7,22.7,14.8,2,3,0,0,2
6,2,11,0,0,10.2,12.7,9.8,4,3,1,0,3
1,2,6,0,0,10.4,22,43.3,2,3,1,0,1
7,3,7,0,0,10.3,22.1,58.7,8,3,1,0,5
23,0,7,0,0,10.3,22.7,20.3,2,4,1,0,1
8,4,11,1,0,9.6,13.3,51.2,6,2,1,0,9
15,6,8,0,0,10.1,29.8,7.7,6,2,1,0,0
8,5,8,0,0,10.1,24.8,69.9,2,3,1,0,4
17,5,1,0,0,10.1,12.4,35,7,3,1,0,6
3,2,3,1,0,10.5,10.3,49.8,3,3,0,0,5
10,0,11,0,0,10.3,11.9,56.5,5,4,1,0,0
4,6,8,0,0,10.4,26.7,49,3,4,1,0,4
22,6,6,1,0,10.2,20.8,20.1,2,3,0,0,3
6,6,5,0,0,9.6,21.5,76.3,2,3,1,0,0
2,2,11,0,0,10,12.8,78.4,2,3,1,0,4
9,3,6,0,0,9.9,26.6,48.6,8,2,1,0,4
18,5,11,0,0,9.6,9.5,63.3,7,3,1,0,6
8,6,12,0,0,10.1,6.6,39.6,3,4,1,0,4
20,5,1,0,0,9.9,12,79.6,3,2,1,0,4
1,1,12,0,0,9.9,10.9,39.5,2,3,1,0,4
6,1,12,0,0,10,6.7,44.6,2,3,1,0,1
16,2,7,0,0,10.3,28.4,8.6,7,3,1,1,8
10,2,3,0,0,10.1,14.5,77.6,7,2,1,0,2
10,0,6,0,0,10.4,24.2,74,6,3,1,0,0
6,4,1,0,11.4,7.7,9.2,76.6,3,2,1,0,3
4,6,8,1,23.5,5.4,24.8,53.4,2,3,0,0,7
8,6,4,0,0,10.1,17.2,85.9,3,2,1,0,5
5,3,3,0,0,10.3,14,55.7,3,3,1,0,1
22,4,1,0,0,9.6,5.3,77.8,2,4,1,0,3
10,2,2,0,0,9.7,8.2,83.2,7,3,1,0,0
5,4,3,0,0,9.6,13.5,17.1,2,3,1,0,1
2,0,9,0,0,10.2,25.2,9.7,2,3,1,0,1
21,4,1,0,9.6,8.3,10.1,30.8,3,2,0,0,6
9,3,4,0,0,10,13.6,44.5,9,2,1,0,3
1,5,12,0,0,10.1,7,12.3,3,2,1,0,3
10,6,6,0,0,9.6,24.8,7.7,8,3,1,0,3
12,3,12,0,47,2,12.6,74.3,5,3,1,0,4
12,6,12,0,0,10.4,6.9,18.4,8,3,1,0,2
13,2,7,0,0,9.5,28.9,11.9,6,3,1,0,2
3,6,5,0,24.7,5.6,22.8,29.6,3,3,0,0,2
12,1,2,0,0,10.5,13,19.5,5,3,1,1,1
8,3,5,0,0,9.9,22.6,34.8,8,2,1,0,7
19,4,12,0,0,10.2,10.2,62.4,9,3,1,0,4
14,5,8,0,0,10,26.3,56.1,7,3,1,0,3
3,6,11,0,0,10.3,11.1,76.6,4,2,1,0,3
2,4,1,0,1.1,9.6,11.1,26.7,3,2,1,0,2
10,1,5,0,0,9.8,22.1,54.6,6,3,1,0,3
6,3,10,0,39,2.8,17.2,9,4,3,1,1,5
7,4,1,0,16.2,7.3,6.2,32.1,8,4,1,0,3
9,3,11,0,0,10,14,48.5,9,4,1,0,0
18,0,6,0,0,10.5,25.5,88.7,8,3,1,0,2
11,0,5,0,0,10.4,20.2,15.9,6,3,1,0,1
16,5,1,0,17.5,6.8,11.4,69.6,6,3,1,0,6
2,5,10,0,0,10,20.3,58.5,2,2,1,0,4
18,4,10,1,0,9.6,14.7,0.9,8,3,1,1,6
19,5,1,0,0,10.5,10.5,56.2,5,2,1,1,9
8,6,11,0,0,9.6,16.7,39.4,3,3,1,0,5
22,6,8,0,0,9.8,25.4,34.6,3,2,1,0,2
6,1,4,0,42,2.7,17.2,53.5,4,2,1,0,0
20,2,4,0,0,10.4,14.6,16.4,4,4,1,0,4
16,1,6,0,0,10,23.8,19.3,5,2,1,0,1
6,4,4,0,0,10.5,18.2,78.5,3,2,1,0,3
17,5,4,0,0,10,15,33.2,6,3,1,0,3
14,6,5,0,0,10.1,15.2,74.5,7,4,1,0,2
19,1,7,1,0,10.5,27.7,78.5,7,2,1,0,6
19,2,10,0,0,10.2,14.2,8.7,9,2,1,0,2
2,6,11,0,0,10.3,17,0.6,2,3,1,0,2
0,0,2,0,38.8,3.2,11.8,44.3,2,2,1,0,4
18,4,4,1,0,10.2,14.7,40.6,6,2,1,0,3
22,2,8,0,0,10.5,24.3,37.7,2,3,1,0,2
16,0,11,1,48,1.7,12.2,76.7,4,2,1,0,3
19,1,6,0,0,10,22.8,83.9,9,3,1,0,6
1,6,3,0,0,9.9,9.6,20.7,3,3,1,0,3
17,3,11,0,0,10.4,11.9,39.1,10,2,1,0,3
10,2,4,0,0,9.9,17,8,7,3,1,0,3
10,1,11,1,34.4,4.2,13.4,79,3,4,1,0,4
4,6,7,0,0,10,22.7,84.3,3,3,0,0,5
17,4,1,0,2.4,9.6,11.7,68.2,9,3,1,0,4
22,2,9,0,0,9.9,21.1,0.8,3,4,0,0,3
8,1,2,0,0,10.1,8.9,78.7,8,2,1,0,3
17,5,6,0,8.6,8.2,22.6,17.1,6,4,1,1,6
18,2,1,0,0,10,5.2,38.3,9,3,1,0,2
17,2,6,0,0,9.9,24.5,0.9,10,3,1,0,3
20,3,11,0,0,10.2,13.7,66,2,3,1,0,2
2,4,11,0,0,9.6,9.7,83,2,3,1,0,6
17,6,9,0,0,9.7,19.8,56.5,5,3,1,0,2
21,5,11,0,0,9.8,15.8,39.7,3,3,1,0,1
6,0,10,1,0,10.2,18.6,79.5,2,3,1,0,1
21,0,1,0,0,9.9,9.1,45,3,4,1,0,2
9,4,5,0,0,10.1,20.5,61,9,3,1,0,9
16,5,7,1,0,10.4,23.5,27.9,4,3,1,0,4
8,5,4,0,0,9.6,11.4,10.8,4,2,1,0,4
11,0,3,0,0,10,16,85,6,3,1,0,2
14,6,2,0,0,10.4,9.4,68.3,6,2,1,0,2
5,1,9,0,0,9.7,21.1,37.9,2,3,1,0,2
13,2,10,0,31.8,4.1,21,63.6,6,3,1,0,2
2,6,9,1,0,10.1,19.1,39.2,2,3,1,1,5
21,1,11,0,9.8,7.8,14.1,53.8,3,4,1,0,3
16,1,3,0,0,10,12.6,64.3,5,2,1,0,3
2,1,10,0,25.9,5.3,15.6,16.5,1,4,1,1,3
14,4,2,0,0,10.4,11.3,70.3,6,2,1,0,5
6,6,11,0,0,9.6,9.9,88.8,4,3,1,0,2
12,3,3,0,0,10.1,8.7,10.6,6,3,1,0,3
13,4,12,0,0,10.4,7.6,83.5,5,3,1,0,1
6,3,8,0,0,10,25.9,30.9,2,4,1,0,3
6,0,6,0,39,3,25.5,61.4,4,4,1,0,4
13,3,5,1,0,9.7,16.7,44,4,2,1,0,3
0,1,11,0,0,9.6,11.1,60.3,1,2,1,0,4
20,1,2,0,0,9.5,11.3,72.8,4,3,1,0,3
5,5,10,0,0,10.1,17.8,65.1,2,2,1,0,3
12,0,6,0,0,10.2,23.8,50.5,7,3,1,0,4
4,2,7,0,0,10.1,24.6,5.8,1,3,1,0,4
19,3,6,0,0,10.1,26.8,59.6,8,2,1,0,2
14,0,9,0,0,10.4,25.1,25.3,6,3,1,0,3
22,1,7,1,0,10.5,24.7,1,2,3,1,0,1
12,3,4,0,0,10.1,17,33.8,6,3,1,1,4
16,2,2,1,48.3,1.7,6.3,24.3,5,2,1,0,4
14,2,3,0,0,10.5,9,51,7,3,1,0,2
4,0,3,1,0,10,9.6,73.4,2,4,0,0,6
18,1,8,1,0,9.8,23.8,41.7,6,3,1,0,3
15,2,6,0,0,9.7,21.4,41.5,7,2,1,0,1
13,2,1,1,0,10.1,11,40,4,4,1,0,1
23,4,3,0,0,10,11,35,2,3,1,0,1
23,2,8,0,0,9.9,27.9,83.1,2,3,1,0,4
13,4,3,0,0,9.9,11.5,89.7,6,2,1,0,2
6,5,12,0,0,10.2,10.2,31.1,2,3,1,0,1
15,1,11,1,20.3,6.1,13.9,58.4,4,2,1,0,3
13,3,12,0,0,9.8,11.4,82.8,7,3,1,0,2
23,0,3,1,0,9.5,10.8,26.7,2,3,1,0,0
16,5,4,0,0,10.5,16.2,85.4,6,2,1,0,1
8,4,4,0,0,9.5,13.1,68.8,9,3,1,0,2
21,4,3,0,0,10.3,12.3,31.5,4,4,1,0,1
21,4,3,0,0,10.4,13.3,79.7,3,2,0,1,4
10,1,2,0,0,10.4,12.8,47.2,7,3,1,1,5
13,6,3,0,0,10.2,8.6,6,7,2,1,0,2
8,1,11,0,0,10.2,14.4,11.8,8,2,1,0,3
16,2,1,0,2.6,9.8,10.1,59.6,7,4,1,0,1
21,1,12,0,20,6.3,13.3,35.8,3,2,1,0,1
16,4,4,0,0,10.2,11.9,25.4,7,2,1,0,2
19,5,6,0,18,7.1,19.4,60.9,7,3,1,0,5
21,0,4,0,0,9.8,17.1,11.2,2,3,1,0,2
10,2,10,0,0,9.5,16.7,6.5,6,3,1,0,2
1,3,4,0,0,9.9,17.2,8.6,2,3,1,0,3
3,0,10,0,41.5,2.8,17.5,80.9,2,2,1,0,5
22,2,1,0,0,10,7.1,18.1,2,4,1,0,2
20,6,2,0,0,10.2,7.4,19.3,2,3,1,0,2
8,6,2,0,33.5,4.2,12.1,67.5,3,4,1,0,7
6,4,7,1,0,9.8,28.4,36,1,3,1,0,1
23,2,7,1,0,10.2,30,69.1,2,3,1,0,7
8,0,8,0,0,9.6,28.5,37.3,9,2,1,0,2
6,1,1,0,7.1,9.2,5.7,33.3,2,3,1,0,2
2,5,9,0,0,10.3,22.6,31.7,3,2,1,0,1
5,5,3,0,34.3,4.1,14.1,68.2,4,2,1,0,4
10,3,8,0,0,10.1,25.9,8.7,5,3,1,0,2
7,4,6,0,0,10.4,19.4,26.8,8,3,1,0,1
6,2,12,0,0,9.9,11.7,60,4,4,1,0,0
7,0,2,0,0,9.5,9.7,9.1,8,3,1,0,4
13,3,10,0,10.5,8.4,20.6,77.2,5,3,1,0,2
3,4,3,0,11.7,7.9,14,82.7,2,4,1,0,3
15,3,7,0,0,9.8,25.7,10.2,7,2,1,0,0
20,3,5,0,0,10.3,21.3,1.4,3,4,1,0,1
13,3,7,0,0,9.7,27.3,87.6,5,2,1,0,2
4,2,6,0,0,9.5,21,55.6,1,4,1,0,0
23,6,9,0,0,10.4,25.5,78.7,2,3,1,1,1
23,3,2,1,2.4,9.1,12.9,11.1,1,3,1,0,3
20,5,11,0,26.8,5.2,13.6,87.5,3,3,1,1,5
1,4,2,0,0,9.6,7.8,53.2,3,3,1,0,3
21,6,11,1,0,9.8,15.2,31.8,1,2,1,0,1
2,1,1,0,0,10.1,6.6,46.3,1,4,0,0,3
15,5,2,0,0,10.3,10.8,75.9,7,2,1,0,2
6,4,12,0,0,10.1,6.9,11.5,2,3,1,1,0
6,0,5,0,0,10.3,17.2,80.1,4,2,1,0,1
14,6,3,0,0,10.2,12.5,27.3,6,2,1,0,2
11,6,11,0,29.2,4.3,11.1,53.9,8,3,1,0,7
9,1,11,0,17.6,7.1,11.4,27.9,8,2,1,1,7
10,4,2,0,0,9.6,6.4,87,5,3,1,1,4
19,5,3,0,0,9.7,8.5,87.1,6,3,1,0,3
4,0,6,0,0,10.2,23.6,74.3,2,2,1,1,3
20,4,10,0,14,7.5,17.8,9.3,4,4,1,0,8
12,3,4,0,0,9.6,11.7,13.6,6,2,1,0,0
8,2,3,0,7.5,8.5,10.4,84.5,7,3,1,0,4
18,5,1,0,19.9,6.2,11.7,2.1,7,2,1,1,4
11,2,11,0,0,10.2,10.7,89.3,7,4,1,0,2
15,2,4,0,0,9.6,16.8,31.3,7,2,1,0,3
15,0,11,0,0,10.2,14.4,35.5,6,3,1,0,1
19,4,6,0,0,10.1,20.9,20.1,9,2,1,0,4
13,2,8,1,0,9.7,24,80.8,4,2,1,0,5
22,1,11,0,0,10.4,13,44.4,1,3,1,1,2
7,6,2,0,0,9.5,12.4,9.8,4,2,1,0,7
21,3,11,0,0,9.8,16.5,70.3,4,3,1,0,1
13,4,6,0,14.4,7.5,21.8,16.1,6,2,1,0,2
13,4,12,0,0,10.3,11.5,13.7,5,2,1,0,1
13,2,3,0,0,10.3,14.7,6.8,5,2,1,0,0
0,3,10,0,0,10.1,18.3,50.4,1,2,1,0,3
15,0,5,1,0,9.6,22.2,2.8,4,2,1,0,4
19,4,3,0,0,9.5,11.1,42.6,10,2,1,0,4
19,1,10,0,0,10,15.8,4.8,9,2,1,0,6
11,0,1,0,0,10.4,9.7,72.7,6,3,1,0,6
15,4,7,0,0,9.9,24.5,6.5,5,2,1,0,3
19,4,12,0,0,10.4,8.4,26.4,9,2,1,0,7
23,1,8,0,11,7.9,28.5,58.8,2,3,1,0,4
1,4,5,0,4.7,9.5,15,61.1,1,2,1,0,4
20,6,11,0,40.1,3.1,15.8,38.2,2,3,1,0,2
2,3,1,0,0,10.4,8.7,42.3,3,4,1,0,1
9,3,12,0,0,9.5,8.8,57.3,8,3,1,1,5
12,1,6,0,19.5,6.7,19.2,82.7,5,3,1,0,0
22,6,6,0,0,10.4,23,77.9,4,3,0,0,5
14,1,2,0,24.5,5.1,7.8,56,5,2,1,0,6
11,2,6,0,0,10.1,21.4,25.8,5,3,1,0,1
4,6,3,0,0,9.5,14.6,48.5,2,3,1,0,4
4,1,9,0,0,9.7,25.4,16.4,1,2,1,0,4
11,0,10,0,0,9.7,17.7,45.5,7,4,1,0,0
4,5,8,1,0,10,28.5,36.4,1,3,1,1,2
14,6,1,0,0,9.5,12.9,71.2,7,3,1,0,1
14,4,8,0,0,10.4,25.6,49.8,7,3,1,0,2
11,5,2,0,0,10,9.6,44,6,3,1,0,0
5,6,8,0,0,10.2,26.8,87.6,2,3,1,0,3
20,3,2,0,1.1,9.4,13.6,62.1,2,3,1,0,2
11,2,4,0,0,9.7,12.6,24.2,7,3,1,0,0
10,4,8,0,0,9.7,28.4,76.6,6,3,1,0,5
3,1,5,0,0,9.6,19.9,44.2,1,4,0,0,1
22,3,2,0,0,10.3,8.4,20.7,2,3,1,0,4
22,2,2,0,1.9,9.4,10.5,56.9,3,3,1,0,4
2,0,1,0,43.4,2.4,9.9,11.9,3,3,1,1,3
9,6,4,0,0,10.3,17.6,78.1,7,3,1,0,1
8,5,12,0,0,9.7,7.6,75.5,2,3,1,0,1
15,3,8,0,0,10.5,25.5,23.6,6,2,1,0,1
9,6,9,0,0,9.8,19.2,85.2,7,4,1,0,5
18,4,1,0,0,10.3,10.8,20.9,8,3,1,0,4
7,2,2,1,0,10.3,6.7,49.5,6,2,1,0,3
20,6,3,0,0,9.8,11.2,64.6,2,4,1,0,2
3,1,2,0,0,10.5,12.1,84.1,2,3,1,0,1
13,4,12,0,0,9.7,13.7,76.6,6,4,1,0,4
2,4,4,0,0,9.7,11.5,50.7,2,3,1,0,2
13,2,6,0,0,10.4,19.5,63.1,6,3,1,0,2
10,0,3,0,0,10.4,12.8,77.7,5,3,1,1,3
0,3,11,0,0,10.2,10.2,51.7,3,2,0,0,2
1,3,5,1,12,8.3,20.1,50.8,3,3,1,1,5
9,6,1,0,0,10.2,12.3,31.4,7,3,1,0,2
4,4,9,0,0,9.9,19.1,52.8,2,3,0,0,5
1,1,3,0,0,9.7,11.8,8.7,3,4,1,0,1
16,0,2,0,0,10.5,10,48.1,7,4,1,0,2
11,0,5,0,14.5,7.4,19.1,6.3,5,3,1,0,7
5,1,3,1,23.3,5.3,9.3,26.1,1,3,1,0,4
12,2,5,0,0,9.7,21.1,23.9,5,2,1,0,1
23,5,11,0,0,10,11.2,12,3,2,1,0,3
8,2,7,0,0,10.3,22.2,0.9,8,2,1,0,4
4,5,7,0,0,10.4,25,3.2,3,3,1,0,0
9,6,6,0,0,10.1,21.5,40.5,7,2,1,0,4
22,5,4,0,0,10.3,11.3,51.8,4,2,1,0,3
8,4,8,0,0,10.5,29.8,60,8,3,1,0,7
0,1,9,0,0,9.8,19,57.9,2,4,1,1,0
0,6,6,1,0,10.1,19.1,6.8,2,3,1,0,2
15,6,10,0,0,10.3,20.7,43.2,5,2,1,0,0
23,5,12,0,36.9,2.9,9.5,44.8,3,3,1,0,1
14,6,11,0,0,10.4,12.7,60.1,7,2,1,0,2
13,4,3,0,0,9.5,10,7.2,7,3,1,0,1
7,4,1,0,0,9.8,6.2,70.2,9,2,1,0,4
2,2,6,1,0,10.5,25.9,58.8,2,3,1,0,3
13,2,2,0,0,10.1,13,1.9,6,3,1,0,2
17,0,4,0,0,9.9,14.7,42.7,8,2,1,0,0
13,4,6,0,0,10.3,22.7,16.8,6,3,1,0,2
3,3,3,0,0,9.8,14.9,6.3,1,4,1,0,1
0,4,12,0,0,9.6,12.5,33.8,2,3,1,0,1
15,4,6,0,0,10.1,26.4,50.8,5,3,1,0,2
12,1,3,0,0,10.1,12.9,51.4,6,3,1,0,3
18,1,1,0,16.6,6.7,8.5,89.9,9,3,1,0,5
4,5,2,0,20.8,5.8,7.2,11.5,2,4,1,0,3
1,5,4,0,0,9.8,12,66.8,2,3,1,0,1
6,6,9,0,0,10,19.3,73.7,3,3,1,0,1
2,1,11,0,0,10.1,10.9,58,2,3,0,1,1
14,5,2,0,0,9.9,13.9,40.9,7,2,1,0,4
6,1,10,0,0,9.9,18.6,25.2,4,3,1,0,2
22,5,1,0,0,10,10.3,45.9,2,3,1,0,2
2,0,9,0,1,9.5,23.4,25.7,2,2,1,0,2
4,2,11,0,0,10.2,16.4,87.9,2,3,1,0,3
21,1,8,1,0,9.5,27.6,58.5,1,2,1,0,0
22,0,5,0,13.8,7.8,16.8,37.8,2,3,1,0,0
10,0,5,0,0,10.2,16.7,70.6,7,3,1,0,3
20,1,7,0,0,10.1,22.7,69.6,3,3,1,0,3
16,5,2,0,0,9.7,11.1,58.7,5,3,1,0,2
8,5,7,0,0,10.4,24.9,71.5,2,2,1,0,2
22,6,4,0,0,10.1,11.6,13.9,2,4,1,0,2
18,4,8,0,0,10.3,23.7,75.7,9,2,1,0,5
4,0,3,1,0,10.5,10.1,31.9,2,3,1,0,2
12,1,12,0,8.1,8.2,10.6,77.5,6,2,1,0,7
17,3,2,0,0,10.2,9.2,18.2,9,3,1,0,2
17,6,3,0,39.5,2.9,10,4,7,2,1,0,8
7,2,1,0,39.5,2.8,5.3,40,7,2,1,0,7
10,6,5,0,48.2,1,20.8,26.2,6,3,1,0,5
19,4,12,0,0,9.9,13.1,30.6,8,3,1,1,1
11,0,8,0,0,9.8,29.1,0.9,7,2,1,0,0
22,3,8,0,0,9.8,26.9,85.2,2,3,1,0,4
7,6,6,0,15.5,7.7,21.4,13.9,2,4,1,0,4
5,2,10,0,0,9.9,14.9,47.7,2,2,1,0,0
14,6,10,0,0,10,17,80.9,7,2,1,0,1
4,1,10,0,0,9.6,21.6,11.4,2,2,1,0,2
16,4,1,0,0,9.6,5.4,68.5,7,4,1,0,4
1,5,5,1,0,10,22.7,45.9,3,2,1,0,2
13,1,3,0,0,10.3,8.9,73.9,7,2,1,0,2
9,3,12,0,0,9.7,7,72.1,7,3,1,0,5
14,3,12,0,26.5,5.4,8.3,18.5,7,3,1,0,3
22,1,12,0,0,9.9,7.7,77.4,2,3,0,1,10
19,0,9,0,0,10.4,22.1,3.2,9,3,1,0,2
12,0,5,0,0,10.3,20.2,80.1,6,2,1,1,6
17,6,6,0,0,9.5,22.4,7.6,6,3,1,0,6
22,1,9,0,0,9.8,24.6,17.3,3,2,1,0,2
3,4,12,1,0,9.5,12.2,21.9,2,4,1,0,1
10,5,8,0,0,10.3,29.1,34.1,7,2,1,0,4
2,3,5,0,41.2,2.2,18.9,3.7,3,2,0,0,7
21,3,11,0,0,10.5,12.2,50.9,3,3,1,0,1
21,2,3,0,0,9.5,13.8,4.7,2,3,0,0,1
23,1,3,0,15.7,7.6,12.7,23.5,2,3,1,1,5
4,1,11,0,0,9.6,15.2,27.6,2,4,1,1,3
7,4,1,0,0,9.6,12.6,65.7,9,3,1,0,2
1,4,11,0,22.9,6.3,11.2,33,1,4,1,0,4
17,0,9,0,0,10,18.5,21.7,10,2,1,0,9
11,4,11,0,24.3,5.9,13.9,9.5,6,3,1,0,1
0,4,5,0,0,9.6,18.7,36.8,2,3,1,0,0
5,2,4,1,31.4,4,12.2,9.7,2,2,1,0,0
9,4,10,0,0,9.6,17.8,36,8,3,1,0,6
9,1,7,0,0,10.2,24.9,22.4,8,3,1,0,5
11,5,1,0,0,10,12.6,22.4,8,2,1,0,2
16,2,1,0,0,9.5,11.5,46.9,6,2,1,0,0
22,1,6,0,0,10.5,23.2,84.9,1,3,1,0,5
16,3,6,1,0,10.2,24.2,63.8,3,3,1,0,1
5,6,12,0,16.2,6.8,12.7,53.2,3,3,0,0,4
9,6,1,0,0,9.9,6.1,78.7,6,3,1,0,3
6,0,1,0,0,10,11.1,47.1,4,2,1,0,1
16,2,9,0,0,10,23.8,50,5,2,1,0,2
3,0,7,0,0,10.2,25.4,86.3,3,3,1,0,5
0,4,7,0,0,10.3,28.6,14.1,3,3,1,0,2
0,2,12,0,0,9.9,13.2,8.9,1,3,1,0,3
4,2,9,0,0,10.3,18.7,73.7,2,2,1,0,0
19,5,11,0,0,10.2,13.6,23.8,6,2,1,0,7
5,6,8,0,0,10.4,23,66.7,2,3,1,0,2
19,1,2,0,5,8.8,13.1,46.9,9,3,1,0,5
17,3,4,0,0,9.7,13.4,45.8,9,2,1,0,3
22,3,10,0,31.2,4.2,16.4,12.7,2,4,0,0,2
17,3,9,0,0,9.7,20,26,9,2,1,0,2
4,5,3,0,0,10.2,14.4,9.9,2,3,1,1,3
21,3,12,0,13.7,7.4,10.9,81.2,4,4,1,0,1
8,4,2,0,24.8,5.9,9,28,7,4,1,0,7
0,4,4,1,5.2,9,11.1,31.5,1,2,1,0,2
8,4,8,0,0,10.4,25.3,4.8,7,4,1,0,5
21,5,9,0,0,9.6,22.1,40.4,2,3,0,0,4
1,6,8,0,0,9.7,22.3,86,4,2,1,0,1
12,4,6,0,0,10.4,21.4,82.9,5,3,1,0,5
10,6,7,0,0,10.4,24.2,79.8,8,3,1,0,2
21,3,6,0,0,10.3,20,80.7,2,4,1,0,1
0,0,9,0,0,9.9,23.8,78.4,2,3,1,0,5
22,1,8,0,0,10.5,29.9,87.1,2,3,0,0,2
15,4,5,0,0,9.9,19.3,27.3,5,3,1,0,0
23,6,4,0,0,10,17.4,7.5,4,3,1,0,3
8,0,4,0,0,10.2,17.9,8.1,8,4,1,0,3
3,2,7,0,0,9.6,23.9,30.8,2,4,1,0,3
14,4,7,0,0,9.6,24.7,16.4,6,3,1,0,3
12,0,11,0,0,9.6,15,5.2,6,3,1,0,2
19,6,9,0,0,9.9,20.3,71.9,6,3,1,0,2
17,2,5,0,0,9.9,19.4,75.7,10,3,1,0,6
16,0,4,0,0,9.7,18.9,74.7,6,4,1,0,2
0,4,1,0,0,9.8,7.9,24.3,2,2,1,0,0
22,6,4,0,37.9,3.5,15.4,76,2,4,0,0,4
15,6,8,0,0,10.3,29.5,51.9,6,2,1,0,1
15,4,2,0,0,10.3,12.4,10.9,5,2,1,0,3
10,3,12,0,44.6,2.4,9.5,29.9,6,3,1,0,3
20,3,8,0,0,9.5,22.5,82.7,3,2,1,0,2
4,0,7,0,0,9.9,22.9,77.7,2,3,1,0,2
9,0,11,0,14.5,7.1,15.5,70.6,9,3,1,0,6
0,6,9,0,0,9.8,24.2,58.5,2,3,1,0,1
12,2,2,0,0,10.1,8.3,88.5,5,3,1,0,2
4,2,3,0,0,9.7,8.6,70.6,1,2,1,0,3
4,3,4,0,19.3,6.6,11.1,80.5,2,3,1,0,1
11,2,8,0,0,9.6,28.2,66.9,6,3,1,0,0
11,2,10,0,0,9.6,17.9,58.8,6,3,1,0,1
5,3,5,1,0,10.2,22.2,54.2,3,4,1,1,2
15,1,6,0,0,9.7,22.4,52.3,6,4,1,0,4
23,0,4,0,0,9.7,13.5,20.7,2,2,1,0,0
11,1,6,0,0,10.3,24.5,69.3,5,4,1,0,1
14,1,11,0,0,10,12.7,55.1,6,4,1,0,0
15,3,2,0,38.2,3.2,7.7,10,6,4,1,0,4
21,1,9,0,0,9.9,21.4,89.3,4,3,1,0,1
21,0,4,0,0,9.9,11.1,51.1,3,3,1,0,2
14,6,8,0,30.7,4.1,28.5,72,8,2,1,0,4
10,4,10,0,0,10.4,15.8,39.5,6,3,1,0,2
7,3,11,0,0,9.6,11.9,10.6,9,2,1,0,3
6,2,6,0,0,10,23,17.5,2,2,1,0,0
11,6,8,1,0,9.7,24.8,35.6,5,3,1,0,1
14,0,7,0,0,10.1,23.9,39.9,6,2,1,0,1
6,0,4,0,0,9.6,15.9,74.2,2,3,1,0,1
18,3,9,0,0,9.9,24.1,68,10,3,1,0,1
12,0,8,0,0,10,22.9,72.1,6,3,1,0,0
23,5,7,0,0,10.1,25.2,11.3,3,3,1,0,3
9,5,7,0,0,10,29.4,44.4,7,2,1,0,5
22,3,9,0,0,9.8,25.7,40.6,2,3,1,0,0
12,6,12,1,0,10.2,9.7,19.7,4,2,1,0,2
18,0,12,0,0,9.5,7.5,68,9,4,1,0,6
16,5,1,0,0,10.2,8.5,56.8,5,2,1,0,2
23,6,3,0,0,9.6,14.6,37.6,3,3,1,1,4
2,2,4,0,0,9.8,16.5,1.9,2,3,1,0,1
12,0,3,0,0,9.7,13.2,60.5,6,3,1,0,5
13,1,6,0,0,10,23,76.4,5,3,1,0,4
4,3,3,0,32.5,4.1,8.1,14.3,2,3,1,0,4
20,2,2,1,21,6.5,8.2,89.1,2,2,1,0,4
18,4,2,1,0,9.7,10.3,3.6,6,3,1,0,2
20,0,8,0,0,10,22.2,60.9,4,2,1,0,0
20,3,7,0,0,10,27.6,19.5,3,3,1,0,2
15,3,1,0,0,9.9,10.1,28.8,6,4,1,0,3
8,3,3,0,20.6,6.7,14.2,74.4,9,3,1,0,6
10,2,11,0,0,9.5,16.8,40.6,7,3,1,0,6
8,5,5,1,16.4,6.8,21.3,52.2,3,2,1,0,9
14,6,2,0,0,10.5,11.4,34.4,8,4,1,0,1
9,2,11,0,6.4,8.4,11.2,78.3,8,3,1,0,5
18,5,3,0,0,10.3,11.8,60.2,5,3,1,0,1
9,0,8,0,13.8,7.4,28,3.7,8,3,1,0,3
22,2,4,0,0,10,16.8,80.4,1,2,1,0,3
13,6,9,0,0,9.7,24.8,62.3,6,4,1,0,2
3,3,2,0,24.2,6.1,7.1,48,2,3,1,0,1
8,6,7,0,0,9.7,23.8,63.7,3,2,1,0,3
22,3,4,0,7.2,8.9,18.5,37.4,1,2,0,1,10
14,0,1,0,46.5,1.8,6.4,25.6,7,4,1,0,5
16,4,3,0,0,9.6,12.4,79,7,3,1,0,1
3,6,2,1,50,0.6,8.9,45,2,2,1,0,3
22,6,12,0,48.2,1.5,7,82.6,3,3,1,0,4
17,4,6,0,0,10.4,23.6,81.7,8,2,1,0,2
18,1,8,0,0,9.6,24.5,86.8,9,3,1,1,7
0,5,6,0,0,9.5,22.7,73.9,4,2,1,0,5
5,2,11,0,2.8,9.4,15.5,52.6,3,3,0,0,0
13,1,9,0,0,10.3,24.9,70.4,7,4,1,0,2
18,2,12,0,0,10.2,13.8,37.8,9,3,1,0,5
7,0,4,0,0,10,15.4,51.3,7,3,1,0,3
3,4,2,0,0,10.1,7.4,81.9,3,3,0,0,2
7,1,9,0,13.1,7.7,23.9,74.7,7,3,1,0,6
4,1,5,0,0,9.6,20.2,14.1,2,3,1,0,0
21,6,5,0,35.2,4,18.3,47.8,4,3,1,1,4
12,4,5,1,0,10.1,21.4,88.8,4,2,1,0,1
3,6,1,0,0,9.8,10.6,25.8,2,3,1,0,2
12,5,1,0,0,9.7,5.1,85.9,7,3,1,0,4
9,4,2,0,0,10.2,10.9,13.2,9,4,1,0,3
11,6,5,0,0,9.6,17.6,45.7,8,2,1,0,1
14,3,1,0,13.2,7.9,11.5,6.3,5,3,1,0,5
16,6,2,0,0,10,12.4,0.5,6,2,1,0,1
7,4,7,0,0,9.8,27.5,46.4,7,2,1,0,5
2,5,5,0,42.2,2.8,17.4,20.6,4,3,1,1,11
20,6,8,0,3.2,9,26,22.7,2,3,1,0,3
13,2,9,0,0,9.9,19.9,2.5,6,2,1,0,3
18,0,4,1,0,10.1,13.9,27.2,8,3,1,0,2
5,4,3,0,0,9.5,8.7,46.8,1,3,0,0,4
13,3,4,0,0,9.5,14.1,79.8,5,2,1,0,2
12,5,9,0,0,10.4,19.4,74.1,8,4,1,0,5
8,2,11,0,0,9.7,15,30.3,9,2,1,0,3
15,3,3,0,39.7,2.9,12,3.4,7,3,1,0,12
0,2,7,0,0,9.9,25,29.1,3,3,1,0,1
18,1,2,0,0,10.4,11.3,24.2,8,3,1,0,5
23,0,2,0,11.8,7.9,11.5,7.3,2,3,1,1,4
15,3,6,0,27.9,4.5,23,18.8,7,3,1,0,2
23,0,11,1,0,9.9,14.2,66.7,2,2,0,0,7
15,5,5,0,8.2,8.2,19.6,89.6,6,2,1,0,3
19,1,8,0,0,9.8,29.5,16.4,10,3,1,0,8
0,3,8,0,0,9.9,24.2,46.1,1,3,1,0,1
9,1,11,0,0,10.3,15.9,22,8,3,1,0,5
19,3,1,0,0,9.6,11.8,89.3,9,4,1,0,10
11,6,4,0,0,10.2,14.6,59.2,7,2,1,1,3
5,0,9,0,0,9.5,23.9,50.5,2,2,1,0,1
7,5,5,0,0,10.3,16.7,36.7,2,4,1,0,3
11,3,2,0,0,9.8,7,5.8,6,3,1,0,1
2,4,8,1,0,10.1,26.1,47.2,1,3,1,0,1
23,1,11,0,0,9.5,16,16.7,1,4,1,0,0
19,6,4,0,49.3,1,18.7,75.6,6,3,1,0,5
17,1,7,0,0,10,23.2,9.8,8,3,1,0,3
17,6,2,0,22.5,6.2,11.8,89.7,6,4,1,0,7
11,5,3,1,1,9.7,10.2,80.6,5,2,1,0,3
12,5,2,0,0,10.5,6.4,19.4,7,2,1,1,1
9,6,1,0,0,10.1,9.2,31.4,8,3,1,0,5
0,2,10,0,0,10.1,14.2,83.8,1,2,1,0,2
14,1,1,0,0,10.3,7.6,84.9,5,2,1,0,0
23,5,2,0,0,10.2,11.7,72.1,2,3,1,0,3
6,3,11,0,49.3,1,12.2,53.3,3,3,1,0,3
13,3,6,0,0,9.9,25.6,39.6,6,2,1,0,2
20,3,7,0,0,10,29.7,66,4,2,1,0,1
21,5,2,0,22.3,6,9.8,85,4,3,0,1,5
6,5,10,0,0,9.8,18.2,54.7,3,2,1,0,3
17,6,8,0,0,10,22.3,41.6,7,2,1,0,2
12,6,7,0,0,10.2,26.9,89.5,7,2,1,0,3
4,3,4,0,0,10.4,14.3,70.3,1,4,1,0,0
3,4,1,0,0,9.9,11.9,70.2,2,2,1,0,2
3,3,4,1,0,9.9,16.9,24,2,3,1,0,2
12,2,7,0,0,10.3,24.6,64,7,2,1,0,6
1,6,3,0,0,9.7,9,36,3,3,0,0,3
16,2,10,0,0,10.1,21.6,84.5,6,3,1,0,2
10,2,5,0,19.3,6.3,15.4,82.5,6,4,1,0,1
2,4,5,0,0,10.3,19.8,70.1,2,2,1,0,4
14,5,12,0,0,9.9,10.5,49.2,8,3,1,0,2
1,5,12,0,27.5,5.5,8.4,57.1,3,3,0,0,6
15,2,8,0,0,10.3,25.6,71.2,7,3,1,0,2
23,3,8,0,0,9.6,22.6,68.5,3,3,1,0,2
22,6,6,0,0,9.8,22.1,38.7,3,3,1,0,2
5,2,10,0,0,10.1,16,77.7,2,3,1,0,5
16,6,3,0,26.6,5.1,13.1,47.7,5,3,1,0,5
20,2,12,0,0,9.6,8.7,52.5,4,3,1,0,0
17,1,2,0,16.7,7.2,13.1,77.9,9,3,1,1,9
3,0,10,0,0,10.1,14.8,49.7,1,3,1,0,0
2,1,5,0,17.8,6.7,15.5,69.1,2,4,1,0,4
10,2,11,0,0,10,16.1,68.7,6,2,1,0,3
10,0,5,0,0,9.8,20.6,28.5,6,2,1,0,1
13,5,12,0,0,9.8,9.4,1.6,6,3,1,0,2
9,3,4,0,0,9.5,13.8,50.1,9,3,1,0,6
22,5,2,1,0,10,13.4,11.4,2,4,1,0,1
9,2,3,0,0,9.8,14.2,16.3,7,2,1,0,1
17,5,6,0,0,9.9,21.2,40,5,3,1,0,5
19,5,8,0,0,10.2,25.9,76.2,7,3,1,0,5
10,4,7,0,0,10.1,24,43.8,7,2,1,1,9
3,0,3,0,1.3,9.7,14.2,85.3,1,2,1,0,0
10,1,12,0,42.2,2.1,12.1,83,6,3,1,0,0
14,4,7,0,0,9.9,28.9,23,5,3,1,0,1
15,2,3,0,0,9.8,11.8,71,6,2,1,0,1
4,2,2,0,0,10.5,8,33.4,2,4,1,0,5
20,0,8,0,42.2,2.5,29.5,86.2,3,3,1,0,1
20,1,1,1,42.6,2.5,9.9,66.8,2,4,1,0,4
0,3,5,0,0,9.5,20.8,27.8,1,2,1,0,1
16,0,2,0,0,9.6,7.7,66.6,6,3,1,0,1
1,5,10,0,0,9.7,15.4,77.3,3,2,0,0,7
14,3,7,0,0,10.5,28.5,40,6,4,1,0,0
12,6,9,0,0,10.2,22.2,44.7,6,3,1,0,2
15,5,6,0,0,10.2,24.9,8.5,7,4,1,0,5
15,4,6,0,0,10,20.3,69.4,6,2,1,0,4
21,4,6,0,0,9.8,26.5,12.2,3,2,0,0,2
9,5,1,0,27,4.7,6.7,74.7,6,3,1,0,4
20,5,8,0,0,10,25.2,69.7,4,3,1,0,1
10,0,7,0,0,10.2,22.6,60.3,6,3,1,0,2
17,0,1,0,0,9.8,7,62.8,10,2,1,1,4
10,0,4,0,0,9.7,17.9,31.7,5,3,1,0,1
3,2,6,0,0,9.9,20.3,77.2,2,4,1,0,3
22,4,2,0,0,10.4,9.4,62,1,4,1,0,1
1,6,11,0,0,9.8,11.7,52.1,3,4,0,0,2
20,5,7,1,0,9.7,23.4,10.9,1,4,1,0,5
12,5,3,1,0,9.9,15.8,54.8,5,3,1,0,0
0,4,2,0,0,9.9,6.9,78.2,1,2,1,0,1
10,3,10,0,48.3,1.4,20.7,8.5,7,3,1,0,2
5,3,9,0,0,9.6,25.5,41.6,1,4,1,0,1
14,2,6,0,0,10.4,26.5,23.2,6,2,1,0,1
12,3,7,0,0,9.7,25.1,69.2,5,2,1,0,2
11,4,5,0,21.3,5.8,18.4,43.2,5,3,1,0,5
2,1,6,0,0,9.5,24.2,41.2,2,3,0,1,1
17,0,12,0,0,10.4,7.1,54.3,9,3,1,0,3
10,3,3,0,0,10.4,8.3,63.2,5,2,1,1,3
15,5,12,0,41.1,3,9.7,15.4,6,3,1,0,6
0,1,5,0,0,10.3,18.2,74.3,2,4,1,0,6
11,6,12,0,45.3,1.8,9.7,10.7,7,4,1,0,2
2,5,11,0,0,9.8,10.6,31.7,4,4,1,0,4
6,6,11,0,14.9,7.7,12.3,18.4,3,3,1,0,0
13,1,9,0,0,9.9,23.3,56.9,7,4,1,0,3
8,1,5,0,0,9.7,18.2,81.4,8,2,1,0,4
15,3,6,0,0,9.7,25.6,25.3,6,3,1,0,2
6,5,11,0,19.9,6.4,13.2,75.7,2,4,1,1,1
18,0,2,0,0,10.5,10.7,61.7,8,3,1,0,3
5,0,6,0,0,10.4,25.8,89.5,2,3,1,0,1
7,4,5,0,0,10.3,15.2,45.6,8,3,1,1,7
3,0,4,0,0,9.7,14,34.9,2,3,1,0,2
14,6,11,0,0,10.2,10.1,44.6,7,4,1,0,2
21,5,1,1,7.3,8.2,6.5,15.8,2,3,0,0,4
13,5,5,0,0,10.4,16.6,68.5,7,2,1,1,5
6,2,6,0,0,9.8,19.8,20.2,2,3,1,0,0
14,3,3,0,0,10.3,11.8,8.9,6,3,1,0,1
17,4,9,0,0,9.8,24.2,40.4,9,4,1,0,2
13,2,4,0,0,10.4,11.8,83.5,6,4,1,0,1
14,2,5,0,0,10.5,15.3,84.2,6,3,1,0,5
8,4,12,0,17,6.6,14,12.6,7,2,1,0,7
7,3,6,0,0,10.2,25.9,37.7,8,3,1,0,3
21,4,1,0,13.3,7.5,5.8,50.6,3,3,1,0,2
22,6,1,0,0,10.4,11.5,7.1,3,3,1,0,4
5,6,1,0,0,9.7,5.2,72.6,3,3,1,0,1
5,2,4,1,0,9.9,15,54.5,2,4,1,0,4
5,6,10,0,36.7,3.5,16.3,56,3,2,0,0,4
22,5,6,0,0,9.6,24.8,47,2,2,1,0,3
10,4,7,0,0,10,29.5,33.6,7,3,1,0,2
15,6,10,0,18.3,6.3,21.8,42.5,6,3,1,0,3
5,6,11,0,0,10.3,15.7,24.9,2,2,1,0,2
6,6,10,0,0,10.1,21.8,47.2,3,2,1,0,1
1,3,4,0,0,10.2,14.9,66.1,2,3,1,0,1
19,3,9,0,0,9.8,22.1,79.3,9,3,1,0,4
8,6,11,0,0,10.5,13.5,54.8,3,4,1,0,4
11,4,8,0,0,9.7,29.6,74.8,6,3,1,0,3
11,4,8,0,19,6.6,30,3,7,3,1,0,0
4,4,6,0,0,10,19.2,12.9,2,4,1,0,3
15,0,6,0,0,10.4,19.6,49.5,6,3,1,0,3
5,1,7,0,0,9.9,27,10.2,3,4,1,0,0
22,6,7,0,0,10.3,22.3,61.4,3,3,0,0,4
15,2,5,0,15.8,7.1,21,11.5,7,3,1,0,1
5,2,11,0,0,9.6,9.9,14.8,2,3,1,0,0
17,1,11,0,27.5,4.8,10.8,26.3,10,3,1,0,7
12,2,5,0,0,9.6,20.3,64.9,6,2,1,0,0
1,2,10,0,0,9.9,14.4,12.8,1,3,0,0,3
22,0,11,0,0,10.2,11.8,64.5,1,3,1,0,0
15,5,12,0,0,10.3,10.9,64.3,6,4,1,0,3
19,6,9,0,0,10,25.3,70.3,6,3,1,0,3
6,0,10,0,0,9.8,15.9,5.2,3,4,1,0,1
8,6,10,0,41.2,2.3,21.2,18.5,4,4,1,0,5
14,2,10,0,0,10.1,16,68.2,6,3,1,0,1
4,6,9,0,0,10.4,22.5,82.1,4,3,0,0,4
3,1,8,0,0,9.8,24.3,46.5,1,3,1,0,2
1,6,5,0,0,10.4,18.2,69,2,3,1,0,1
4,0,10,1,0,10.4,15.5,74.9,2,4,1,0,5
14,0,11,0,0,10.4,15.4,59.7,5,3,1,0,0
10,3,11,0,12,7.6,10.4,61,6,3,1,0,4
9,5,7,0,0,10.2,27.2,45.4,7,3,1,0,4
5,5,4,0,0,10.3,17.9,22.3,4,3,1,0,2
10,6,2,0,0,10.3,9.3,73.6,8,2,1,0,7
23,6,9,0,0,9.6,23.3,86.4,4,2,1,1,4
1,4,12,0,0,10.4,13.9,47.7,2,3,1,0,2
7,0,4,0,0,10.1,18.5,17.2,8,2,1,0,2
15,6,9,0,0,9.7,22.4,61.7,6,3,1,0,8
19,5,7,0,0,10.4,22.4,88.5,6,2,1,0,5
5,4,5,0,0,10.2,16.9,25.2,3,3,1,0,3
5,3,8,1,0,10.3,28.2,43.3,2,4,1,1,2
0,2,10,0,29.1,4.5,19.1,28.8,1,4,1,0,0
3,1,6,0,0,9.9,21.9,72,2,2,1,0,2
21,3,10,0,0,9.7,17.7,78.8,3,2,1,1,4
15,2,7,0,0,9.7,23.7,2.2,6,3,1,0,0
5,5,8,0,0,9.8,27.1,23,2,2,1,0,3
9,0,10,0,0,9.8,19,58.4,7,2,1,0,3
16,0,8,1,0,10.4,24.2,76.1,3,3,1,0,1
2,3,12,0,0,10.2,6.1,46.2,2,2,1,0,0
15,3,11,0,0,9.6,9.7,35.9,6,3,1,0,1
1,0,2,0,0,10.4,10.5,23.6,2,3,1,0,0
3,0,1,0,0,9.8,6.8,22.3,2,2,1,0,2
10,6,5,0,0,10,22.6,70.1,8,3,1,0,4
7,2,6,0,0,9.9,23.8,39,8,3,1,1,4
19,6,2,0,0,10.5,12.6,58.8,7,3,1,0,1
23,2,3,1,0,9.6,8.3,61.8,2,3,1,0,3
21,3,9,0,0,10.1,20.2,30.5,3,3,1,0,1
16,2,10,0,0,9.8,15.8,46.6,6,2,1,1,2
17,2,10,0,21.6,6,15.6,15.9,9,3,1,0,2
20,0,7,0,0,10.4,26.3,3.3,4,3,1,1,1
3,2,1,0,0,10.2,8.7,42.1,3,4,1,0,0
0,5,5,0,0,9.9,18.2,68.2,3,3,1,0,1
20,6,11,0,0,10.4,11,27.3,2,4,1,0,0
5,2,12,0,0,10.5,13.4,48.8,2,2,1,0,0
15,0,2,0,0,10.2,10.6,70,5,3,1,0,2
23,5,8,0,0,9.6,23.5,24.5,3,3,1,0,1
18,3,8,0,45.8,1.6,24.9,15.9,9,2,1,0,7
3,3,8,0,45,1.9,29,44.9,2,3,1,0,8
1,5,10,0,0,10.2,19.1,24.8,4,3,1,0,2
22,0,10,0,0,10.2,21.3,77.1,3,3,1,0,2
2,3,6,0,0,10.3,23.5,59.8,2,3,1,0,0
16,3,2,1,0,10.3,10.8,5,5,3,1,0,5
6,3,2,0,6.9,9.2,12.3,7.2,2,2,1,0,0
8,4,2,0,0,10.3,11.3,20.3,7,4,1,0,3
9,4,10,0,13.8,7,16.3,72.9,7,3,1,0,8
17,4,3,0,23.8,5.4,14.2,47.2,8,3,1,1,6
23,0,1,0,30.5,5,10,54.2,2,3,0,0,5
0,6,5,0,0,10.4,15.9,36.3,4,3,1,0,4
21,5,8,0,0,10.1,22.5,82.6,2,3,1,0,2
13,6,5,0,0,9.7,19.4,87,6,2,1,0,0
5,6,10,0,0,9.7,19,74.4,3,2,1,0,1
20,5,8,0,0,9.8,30,37,4,3,1,0,5
7,0,5,0,0,9.5,21,22.8,8,3,1,0,5
12,2,10,0,34.3,4.1,17.5,85.2,6,2,1,0,1
13,4,10,0,0,10.5,20.9,16.2,6,3,1,0,1
7,2,5,0,0,9.6,19.9,58.5,8,3,1,0,3
4,5,6,0,0,10.3,19.2,58,2,4,1,0,4
21,2,4,0,0,9.9,16.8,32.9,2,2,1,1,3
11,6,6,0,0,10.3,20.3,66.1,7,2,1,1,2
22,3,8,0,0,10,27.5,74.1,3,3,1,0,3
17,5,9,0,0,10,19.1,49.3,5,4,1,0,5
15,2,11,0,0,9.7,10.2,83.9,6,2,1,0,2
12,4,2,0,0,10.4,8.4,73.4,7,4,1,0,6
21,1,1,0,0,10.1,7.5,53.9,3,2,1,1,1
3,6,3,1,0,10.1,15.4,38.4,2,2,1,0,2
1,1,3,0,0,9.8,9.7,49.3,3,2,1,0,3
7,4,2,0,0,10.1,10.3,59.7,8,2,1,0,3
19,6,7,0,48.9,1.7,29.2,58.5,6,2,1,0,7
3,5,11,0,0,10.4,10.9,41.7,2,2,1,1,3
22,1,4,0,14.8,7.3,11.4,34.1,1,3,0,0,3
0,6,2,0,6.7,9.2,8.3,41.1,4,3,1,0,3
2,5,6,0,0,9.9,21,80.1,3,3,1,0,4
19,5,11,1,0,9.8,13.3,81.2,3,3,1,0,4
12,5,2,0,21.7,6.4,7.8,12.4,8,3,1,0,4
8,0,4,0,0,9.7,12.4,29.8,8,3,1,0,4
21,6,6,0,0,9.7,21.7,45,2,3,1,0,1
1,2,3,0,16.3,7,11.5,44.9,1,2,1,0,4
6,0,6,0,39.4,3,21.5,11.9,3,2,1,0,3
5,6,8,0,0,10.3,29.2,12.6,3,3,1,1,1
1,0,8,0,0,10.3,25.2,74.1,2,2,1,0,3
7,2,3,0,0,9.6,12.4,75.1,7,3,1,1,5
13,3,3,0,0,10,13.2,16.8,7,3,1,0,1
14,4,2,0,26.1,5.1,10,33.4,6,3,1,0,6
13,0,2,0,0,10.3,13,49.8,6,4,1,0,2
6,4,4,0,0,9.8,15.5,84.3,2,2,1,0,5
8,1,4,0,0,9.6,18.3,17.2,7,2,1,0,2
10,3,4,0,0,9.5,12.9,30.6,5,3,1,0,1
14,4,3,0,0,10.4,12.2,57.9,7,2,1,0,2
20,6,4,0,22,5.6,11.2,57.4,3,3,1,0,2
16,6,3,0,35.2,3.4,9.9,5,5,2,1,0,5
8,6,6,0,0,10.4,20.7,87.2,3,3,1,0,4
8,5,8,0,0,10.4,24.4,29.1,4,3,1,0,5
18,6,11,0,42.4,2.9,10.8,86.8,7,3,1,0,5
4,1,2,0,0,9.6,10.3,8.4,3,4,1,0,5
19,1,1,0,0,9.9,13,36.2,9,4,1,0,3
19,0,5,0,0,10.1,17.5,64,10,2,1,0,5
10,0,4,0,44.1,1.8,16.7,36.1,5,3,1,0,4
3,6,10,0,38.6,3.4,20.7,16.4,4,3,1,0,5
12,0,1,0,0,10,7.7,19.8,6,3,1,0,2
21,6,11,0,0,10,13.9,38.1,3,3,0,0,3
2,5,8,0,0,10.2,22.6,31,4,4,1,0,1
18,4,12,0,0,9.9,10.6,1,8,4,1,0,6
6,2,11,0,0,9.7,16.6,53,3,2,1,0,0
12,5,4,0,0,9.9,12.6,61.1,7,4,1,0,6
19,1,3,0,11.5,8.1,13.7,87.7,8,4,1,0,6
3,1,8,0,0,10,23.5,45,3,3,1,0,1
11,4,8,1,0,10.4,25,45.7,3,3,1,0,3
22,4,11,0,0,10.4,9.9,69.5,2,2,0,0,6
16,4,11,1,0,10.4,15.1,0.2,3,2,1,0,1
10,6,2,0,49.9,1.1,12,22,7,2,1,0,3
15,5,2,1,0,9.7,7.8,35.3,3,2,1,0,2
13,6,2,0,0,9.7,6.9,61.9,7,3,1,1,5
9,0,7,0,0,9.7,29.4,23.4,9,3,1,0,4
17,4,7,0,0,10.3,29.7,88.9,9,2,1,0,6
13,5,2,0,43.4,2.1,6.2,6,7,3,1,0,3
17,5,8,0,0,10,27.5,47.2,5,3,1,0,3
10,3,2,0,35.8,3.9,12.6,3.6,5,2,1,0,2
16,3,2,0,0,9.7,6.6,58.1,7,3,1,0,3
10,3,2,0,44.1,2,8,75,6,2,1,0,0
10,0,5,0,0,10.5,17,36.5,5,3,1,0,0
0,0,11,1,0,9.8,9.8,82.9,2,4,0,0,2
18,1,9,0,0,9.7,18.8,62.6,10,4,1,0,5
5,2,3,0,0,9.7,9.7,26.5,2,3,1,0,0
6,1,10,0,3,9.6,15.7,19.5,4,4,1,0,0
10,0,8,0,0,10.2,28.6,36,6,2,1,0,2
2,5,2,0,7.7,8.5,8.7,51.8,4,3,1,1,4
10,5,2,0,0,10.1,10.7,81.7,8,3,1,0,6
7,1,8,0,0,9.8,27.9,19.3,8,3,1,0,5
22,1,5,0,0,10.2,16.9,46.2,3,3,1,0,1
5,3,4,0,0,10.1,17.7,80.7,2,3,1,0,3
8,2,10,0,0,10.3,21.5,78.6,8,3,1,0,8
11,4,3,0,0,9.8,13.6,61.2,5,2,1,0,0
9,4,4,0,0,10,15.5,16.7,8,3,1,0,5
10,2,12,0,0,10.1,8.9,85.5,6,3,1,0,1
14,6,7,0,0,10.2,22.7,65.1,6,3,1,0,4
19,5,5,0,0,10.3,18,32,6,3,1,0,4
22,6,10,0,0,10.3,14.3,15.9,2,4,1,0,3
8,5,10,1,0,10.2,14.4,24.3,2,2,1,0,1
7,1,1,0,0,10.2,5.6,62.2,7,4,1,0,3
22,5,9,0,0,10.5,18.7,10.9,2,2,1,0,2
10,6,10,0,0,9.8,19.2,60.3,7,3,1,0,2
20,3,5,0,0,10.5,17.1,48.7,2,3,1,0,3
20,4,6,0,0,9.8,25.4,47.2,2,4,1,0,1
1,0,8,0,46.2,2.1,24.5,81.3,3,2,1,0,4
1,1,10,0,0,9.8,20.6,54.6,1,4,1,0,1
21,3,8,0,43.8,2.1,24.5,86.7,3,2,0,0,4
8,2,12,0,34.9,3.8,9.9,24.6,8,4,1,0,9
4,3,3,1,32.8,3.6,11.4,46.4,2,2,1,0,5
7,0,7,0,0,10.2,26.9,86.2,8,3,1,0,1
5,0,4,0,0,9.6,11.5,63.1,1,3,1,0,0
20,6,6,0,0,9.7,25.2,63.7,4,2,1,1,3
1,5,2,0,0,9.8,8.1,70.2,3,4,1,0,2
1,5,6,0,0,9.8,26.2,70.1,3,3,1,0,4
10,3,10,0,39.3,3.2,14,48.8,5,3,1,0,0
17,5,8,0,0,10.3,26,34.3,6,3,1,0,4
14,2,8,0,23,5.6,24.8,50.6,7,3,1,0,9
15,2,8,0,0,10.4,24.9,20.9,7,2,1,0,2
18,6,6,0,0,9.7,23.6,44.6,5,2,1,0,5
16,2,12,0,14.7,7.7,9.7,74.3,6,3,1,0,3
9,2,11,0,0,10.2,15.8,54.4,8,3,1,0,2
18,1,7,0,0,10,29.9,23.8,8,4,1,0,4
7,6,5,0,0,9.8,17.7,68.7,3,3,1,0,4
10,2,11,1,0,10.4,16.1,69.1,5,3,1,0,2
14,0,3,0,0,9.9,9.2,30.4,6,3,1,0,4
9,4,8,0,0,9.6,24.2,73.8,9,2,1,0,0
13,0,8,0,0,10.2,22.5,12.5,7,2,1,0,1
18,3,10,0,0,9.8,15.2,38.3,10,4,1,0,2
10,2,9,0,0,10.3,18.3,53.1,6,3,1,0,5
18,2,2,0,45.9,1.3,11.6,48.4,8,3,1,0,6
17,4,4,0,0,9.7,14.3,41,10,2,1,0,2
23,6,11,0,22.7,5.5,16.6,54.7,2,2,0,0,6
20,1,9,0,0,9.7,19.1,72.7,4,3,1,0,6
11,5,4,0,0,10.2,15,55.8,7,3,1,0,2
2,3,9,1,0,10.4,20.3,33.8,2,3,1,1,3
18,3,4,0,0,10.4,13.3,21.1,10,3,1,0,1
4,2,1,0,0,9.8,7.9,22.4,3,3,1,0,3
15,0,8,1,0,10.1,28.8,35.8,4,3,1,0,3
23,4,1,0,24.9,5.9,8.3,48.2,1,2,1,1,7
12,6,7,0,0,9.6,23,41.4,8,2,1,0,2
8,1,10,0,0,9.5,19.9,53.9,9,2,1,0,5
20,0,10,0,0,9.6,20.6,16.3,2,2,1,0,1
8,6,5,0,39.6,3,16.4,85.1,3,3,1,0,13
11,0,12,0,0,10.1,10.9,15.9,6,2,1,0,1
10,1,11,0,5.7,9,11.6,37.5,5,4,1,0,5
11,1,11,0,36.7,3.7,11.1,81.2,6,2,1,0,1
1,2,8,0,0,10.2,28.6,3.1,2,3,1,0,3
17,3,1,0,20.6,6.5,7.3,21.5,9,3,1,0,6
10,0,5,0,0,10.4,20.1,24.1,6,2,1,0,0
3,2,10,0,0,10.1,15.5,70.5,2,3,1,0,3
8,6,2,0,32.3,4.1,10.4,15.4,4,3,1,0,6
16,6,6,0,0,10,23.9,56.8,5,2,1,0,3
6,6,6,0,0,9.7,24.2,34.3,3,2,1,0,2
0,1,4,0,0,10.4,17.2,8.6,2,3,1,0,2
18,0,11,1,0,10.4,11.8,59.7,6,3,1,0,6
8,2,6,1,0,9.5,26.3,48.5,6,2,1,0,3
1,6,11,0,0,10.2,12,10.5,4,2,1,0,1
12,3,7,0,0,10.2,27.8,66.8,6,2,1,0,3
8,3,11,0,0,10.3,14,10.3,9,2,1,0,5
11,5,6,0,0,10.1,23.6,3,6,3,1,0,2
21,1,2,0,38.2,3.2,7.6,25.5,3,2,1,0,3
14,4,8,0,0,9.9,24.7,64,7,4,1,0,2
2,6,10,0,8.3,8.3,20.2,69.1,4,4,1,0,2
8,4,7,0,0,10.3,24.3,44,9,3,1,1,4
11,0,4,0,0,10,16.1,11.1,6,2,1,0,2
6,1,12,0,0,10.3,10.2,8.6,4,2,1,0,0
6,6,7,0,0,9.9,29,53,4,3,1,0,1
18,0,9,0,0,10.4,18.3,2.6,10,4,1,0,4
15,3,10,0,38.1,3,14.1,49.4,6,3,1,0,7
12,1,12,0,0,9.7,12.1,30.6,7,3,1,0,2
20,4,9,0,0,10.2,23.3,40,4,3,1,0,2
16,1,4,0,0,10.4,17.2,14.2,6,2,1,1,0
22,6,3,0,0,9.8,12.2,6.7,3,4,1,0,3
21,4,4,0,0,9.8,14.5,84,2,3,1,0,3
4,2,3,0,15.3,6.8,12.3,23.7,1,4,1,1,2
11,1,11,0,0,10.5,14.2,39.7,7,3,1,0,1
8,3,11,0,0,10.2,14.5,27.6,8,4,1,0,6
21,5,10,0,0,9.5,21.7,34.7,3,3,1,1,3
7,3,4,0,0,9.8,14.6,39.2,7,2,1,0,1
8,2,7,0,0,9.6,23.4,46.4,7,3,1,0,2
5,6,6,0,0,9.7,19,17.1,4,2,0,0,4
11,0,1,0,0,10.5,6.9,82.8,6,4,1,0,0
2,1,7,1,41.6,2.8,23.2,13.3,1,4,1,0,4
11,5,11,0,0,9.8,15.3,27.2,8,3,1,0,1
15,1,8,0,0,10,27.2,2,7,4,1,0,2
17,5,1,0,1.4,9.5,10,56.7,5,4,1,0,3
10,4,2,0,0,9.8,10.8,16.5,7,2,1,0,2
12,2,4,0,0,9.6,17.6,11.3,5,2,1,0,0
19,2,4,0,0,10.2,18.8,70.1,9,3,1,0,3
5,4,2,0,0,9.8,13.9,13.4,2,3,0,1,4
7,6,7,1,0,9.6,23.9,59.9,2,2,1,0,2
5,6,6,0,0,10,19.7,89.2,3,2,0,0,3
6,3,4,0,0,9.6,12.6,74.1,3,2,1,0,3
16,6,7,0,0,9.9,27,14.9,5,3,1,0,3
4,2,9,0,0,9.7,18.6,59,1,4,1,0,1
17,1,1,0,0,9.7,9.3,62.1,9,2,1,0,5
1,4,6,0,0,9.9,20.9,1,3,4,1,0,4
5,6,1,0,0,9.8,12.9,26.5,2,2,1,0,2
4,5,5,0,0,9.7,15.8,65.1,4,2,1,0,8
14,2,11,0,0,9.8,10.1,22.8,6,3,1,0,4
18,3,9,1,0,10.3,21.2,18.4,8,3,1,0,3
15,4,4,1,0,10.2,12.9,42.4,4,3,1,0,7
8,5,2,1,0,10.3,12.4,13.7,2,2,1,0,4
6,6,8,0,0,9.5,28.7,50.4,3,3,1,0,1
1,2,11,0,6.8,8.9,16,6.5,2,2,0,0,1
9,6,5,0,0,9.5,21.3,28.6,7,2,1,0,4
12,5,11,0,0,9.8,13.2,36,7,3,1,0,2
22,4,6,0,0,10.5,25,25.4,2,3,1,0,1
11,3,6,0,0,9.6,20.3,72.1,6,3,1,0,5
18,4,4,0,0,9.8,12,89.1,9,2,1,0,4
21,0,4,0,0,9.9,17.9,69.1,3,3,1,0,3
6,0,8,0,0,9.5,23.9,24.7,4,3,1,0,1
12,0,10,0,0,9.7,15.4,39.7,6,2,1,0,0
4,2,5,0,0,10.4,15,57.8,2,4,1,0,2
0,4,8,0,0,10,27.3,8.6,2,2,1,0,2
9,0,11,0,4,9.6,10.8,43,9,3,1,0,2
1,5,2,0,12.3,7.5,9.9,42.8,2,3,1,0,2
11,5,10,0,0,10,16.1,1.7,6,2,1,1,2
2,5,5,0,0,9.8,19.8,16.2,4,2,1,0,3
23,3,10,0,0,10.4,14.7,84.1,3,2,1,0,0
20,6,6,0,0,9.5,26.6,39.3,4,2,1,0,0
0,3,6,0,0,9.9,21,68,3,3,1,0,2
5,4,4,0,0,10.5,17.2,84.8,2,2,1,0,2
0,1,1,0,0,10.4,10.9,69.7,1,3,1,0,2
10,6,9,0,0,10.4,22.5,28,7,3,1,0,0
16,5,1,0,0,9.9,10.9,58.2,6,3,1,0,3
2,0,7,0,0,9.7,23.3,80.8,2,3,0,0,6
4,5,6,0,0,10.1,21.2,69.9,2,4,1,1,7
23,6,9,0,0,10.4,20.1,13.5,3,3,1,0,1
3,6,6,0,0,9.6,21.9,74,3,4,1,0,3
11,2,1,0,0,9.5,11.1,72.4,6,4,1,0,3
15,5,9,0,0,9.7,24.5,42.6,6,3,1,0,5
23,4,2,1,0,10,9.6,89.1,1,3,1,0,3
22,4,4,0,0,9.9,17,70.2,1,3,1,0,4
7,5,6,0,0,10.2,25.7,62.7,3,4,1,0,3
17,3,2,0,0,9.8,12.3,58.7,10,2,1,0,2
14,3,9,0,0,10.2,19.2,79.4,6,3,1,0,3
16,6,6,0,0,10.3,25.2,74.4,6,2,1,0,1
11,1,11,0,0,9.6,11.8,62.5,6,3,1,0,2
19,2,3,0,0,10.5,11.9,59.4,9,2,1,1,2
1,3,10,0,20,6.8,22,44.3,3,2,1,0,1
23,4,4,0,0,10.1,11.5,63.4,1,3,1,0,3
11,1,7,0,0,9.7,29.2,35,7,4,1,0,1
13,4,6,0,0,9.8,22.6,5.7,6,4,1,0,0
19,4,10,1,0,10.1,18.1,1.8,7,4,1,0,5
6,2,2,0,2.2,9.9,7.7,7.7,3,3,1,0,0
21,0,3,0,0,10.2,12.1,84.4,3,2,1,0,3
12,4,1,0,0,10.3,10.5,40.7,6,2,1,0,0
5,6,9,0,0,10.3,23.3,28.5,4,3,0,0,0
22,0,12,0,2.5,9.1,9.6,61,2,3,1,0,0
8,1,12,0,46.2,2,13.5,78.2,8,3,1,0,5
4,0,2,0,0,9.6,12.1,13,2,4,1,0,2
18,6,2,0,0,9.5,13.5,24.2,6,3,1,0,2
16,1,12,0,0,9.6,6.2,25,6,3,1,0,3
17,1,4,0,0,9.6,16.2,86.6,10,3,1,0,4
3,0,5,1,0,10.1,18.4,79.8,3,2,1,0,3
20,0,8,1,0,10.3,25.2,68.4,2,2,1,0,1
0,3,12,0,6,9,13.6,49.5,3,3,1,0,3
0,6,7,0,0,10.4,22.3,18.7,2,4,1,1,3
4,4,9,0,0,10.2,18.5,62.1,2,3,1,0,1
18,1,7,0,0,10.3,24.7,79.4,9,2,1,0,2
22,0,9,0,0,10.2,18.2,43.8,2,2,1,0,3
2,2,9,0,0,9.8,19.4,85.8,3,3,1,0,1
19,5,3,0,7.1,9.2,9.9,52,5,4,1,0,8
17,3,2,0,27.1,4.8,7,76.6,10,4,1,0,5
16,1,1,0,0,10.2,7.3,19.6,6,3,1,1,2
17,4,9,0,0,10.1,24.9,82.3,9,3,1,0,5
16,3,6,0,48.9,0.9,19.6,14,5,4,1,0,3
4,2,10,0,0,9.8,17.1,30.3,2,3,0,0,1
3,1,11,0,0,9.9,11.1,11.5,2,3,1,0,3
23,0,11,0,0,10.4,10.5,6.9,2,2,1,0,5
22,2,7,0,0,10.1,28.9,43.3,1,3,0,0,1
23,1,8,1,0,9.8,28.5,77.4,2,3,1,0,5
17,0,4,0,0,10.5,13,31,8,4,1,0,5
7,1,9,1,32.5,4.2,24,39.2,6,3,1,0,4
17,4,12,0,0,10.5,13.8,65.2,8,4,1,0,1
5,0,1,0,37.8,2.7,10.7,45.6,3,3,0,0,2
1,5,5,0,0,9.8,17.6,88.2,3,3,1,0,6
21,5,12,0,0,10,10.3,7.8,3,3,1,0,1
6,5,4,0,0,10.3,13.2,47.2,4,2,1,0,1
16,6,4,0,6.6,8.5,16.7,61.8,5,3,1,0,4
15,6,3,1,4,9.5,8,11,4,3,1,0,4
17,6,3,0,7.5,9,15.9,63.4,7,3,1,0,2
20,6,8,0,0,9.6,22.7,70.3,4,3,1,0,4
16,0,11,0,0,9.8,14.6,46.4,6,4,1,0,4
5,3,5,0,0,9.8,22,17.5,2,3,1,0,0
7,4,6,0,0,9.8,26.6,26.9,8,3,1,1,6
18,1,12,0,0,9.7,7.1,1.4,9,3,1,0,2
6,5,1,0,0,9.9,5,73.3,3,3,1,0,1
4,2,7,0,0,9.8,29.6,62,3,4,1,0,2
21,5,7,0,0,9.7,25.8,50.2,2,4,1,0,2
0,4,12,0,29.7,4.7,10.5,39.2,3,3,1,0,3
12,5,8,0,23.1,6.1,29,16.7,7,2,1,0,1
5,6,10,0,0,9.8,18.3,83.1,2,3,1,0,1
2,3,7,0,0,9.5,29,70.3,3,3,1,1,3
17,0,9,0,0,10.5,24.5,61.5,9,4,1,0,6
12,5,5,0,0,9.5,20.3,57.9,6,4,1,0,2
15,3,3,0,0,10,11.9,18.5,6,4,1,0,0
18,5,5,1,49.2,1,19.5,5.1,5,3,1,0,9
23,6,4,0,0,10,15.2,75.7,2,3,0,0,6
13,3,2,0,0,9.6,10.1,19.7,7,3,1,0,1
11,1,4,0,0,9.7,16.7,69.5,6,3,1,0,0
0,1,11,0,0,9.5,10.7,21.5,1,2,1,0,0
11,3,3,0,0,10.5,8.4,42.8,6,3,1,0,3
6,3,5,0,0,10.3,22.3,46.1,3,3,1,0,2
7,0,11,0,0,10.2,11.7,36,9,2,1,0,2
8,4,6,0,0,10.4,21.3,35.7,9,2,1,0,4
0,5,10,0,0,10.3,20,68.2,3,2,1,0,3
3,6,5,0,47.8,1.6,19.2,34.4,2,2,1,0,4
23,3,8,0,0,10.5,27.3,33.9,2,2,0,0,4
3,4,4,0,0,9.9,14.5,4.7,2,2,0,0,3
5,2,5,0,0,10.4,20.6,3.7,1,2,1,0,0
15,1,6,0,37.2,2.8,25.9,72.9,6,3,1,0,2
7,0,9,0,0,10.4,21.1,23,9,2,1,0,2
19,3,11,0,23.1,5.7,15.9,53.7,8,3,1,0,5
14,3,6,0,0,9.8,22.1,38.8,6,3,1,0,0
15,5,6,0,0,10.2,21.7,5,5,2,1,1,3
18,1,8,0,0,10,28.4,81.1,9,2,1,0,6
21,5,4,0,0,10.3,16.1,65.7,3,4,1,0,2
12,3,3,0,0,10,10.8,77.2,6,4,1,0,4
12,6,8,0,0,9.7,26.9,45.2,7,4,1,0,1
0,5,3,0,0,10.3,8.9,64.2,2,2,1,1,3
19,0,7,0,0,10,22.5,22.4,9,2,1,0,2
8,0,12,0,0,10.1,6.6,41.7,7,3,1,0,5
4,0,3,0,41.3,3.1,15.3,46.3,3,3,0,0,4
21,5,2,0,0,10.5,12.9,57,4,2,1,0,1
0,2,7,0,0,9.9,25,69.3,3,2,0,0,1
8,5,10,0,11.6,8.4,19.6,13.5,3,2,1,0,2
12,5,1,0,0,10.5,7.7,78.1,6,2,1,0,2
8,1,2,0,0,9.6,12.9,55.9,8,2,1,0,1
20,5,7,0,13.2,7.8,23.7,4.4,2,2,1,0,2
14,6,1,0,47.4,1.3,7.1,0,6,3,1,0,7
7,4,12,0,0,10.1,12.7,73.9,7,2,1,0,7
8,5,6,0,0,10.3,21.6,84.3,4,2,1,0,5
4,4,8,0,0,9.7,23.1,51.9,2,3,1,0,2
2,0,12,1,0,9.7,7.4,76.5,2,3,1,0,1
9,4,9,0,0,10,20.7,66.1,9,3,1,0,3
11,2,7,0,0,9.8,25.4,84.9,7,3,1,0,3
22,2,2,1,0,9.9,10.8,12.8,1,3,1,1,5
17,0,1,1,0,10.2,5.5,51.7,6,3,1,0,3
2,5,2,0,33.3,3.9,12.4,26.9,3,3,1,0,4
2,0,3,0,43.5,2.4,13.2,49,2,2,1,0,5
2,0,12,0,0,10.1,12.7,28.8,3,3,1,0,3
20,3,2,0,0,10,10.5,70.7,3,3,1,0,1
11,2,7,0,0,9.7,28.4,45.5,6,3,1,0,2
17,5,8,0,0,10.4,29.1,26.2,6,3,1,0,2
20,4,10,1,0,10.3,20.2,74,2,3,1,0,2
22,4,10,0,0,10.3,20.6,34.7,2,2,0,0,1
18,5,7,0,0,10.1,26.2,55.9,6,3,1,0,2
17,6,1,0,20.3,6.7,7.4,35.2,6,2,1,0,4
14,0,1,0,11.4,7.7,6.4,21.3,6,3,1,0,3
17,2,7,0,0,10.4,27.1,32.3,9,3,1,0,4
15,3,8,0,0,9.8,29.3,10.7,7,3,1,0,1
22,1,9,0,0,9.8,25.3,28.9,2,2,1,0,1
17,5,10,0,0,10.2,14.2,85.2,6,2,1,0,7
5,6,1,0,22.9,5.6,9.3,74.8,3,2,1,0,8
19,3,3,0,1.8,9.2,10.6,6.3,9,3,1,0,1
6,5,1,0,0,9.7,12.6,80.7,3,3,1,1,4
5,0,6,1,0,10.1,26.6,59.1,2,2,1,0,4
14,6,5,0,5,9.5,22.3,47.8,8,2,1,0,3
5,0,3,1,0,9.5,13.3,53.8,2,2,1,0,2
6,6,6,0,0,10.3,23.1,66.4,3,3,1,0,3
23,6,11,0,0,10,15.3,2.9,2,3,1,0,3
7,5,9,1,0,10.5,19.1,76.2,3,2,1,0,2
3,0,6,0,0,10.1,20.9,25.2,3,3,1,1,3
0,1,11,0,0,10.4,10.1,17,3,3,1,0,4
14,3,12,0,41.6,2.4,7.5,2.3,5,2,1,0,3
19,3,3,0,0,10.3,9.6,40.1,9,4,1,0,2
8,2,6,0,47.6,1.8,23.2,82.1,8,3,1,0,5
4,2,10,0,0,10.3,19.6,83.8,2,3,1,0,0
2,4,5,0,2.6,9.4,18.3,77.4,2,3,1,0,4
8,2,7,0,0,10.4,28,13.1,8,3,1,0,2
8,1,8,1,0,10.1,24.6,87.2,7,3,1,1,5
12,3,4,0,0,10.3,17.5,18.2,5,3,1,0,3
5,0,4,0,8.5,8.9,18.3,44.3,2,2,1,0,2
21,1,12,0,0,10.2,7.4,88.2,3,2,1,0,0
3,6,2,0,0,10.1,7.2,3.1,3,2,1,0,0
6,1,9,0,0,9.6,18.5,42,3,3,1,0,2
21,1,6,0,0,9.9,21.1,82.9,2,3,1,1,1
23,1,8,0,0,10.1,26.5,33.3,3,2,0,0,2
5,6,2,0,0,9.5,11.7,42.9,3,3,0,0,1
15,6,5,0,0,9.9,18.2,37.2,7,4,1,0,5
5,0,11,0,0,10.3,15,43.2,2,2,1,0,0
7,1,12,0,0,9.6,7.4,70.7,8,4,1,0,3
4,4,2,0,0,9.9,9.5,11.3,3,2,1,0,0
23,0,7,0,0,9.8,27,32.8,3,3,1,0,3
2,6,11,0,0,10.4,14,27.6,3,2,1,0,2
23,4,5,1,0,10.5,20.7,13.3,3,2,1,0,3
18,5,10,0,6.5,8.5,16.3,89,6,3,1,0,6
0,0,10,1,0,10.3,16.9,8.6,2,3,0,0,3
0,2,7,0,0,10.4,26,62.3,2,4,1,0,0
15,2,12,0,0,10.5,11.1,41.8,6,2,1,0,5
3,5,6,0,0,10.4,20.5,51.4,3,3,1,0,3
17,4,11,0,0,10,11,18.9,8,4,1,0,4
13,4,4,0,0,10.1,18.2,25.3,6,4,1,0,2
4,3,11,0,0,9.8,16,55.7,3,2,1,1,1
15,5,7,0,0,9.6,27.5,3.1,5,3,1,0,3
22,4,3,0,0,10.1,10.9,40.4,3,2,0,0,2
12,5,8,0,0,9.7,29.4,48,8,2,1,0,1
23,5,3,0,0,9.7,8.2,47.4,3,2,1,0,1
5,4,9,0,0,9.8,18.6,6.3,2,3,1,0,1
10,3,11,1,0,9.5,15.9,57.5,3,3,1,1,3
0,1,3,0,0,10.2,10.1,43,2,4,1,0,2
5,4,12,0,25.2,5.5,12.4,55.1,1,2,0,0,2
3,6,4,0,0,9.8,14.5,65.1,4,4,1,0,2
21,0,10,0,0,10.1,19.4,32.3,4,2,1,0,1
9,5,5,0,0,10.3,15.2,42.4,7,2,1,0,2
14,5,9,0,0,10,22.6,66.1,7,2,1,0,5
22,2,10,0,0,10.2,17.2,67.5,3,2,1,0,2
1,6,6,0,0,9.8,23.6,79,4,2,1,0,1
9,4,5,0,0,10.3,17.4,20.1,8,3,1,0,4
20,1,8,0,0,9.6,29.8,72.4,4,4,1,0,2
2,1,9,0,49.2,1.3,25.4,23.4,1,3,1,0,7
2,5,2,0,31.4,4.2,8.5,6.3,4,3,1,0,10
14,5,1,0,0,9.9,11.2,47.9,6,3,1,0,5
21,3,5,0,0,10.3,15.2,71.3,2,2,1,0,0
0,3,3,0,0,9.7,15.3,10.6,1,4,0,0,3
23,0,7,0,0,9.5,28.5,29.4,2,3,1,0,0
6,6,12,0,0,10.3,12.4,39.5,4,2,1,0,2
10,2,5,0,9.5,7.8,16,83,6,3,1,0,5
22,3,11,0,0,10.3,13.1,2,2,4,0,0,6
23,1,8,0,0,9.6,26.3,25.8,1,2,1,1,3
10,3,6,0,0,10.2,26.9,53.4,6,3,1,0,2
2,3,1,0,49.7,1,9.2,33.7,2,4,1,1,5
1,3,4,0,0,10.3,15,65.1,1,2,1,0,5
9,6,5,0,37.7,3.1,18.1,25.1,6,2,1,0,4
20,6,10,0,8.9,8.8,15.1,41.4,4,3,1,0,1
1,5,9,0,0,10.4,23.2,61.8,3,3,1,0,6
19,6,7,0,0,10.3,25.3,73.9,6,3,1,0,8
7,5,11,1,37.1,3,9.8,1.5,2,3,1,0,9
15,3,1,0,32.5,4.3,6.5,50.8,5,2,1,0,1
22,1,10,0,0,10.4,14.5,52.4,3,3,1,0,3
12,2,6,0,0,9.7,19.6,85.4,7,3,1,0,7
5,5,4,1,0,10.2,18.5,67.1,2,3,1,0,3
18,5,4,1,0,9.7,15.5,57.5,5,3,1,0,5
5,2,9,0,0,10.2,22.8,51.1,2,2,1,0,0
9,4,2,0,40.6,3,12.4,8.5,8,3,1,1,6
13,1,3,0,0,9.9,8.7,56.7,5,3,1,1,3
13,2,11,0,0,9.7,11.3,50.9,6,4,1,0,3
19,1,1,0,0,10.4,9.2,81.6,10,2,1,0,5
7,6,9,0,0,10.1,23.5,8.6,4,3,1,0,0
13,2,6,0,0,10,26.2,17.4,7,3,1,0,3
1,1,8,0,0,10.4,28.6,23.7,1,3,1,0,2
8,3,6,0,0,10.1,22.2,24.5,8,3,1,0,3
11,5,4,0,0,10,14.2,78.1,7,3,1,0,6
20,5,6,1,0,10.2,20.2,50.5,3,3,1,0,4
6,6,7,0,0,10,23.3,67.1,2,3,1,0,1
5,2,3,0,0,10.3,10.8,47.9,2,2,1,0,1
20,2,10,0,0,10.3,19.1,39.6,2,3,1,0,2
7,5,2,0,0,9.5,6.5,48.2,3,3,1,0,4
12,5,10,1,0,10,20.8,80.5,6,2,1,1,5
18,6,11,0,18.3,6.7,16.7,37.1,6,3,1,0,4
11,5,11,1,26.7,5.6,15,2.9,5,2,1,1,4
5,1,2,0,0,9.8,13,72.1,2,2,1,0,4
11,6,6,0,0,10.3,22.7,0.7,7,2,1,0,2
13,0,8,0,0,9.8,25.9,40.7,6,2,1,0,0
9,4,9,0,0,10,22.4,35.6,8,3,1,0,2
20,2,4,0,0,10.4,12.7,63.7,3,4,1,1,1
9,5,10,0,0,9.6,20.2,56.4,8,3,1,0,4
8,3,2,0,2.8,9.1,7.9,67.1,8,3,1,0,4
12,4,8,1,0,10.1,22.8,22,5,2,1,0,2
0,6,12,0,10.6,8.3,7.4,50.6,3,3,1,1,7
20,4,10,0,0,10.1,18.5,31.2,2,3,1,0,1
2,6,4,0,0,9.9,17.7,81,4,3,1,0,5
21,0,7,0,0,10.4,28.6,63.1,4,2,0,0,0
1,2,7,0,0,9.6,28.1,67.1,2,4,1,1,2
14,2,10,0,0,9.5,14.6,59.6,5,2,1,0,0
8,0,9,0,0,10,20.3,48.2,7,4,1,0,2
11,1,3,0,0,10.2,9.1,19.4,6,2,1,0,1
1,1,8,0,0,10.3,22.7,83.1,1,2,0,0,7
10,3,3,0,0,10.2,14.3,89.1,5,4,1,0,3
0,5,8,0,0,10.2,23.6,21.4,2,3,1,0,3
0,4,4,0,0,10.4,15.8,65.7,3,3,1,0,2
14,6,2,0,3.4,9.8,7.9,16.9,7,3,1,0,2
21,0,7,0,0,9.5,23.3,2.4,2,3,1,0,2
21,3,4,0,9.4,8.6,18.2,52.9,3,3,1,0,0
14,4,6,0,0,9.9,25.9,78.3,7,3,1,0,5
6,0,3,0,0,9.9,12.5,70.1,2,2,1,0,3
13,6,5,0,18.4,6.6,16.6,76.9,7,2,1,0,8
10,0,5,0,36.2,3,15,57.6,6,3,1,0,4
7,0,2,0,21,5.9,13.4,3,8,2,1,0,3
4,6,6,1,0,9.7,21.9,73.6,2,3,1,0,5
8,1,2,0,0,9.8,7.5,72.3,8,3,1,0,2
21,0,3,0,0,10,8.7,42.6,3,4,1,0,0
20,1,7,0,0,10.1,30,63.9,3,3,1,0,2
20,0,4,0,0,9.8,14.2,59.4,3,3,1,0,0
19,1,7,0,0,10,27.8,70.6,9,3,1,0,2
12,5,8,0,0,9.5,28.7,72.2,8,2,1,0,1
14,4,2,0,0,9.6,8.8,19.6,5,3,1,0,2
23,5,2,0,33.8,4.4,7.5,74.4,3,2,0,0,3
20,6,3,0,0,9.9,12.7,86.2,4,2,1,0,2
19,3,4,0,0,9.9,12.2,79.6,10,2,1,0,3
1,0,8,0,0,10.3,23.4,58.2,1,2,1,0,3
20,3,6,0,16.1,7.4,23.5,76.5,3,2,1,0,2
17,2,1,0,0,9.9,7.9,83.3,8,4,1,0,3
21,6,12,0,39.1,2.5,9.5,89.4,3,2,1,0,7
19,2,7,0,0,9.7,24.3,52.2,9,3,1,0,4
6,1,9,0,0,9.9,19.1,66.3,3,4,1,0,2
11,1,4,0,0,9.6,12.4,34.9,7,2,1,0,2
3,1,12,0,9.5,8.5,10.3,52.7,2,3,1,0,7
8,4,8,0,24.4,5.4,27.9,15.2,8,3,1,0,2
10,2,2,0,0,10.1,7.4,81.2,5,3,1,1,3
19,2,6,0,0,9.5,19.8,27.6,9,3,1,0,3
13,5,5,0,0,9.7,19.7,10.1,7,3,1,0,1
3,2,8,0,0,9.5,23.3,37.6,2,3,1,0,2
23,2,8,0,0,10.2,24.8,56.8,2,4,1,0,2
6,0,1,0,33.3,3.7,10.6,61.6,3,3,1,0,3
23,1,8,0,0,10.3,27.2,0.1,2,2,1,0,2
22,6,9,1,0,10,21.9,80.3,1,2,1,0,3
2,2,3,0,0,9.9,10.4,66.3,3,3,1,0,4
6,4,1,0,0,9.7,9.4,72,3,2,1,0,5
22,0,11,0,41.4,2.5,11.1,26.1,2,3,1,0,3
10,1,10,1,0,10.3,15.3,66.8,3,2,1,0,5
14,1,8,0,0,9.8,28.4,0.3,7,3,1,0,1
5,5,8,0,0,9.7,28.4,54.2,3,2,1,0,5
4,3,5,0,0,10.1,21.2,4.3,2,2,1,1,3
0,1,3,0,0,10.3,15.5,40,2,4,1,0,1
20,0,3,0,0,9.9,11.9,14.2,4,3,1,0,0
22,5,5,0,0,10.2,18.9,53.5,4,2,1,0,1
0,6,11,0,0,9.9,10.7,88.5,3,2,0,0,0
20,2,7,0,0,10.1,24.4,85.2,2,3,1,0,2
20,2,1,0,37.4,3,5.8,17.7,3,2,1,1,7
19,1,2,0,0,10,9.4,82.4,9,3,1,0,1
23,3,11,1,0,9.8,14.4,41.9,2,3,1,0,3
18,2,4,0,0,9.6,17.9,29.3,8,3,1,0,5
7,0,7,0,0,10.4,22.1,45.8,7,2,1,1,3
12,6,3,0,0,10.2,9.2,21.1,7,3,1,0,3
18,4,7,0,0,10.4,30,76.7,9,3,1,1,4
14,3,2,0,36.6,3.9,8,7.7,6,2,1,0,1
10,5,9,0,0,9.9,19.1,58.8,8,3,1,0,2
6,5,12,0,0,10.5,7.2,33.4,4,4,1,0,2
12,4,12,0,0,9.5,6.5,87.3,6,2,1,0,1
5,6,9,0,0,9.9,21.3,69.9,2,3,1,0,3
21,4,3,0,0,10.1,11.2,47.5,3,2,1,0,1
15,1,5,0,0,10.1,17.1,63,5,4,1,0,0
7,1,9,0,0,9.5,22.7,36,9,4,1,0,2
18,1,8,0,0,9.5,27.1,76.3,8,2,1,0,1
16,1,9,0,0,10.3,22.5,11.9,7,3,1,1,4
8,6,3,0,0,10.1,10,73.1,4,3,1,1,1
12,5,6,0,0,10.1,23.2,37.1,7,3,1,0,2
21,4,12,0,0,10.5,7,47.2,2,3,0,0,3
19,3,5,1,0,10.2,15.2,87.5,7,3,1,0,6
5,0,12,0,0,10.3,12,87.4,1,3,1,0,2
4,2,2,0,10.8,7.6,8.1,85.5,1,3,1,0,2
9,6,12,0,0,10.1,12.9,13.5,6,3,1,0,2
9,5,2,0,0,9.8,7.6,79.2,8,2,1,0,6
22,2,12,0,0,10.1,7.7,72.7,2,2,1,0,1
1,3,4,0,0,10.3,13.4,63.8,2,2,1,0,2
14,0,12,0,16.8,6.9,11.1,59.3,5,4,1,0,0
11,1,4,0,0,9.6,14.9,73.7,7,2,1,0,1
2,6,5,0,0,10.3,20.4,39.5,3,4,1,0,3
8,1,9,0,0,9.8,19.9,23.6,7,3,1,0,2
8,6,12,0,0,9.7,13.2,39,2,3,1,1,5
22,6,9,0,0,10.3,23.8,14.7,3,2,1,0,0
3,1,9,1,0,10.2,21.9,86.2,3,2,0,1,4
17,0,11,0,0,10.1,9.9,74.2,9,3,1,0,4
18,3,7,0,0,10.4,23.9,66.2,10,2,1,0,6
22,1,9,0,0,9.8,20.6,23.7,1,2,1,0,0
12,5,11,0,0,10.4,13.5,61.2,7,2,1,0,4
17,0,11,0,29.8,4.9,13.9,30.5,9,4,1,0,8
4,2,6,0,0,10.5,23.8,30,2,3,1,0,1
8,0,11,1,50,1.1,10.9,12.7,6,3,1,0,1
22,1,2,0,0,9.6,12.8,63.5,2,4,1,1,5
20,2,7,0,0,10,22.4,32,4,4,1,1,0
21,3,9,0,0,10.5,25.8,68.5,3,2,0,0,6
20,6,2,0,0,10.4,10.6,62.8,4,4,1,0,2
0,3,9,0,0,9.8,25.4,19.2,3,3,1,0,3
22,1,8,0,1.7,9.7,24.2,49.8,3,3,1,0,2
14,3,6,0,0,10.3,21.1,82,6,3,1,0,3
8,3,11,0,0,10,9.4,10.6,9,3,1,0,2
6,0,11,0,0,9.5,10.9,63.6,3,3,1,0,2
23,4,7,0,0,10.1,24,27.3,3,3,0,0,2
0,6,11,0,0,9.8,9.5,37.3,3,3,1,0,2
23,0,11,1,0,10,9.4,27.1,1,3,1,0,1
3,3,9,0,0,10.2,25.9,8.2,2,3,1,0,0
11,3,2,0,0,9.6,10.1,6.2,5,2,1,0,4
10,5,11,0,0,9.8,12.1,27.5,8,3,1,0,2
0,0,8,0,0,10.1,24.7,8.6,2,3,1,0,1
20,5,3,0,0,9.8,12.8,18,2,3,1,0,1
17,5,1,0,9.8,8.6,5.5,31.9,5,3,1,1,4
16,6,9,0,0,10.2,18.1,61.6,6,2,1,0,5
5,5,8,0,0,9.6,22.3,68.4,4,3,1,0,2
6,1,2,0,0,10.5,8.7,6,3,2,1,0,0
12,0,4,0,12.9,7.7,15.3,74.5,7,2,1,0,3
20,4,11,0,0,10.1,10.9,45.2,2,3,1,0,1
15,4,6,0,0,10.3,19.7,69.7,6,2,1,0,1
15,0,8,0,0,10.1,28.9,47.1,6,2,1,0,4
7,6,9,0,0,9.8,23.1,51.2,2,3,1,0,2
10,1,3,0,0,10.2,11,52.2,7,2,1,0,1
13,3,9,0,0,10.5,20.2,20.7,6,3,1,0,3
16,3,7,0,0,9.6,22.5,75.5,7,3,1,0,1
4,4,2,0,0,9.7,10.4,77.2,2,3,0,0,3
0,4,12,1,11.6,7.8,13.2,21,2,3,1,1,3
15,1,4,0,0,9.7,15.4,48.7,5,3,1,0,2
9,2,1,0,3.6,9,7.3,25.1,9,2,1,0,0
13,5,2,0,42.9,2.6,12.8,77.4,8,3,1,0,8
20,5,4,0,0,10.1,12.7,10.8,2,3,1,0,1
22,4,6,0,0,9.6,20.9,35.3,2,3,0,0,4
2,5,9,0,0,10.2,19.5,72.4,2,2,1,0,0
21,1,10,0,0,10.2,21.1,15.6,3,2,1,0,1
18,2,9,0,0,10.1,18.9,40.2,8,4,1,0,3
14,6,11,0,39.6,3.1,15.3,15.4,7,2,1,0,4
3,1,11,0,0,10.1,12,79.5,2,4,1,0,5
19,5,2,0,40.7,2.5,8.8,68.1,7,3,1,0,7
13,6,8,0,0,9.6,23.2,65.7,7,2,1,0,0
11,4,5,0,48.1,1.6,17.9,69.9,6,4,1,0,5
19,6,8,0,0,9.9,28.7,38.5,7,3,1,0,4
19,2,4,0,0,9.9,14.2,82.6,8,2,1,0,1
19,2,9,0,18.3,6.7,24.2,74.8,9,3,1,0,2
16,5,1,0,16.3,7.1,8.9,82.7,5,2,1,0,3
17,5,5,0,0,10.3,19.9,43.5,5,3,1,0,5
0,5,10,0,0,10.2,21.6,48,4,2,1,0,1
14,4,11,0,0,10.2,12.4,63,5,4,1,0,4
6,2,6,1,0,10.3,26.1,4.3,3,3,1,0,1
22,4,10,0,35,3.3,19.1,69,3,4,1,0,6
13,6,10,0,15.7,7.3,16.9,68.7,7,4,1,0,6
18,5,1,0,47.8,1.2,6.5,61.2,6,3,1,0,8
14,3,9,0,0,9.7,18,43.9,7,2,1,0,1
20,2,3,0,32.7,4.5,11.7,61.5,3,3,1,0,2
22,3,7,0,0,10,26.5,86.5,3,3,1,0,4
17,2,9,0,0,10.4,21.3,38.3,9,4,1,1,0
4,4,3,0,0,9.7,15.5,26.5,3,2,1,0,1
3,6,6,0,0,9.8,25.1,3.9,3,2,1,1,3
14,3,5,0,0,9.5,22.9,62.3,5,4,1,0,0
3,6,10,0,0,10.1,20.3,27.9,2,4,1,0,2
0,5,3,0,0,10.1,12.6,55.5,3,2,1,0,4
3,1,11,0,26.5,5.2,13.5,7.8,2,2,0,0,5
9,4,11,1,0,10,15.7,36.2,5,3,1,0,2
0,2,4,0,46.9,1.3,18.8,38.6,2,3,1,0,4
1,1,5,0,0,10.4,22.3,11.1,2,4,1,0,2
14,6,8,0,0,9.7,25.6,59.5,6,2,1,0,3
6,3,9,0,0,10.4,20.8,31.6,3,2,1,0,0
17,1,5,0,0,10.1,17.1,47.5,10,3,1,1,2
14,3,2,1,0,10.4,13.7,70.6,4,2,1,0,2
15,0,5,0,0,10.5,19.4,81.8,5,3,1,0,3
9,6,4,0,0,10.4,15.6,44.5,7,3,1,0,5
16,3,8,0,0,10.4,23.9,1.3,7,2,1,0,0
9,4,6,0,0,10,26.9,22.5,7,2,1,0,4
5,2,1,1,46,1.7,12.7,8.4,2,2,1,0,6
13,1,2,0,0,9.9,8.2,83.1,7,3,1,0,1
11,4,8,0,0,9.5,24.8,24,5,3,1,0,2
14,0,10,0,0,9.7,16.7,70.2,5,2,1,0,2
8,5,10,0,0,10.1,15.6,39.3,2,4,1,0,3
10,4,9,0,0,9.8,23,36.4,5,4,1,0,0
3,0,12,0,0,9.7,7.5,49.5,2,4,1,0,2
6,2,12,0,0,10.3,6.5,61.2,3,3,1,0,2
16,6,6,0,0,10.4,22.9,49.3,7,4,1,0,0
14,3,4,1,0,9.8,18.5,1.6,5,3,1,0,4
11,1,10,0,0,9.8,14.4,29.6,6,2,1,0,3
5,4,5,0,0,10.3,20.3,61.3,1,2,0,0,3
7,5,7,0,24.4,5.7,26.3,16.2,3,4,1,0,7
7,5,1,0,0,10.3,6.7,27.4,3,3,1,0,3
8,1,1,0,0,10,9.8,42.7,8,3,1,0,7
12,6,8,0,0,10.1,22.3,13.9,6,4,1,0,0
16,5,5,0,25.7,5.6,17.5,10.6,6,4,1,0,5
6,4,12,0,0,9.9,14,29.5,2,3,1,0,2
5,2,10,0,27.4,5.1,16.1,13.6,1,4,1,0,1
5,4,11,0,0,9.8,10.5,82.4,2,3,0,0,2
8,6,12,1,0,9.5,6.8,30.2,3,3,1,0,4
11,2,6,1,0,10.3,26.2,48.8,3,3,1,0,2
2,0,1,0,47,1.1,8.1,35.7,2,3,1,1,5
6,5,12,0,0,10,13.7,24.6,4,3,1,0,3
21,1,7,0,0,10.1,26,10.8,2,3,1,0,1
23,3,1,0,0,9.6,8.4,56,2,3,1,0,1
4,3,10,1,0,9.9,16.2,75.1,2,2,1,0,2
22,6,12,0,14.9,7,11.9,23.9,3,4,1,0,0
17,4,12,0,0,9.6,12,9.9,10,4,1,0,4
16,3,3,0,38.9,3.4,14.3,59.8,5,4,1,0,3
8,0,6,0,0,9.8,25.2,0.5,8,3,1,0,5
5,2,3,0,0,9.7,11,17.4,1,3,1,0,0
19,5,4,0,0,10.2,11.4,24.5,5,2,1,0,2
6,5,11,1,13.2,7.5,10.4,15.2,1,3,1,0,3
15,0,12,0,0,9.7,7.8,55.9,7,3,1,0,2
1,5,2,1,0,9.8,6.6,65.8,3,2,1,0,3
9,4,8,0,0,10.4,29.5,28.6,8,3,1,0,6
21,2,2,0,24.2,5.8,11.2,86.6,3,2,1,0,4
5,0,2,0,0,10.1,13.4,56.3,3,4,1,0,0
14,4,11,0,0,10.4,15,24.5,7,3,1,0,3
6,3,7,0,0,10.5,22.4,35.3,4,4,1,0,5
6,6,4,0,1.7,9.9,17.9,22.6,3,3,1,0,0
14,3,3,0,25.7,5.6,9.4,4.6,6,2,1,0,7
8,6,1,0,0,9.5,8.3,71.3,2,3,1,0,2
9,3,11,0,30.2,4.3,15.1,51.7,7,4,1,0,6
16,1,10,0,0,9.9,21.6,84,6,4,1,0,0
7,5,12,0,25.8,5.7,7,42,2,4,1,0,10
19,2,1,0,0,10.2,9.5,3.3,8,2,1,0,3
1,2,8,0,0,9.7,25.9,45.3,2,2,1,0,2
11,3,1,0,16.9,6.6,7.9,27.3,6,4,1,0,3
5,6,1,0,50,1.2,12.3,57,3,4,0,0,7
12,3,1,0,0,9.7,5.4,60.9,6,2,1,0,1
13,2,5,0,0,10.1,22.8,85.8,6,3,1,0,1
19,1,5,0,0,10.1,16.6,78.6,9,2,1,0,4
17,6,2,0,0,10.3,6.8,50.5,7,3,1,0,3
20,6,9,0,0,9.9,25.9,41.3,3,2,1,0,1
12,2,12,0,0,9.8,11.7,43.7,6,2,1,0,0
3,2,1,0,0,9.8,5,75.3,1,3,1,0,0
18,1,12,0,12,7.4,11,9.1,10,2,1,0,6
10,3,5,0,0,9.7,22.6,2.2,5,2,1,0,1
8,5,8,0,0,9.8,28.7,13.7,3,4,1,0,1
18,0,12,0,0,9.7,9.3,25.2,9,4,1,0,2
15,3,1,0,0,10.4,11,38.7,6,2,1,0,0
14,3,11,0,0,9.7,15.9,35.7,5,2,1,0,0
20,4,7,0,0,10.4,23.6,86.6,4,4,1,0,1
0,5,8,0,0,9.9,28.2,10.2,4,3,1,0,0
15,3,11,0,0,10.1,9.7,36.9,6,3,1,0,2
18,3,10,0,14.1,7,17.8,7,10,3,1,0,7
2,2,2,0,0,9.5,8.3,37.8,1,3,1,0,3
3,0,8,0,0,9.6,25.1,88.6,3,4,1,0,4
12,6,2,0,0,9.6,9,46.9,8,4,1,1,3
20,3,7,0,0,10,29.6,87.4,4,3,1,1,2
16,6,2,0,0,10.1,6.1,69.7,6,3,1,1,5
7,4,2,0,0,9.8,11.9,26.3,8,3,1,0,4
2,1,10,0,0,9.9,15,25.8,1,4,1,0,1
16,6,4,0,0,10.1,17.8,1.7,7,4,1,0,2
7,0,12,0,0,10,10,57.8,8,4,1,0,4
4,2,9,1,20,6.4,25.7,72.7,2,4,1,0,9
3,0,6,0,0,9.7,25.9,12.9,3,2,0,0,1
0,4,11,0,0,10.1,12.6,35.7,1,3,1,0,1
23,1,5,0,0,9.9,20.5,79.9,3,4,0,0,6
2,2,4,0,0,10.3,11.5,60.1,2,3,1,0,5
19,6,6,0,0,10.3,20,44.7,7,4,1,0,4
1,3,7,0,0,10.4,27.5,61,3,3,1,0,7
23,1,8,0,0,10.1,25.2,76.9,2,4,1,0,2
21,4,8,0,0,9.9,25.8,81.8,3,4,1,0,3
16,0,3,0,35.7,3.7,10.9,77.9,5,3,1,0,5
19,2,6,0,0,10.5,20.5,85.9,10,2,1,0,4
23,2,6,0,0,9.8,24.4,34.9,3,2,1,0,0
8,5,6,0,0,10.3,22.1,79.4,3,3,1,0,4
5,6,12,1,0,10.4,9.4,9.5,2,2,1,0,0
8,0,2,1,3.6,8.9,8.4,8.4,6,4,1,0,3
8,0,8,0,0,9.8,24.3,66.6,8,3,1,0,8
20,0,2,0,14.4,7,9.3,5.1,3,4,1,0,1
13,6,5,1,39.2,2.7,15,2.3,5,3,1,0,1
11,1,6,0,0,9.9,24,34,6,2,1,0,0
7,1,11,0,9,8.7,12,89.6,7,4,1,0,3
20,4,4,0,43.3,2.7,13.3,41.9,4,3,1,1,9
17,4,9,0,0,10.2,20.1,27.6,8,3,1,0,4
6,2,6,0,0,9.9,21.8,88.3,3,2,1,0,1
19,6,7,0,0,10.2,23.6,78.2,6,4,1,0,4
15,1,9,0,0,9.7,23,27.1,6,4,1,0,5
6,2,7,0,0,10,26,22,3,3,1,0,1
5,2,5,0,0,10.3,17.8,42.9,3,3,1,0,2
16,6,10,0,29.7,4.7,14.5,6.4,6,4,1,0,5
23,4,12,1,21.1,5.8,8.4,44,2,2,0,0,5
17,6,6,0,5.3,8.7,25.7,64.7,6,3,1,0,6
0,4,5,0,0,10,19.1,74.5,2,3,1,0,4
9,0,7,0,0,9.7,24.3,84,8,3,1,0,2
23,5,10,0,42.1,2.4,16.9,3.9,4,3,1,0,6
20,4,3,0,0,10,10.8,47.1,2,2,1,0,2
13,4,8,1,0.9,10.1,29.6,65.2,5,2,1,1,5
20,3,10,0,0,10,15.3,60,3,2,1,0,1
0,4,8,0,0,9.6,27.9,25.2,2,2,0,0,1
19,4,12,0,0,9.8,7.6,29,10,2,1,0,5
12,1,2,0,0,9.8,11.6,54.2,7,2,1,0,2
12,2,10,0,0,10.1,17.3,53.8,6,3,1,0,2
7,3,9,0,0,9.6,22.7,75.6,8,3,1,0,2
1,1,3,0,0,10,12.6,81.6,1,3,1,0,0
2,1,7,0,0,9.7,25.1,10,2,2,0,0,2
9,3,5,0,0,9.9,20.3,27.6,9,3,1,1,1
0,0,1,0,15.3,7.1,6.4,57.6,2,3,1,0,2
20,5,9,0,0,10.3,25.3,47.1,2,3,1,0,3
16,4,5,0,0,10.3,15.8,3.7,6,2,1,0,3
23,5,4,0,0,10.1,17.2,56.1,3,4,1,0,1
19,3,11,0,0,10,16.1,27.7,10,4,1,0,3
23,6,9,0,0,9.9,18,13,3,3,0,0,6
6,2,6,0,0,10.5,24,24.1,3,3,1,0,0
14,3,5,0,0,10.4,17.8,22.9,6,3,1,0,4
3,1,7,0,0,10.4,28.3,7.2,1,2,0,0,2
22,0,4,0,0,9.6,13.8,4.7,3,3,1,0,1
4,3,6,0,19.8,6.5,24.3,78.5,3,2,1,0,1
22,0,1,0,0,10.1,5.7,54.9,2,4,1,0,2
11,5,8,1,0,9.9,25.9,48.3,5,4,1,0,4
8,5,8,0,0,9.6,26.5,66.5,3,4,1,0,0
9,1,6,0,0,9.9,26.9,22.2,9,2,1,0,2
15,5,8,0,0,10.5,27.7,1.2,6,4,1,1,3
5,5,4,0,0,10.2,18.3,35.3,3,4,1,1,4
15,0,1,0,0,9.7,12.8,65.1,7,3,1,0,3
17,3,4,0,0,10.2,18.5,42.4,9,3,1,0,3
10,6,1,0,43.3,2,10.4,52.1,7,3,1,0,2
4,4,6,0,0,9.8,23.3,59.6,2,4,1,1,4
15,5,1,0,43.6,2.5,7.1,42.8,6,2,1,0,2
15,0,4,0,0,10.2,18.5,54.6,6,4,1,0,1
19,2,4,0,0,9.9,18.9,77.4,10,3,1,0,6
9,5,9,0,0,9.7,24.7,36.5,6,2,1,0,5
1,5,2,0,0,9.5,6.1,69.7,3,4,1,0,5
1,5,10,0,8.4,8.7,20.8,52.6,3,3,1,0,2
7,3,3,0,26.6,5.7,8.2,16.1,8,3,1,0,1
10,3,2,0,0,9.8,7.6,36,7,4,1,0,0
13,1,5,0,23.1,5.5,22.1,49.7,5,4,1,0,2
15,3,4,0,30.6,4.5,16.4,45.1,5,2,1,0,5
21,3,1,0,28.6,5.1,12,16.8,2,2,1,0,1
6,6,7,0,0,9.8,26.8,24,3,3,1,0,2
7,6,5,0,0,9.6,16.1,19.5,2,3,1,0,2
21,0,5,0,0,9.6,22.2,57.8,4,3,1,1,2
10,5,6,1,0,9.8,23.9,89.3,5,2,1,0,2
15,3,10,0,0,10.4,19,75.4,6,3,1,0,0
13,6,5,0,0,10.2,17.6,10.9,7,2,1,0,0
18,4,10,0,0,9.9,19.6,40.4,9,3,1,0,5
16,6,9,0,0,10.1,23.9,9.1,6,4,1,0,1
1,6,11,0,8.1,8.2,15.5,72,3,2,1,0,2
3,3,3,0,0,10.3,13.2,48.9,3,4,1,0,3
1,2,10,0,31.3,4.6,17.5,21.8,2,3,1,0,4
2,0,8,0,0,10,26,49.2,1,2,1,1,1
5,5,12,0,0,10.1,9.2,57.4,3,3,1,0,1
17,1,6,0,0,10.4,22.3,17.2,8,2,1,0,1
13,1,6,0,0,9.8,22.9,89,7,2,1,0,0
1,0,8,1,0,10.2,27.5,3.6,2,2,1,0,1
2,6,6,1,0,10.5,23.7,4.1,3,4,0,0,4
8,5,12,0,36.9,3.8,7.2,48,3,2,1,1,6
4,2,3,0,0,10,8.2,26.8,2,2,1,0,1
18,5,7,0,0,9.7,25.5,62.1,7,2,1,0,5
9,0,5,0,0,10,16.3,40.4,7,3,1,0,3
11,5,5,0,0,10.3,17.6,19.3,6,4,1,0,6
23,5,6,0,0,10.1,24.6,77.4,3,3,1,0,4
3,3,11,1,29.6,4.6,16.8,50,3,2,1,0,3
20,1,5,0,0,10.4,19.8,75.3,4,3,1,0,3
6,6,6,0,0,9.6,24.8,23,2,4,1,0,1
11,0,6,0,45.7,1.5,24.2,32.7,7,3,1,0,5
20,2,2,0,0,10.1,13,68.3,4,3,1,0,1
3,0,2,0,30.5,4.6,13.3,78,2,3,1,0,2
19,0,7,0,0,10.3,23.2,19.3,8,4,1,0,0
8,6,10,0,32.2,4.3,15.7,62.8,3,3,1,0,4
0,1,3,0,0,9.7,11.7,54.2,2,4,1,0,2
7,2,2,0,0,10.1,8.6,60.6,7,4,1,0,0
20,0,9,0,0,10.5,19.6,53.5,3,3,1,0,2
2,4,12,0,0,9.8,12.1,68.5,2,2,1,0,2
0,1,11,0,39.9,3.2,12.7,80.7,1,3,1,0,10
21,3,10,0,23,5.7,15.9,38.4,3,3,1,0,1
21,4,2,0,14.6,7.2,9,33.7,2,2,0,0,2
1,5,10,0,0,10.3,18.4,7.7,4,3,1,0,4
15,1,3,0,0,9.7,11,23.1,7,3,1,0,2
6,4,4,0,0,10.3,12.8,82.8,4,3,1,0,2
16,1,1,0,0,9.8,9.9,71,6,3,1,0,1
9,6,11,0,0,10.5,15.5,21.5,8,2,1,0,3
15,1,8,0,0,10.2,24.7,41.2,6,3,1,0,0
4,6,5,0,0,9.8,18.5,50.9,3,3,1,0,3
6,5,12,0,0,9.5,13.4,82.3,4,3,1,0,3
7,6,6,0,0,10.5,25,26.5,4,3,1,0,3
14,3,6,0,0,10,20.8,56.9,6,4,1,1,2
17,5,1,0,0,10.2,6.1,49.5,6,2,1,0,4
17,0,1,0,0,10,7.2,28.4,8,3,1,0,4
16,6,9,0,25.7,5.6,18.3,83.9,6,2,1,0,4
10,2,4,0,0,10.3,15.9,71.4,6,3,1,1,0
3,0,3,0,0,9.9,14.8,80,2,4,1,0,4
15,4,8,0,0,10.5,22,18.3,7,2,1,0,2
22,2,6,0,0,10.3,26.2,12.3,2,2,1,0,3
14,6,4,0,0,10,15.8,55.1,7,2,1,0,1
0,0,8,0,0,10,27.4,9.7,2,3,1,1,2
0,0,10,0,0,10,15.3,49.7,1,3,1,0,2
9,6,9,0,0,10.1,18.1,53.4,6,2,1,0,2
4,5,8,0,32.4,3.9,26,2.4,2,3,1,0,9
5,5,6,0,0,10,22.7,1,4,4,0,0,3
9,2,8,0,0,10.2,28.6,4.4,8,4,1,1,3
8,1,12,0,14.8,7.6,6.1,68.3,9,2,1,1,7
4,6,2,0,35.5,3.7,6.8,63.6,2,2,1,0,8
17,4,1,0,26.4,4.8,11.2,83.5,8,3,1,0,5
6,5,8,0,0,10,30,56.8,3,4,1,0,4
16,4,4,0,0,9.9,14.8,38.8,7,2,1,0,1
18,2,10,0,38.6,2.8,16.5,51.4,9,2,1,0,3
0,6,10,0,0,9.7,21.8,8.8,3,3,1,0,4
8,3,4,0,2.9,9.5,14.1,65.6,8,2,1,0,3
11,1,1,0,0,10.3,12.9,7.7,5,3,1,1,3
23,0,8,0,0,10.2,24.4,47.4,1,3,1,0,2
7,3,1,1,14.3,7.7,11.7,18.6,7,3,1,0,8
22,1,4,0,0,9.5,11.6,77.9,3,4,1,0,3
8,3,3,0,0,9.5,9.5,46.2,7,3,1,1,4
5,3,11,0,0,10.1,12.2,59.3,1,3,1,0,1
11,3,5,0,0,10.3,15.6,70,6,3,1,0,5
21,6,8,0,0,10.4,23.6,39.8,2,4,1,1,0
16,2,5,0,0,10.4,22.7,72.4,5,4,1,0,4
15,3,9,0,0,10.4,21.6,70.4,6,4,1,0,2
19,1,12,0,25.8,5.3,11.2,10.3,10,2,1,0,6
9,5,1,0,0,9.9,10.6,26.7,6,4,1,0,2
21,3,2,0,0,10.3,12.2,89.9,3,2,0,0,5
2,3,4,0,0,10.2,13.5,73.6,2,3,1,0,3
14,3,12,0,20.7,5.8,10.1,23.6,6,3,1,0,0
22,5,11,0,4.8,9.4,10.6,87.7,2,2,1,0,3
10,6,1,0,30,5,11.5,55.2,6,2,1,0,6
6,4,1,0,22,6.5,12.6,68.6,4,2,1,0,5
12,3,10,0,0,10.1,15,8.1,6,2,1,0,1
8,1,3,0,0,9.6,14.6,32,9,3,1,0,3
2,2,4,0,0,9.8,15.5,28.9,3,4,1,0,1
4,3,2,0,0,9.7,7.8,82.5,3,2,1,1,7
2,3,11,1,0,9.8,9.8,14.5,2,3,1,0,2
3,6,9,0,19.7,6.4,18.2,88.4,2,2,1,0,3
19,2,2,0,0,10.4,10.3,76.8,10,2,1,0,3
22,4,1,0,38.1,3.4,10.2,34.8,2,3,1,0,2
12,1,5,0,0,9.9,16.9,24,6,3,1,0,3
20,3,5,0,0,10.3,17.3,50.4,3,3,1,0,1
9,3,2,0,0,10.1,11.2,80.3,7,2,1,1,5
7,3,7,0,0,9.8,23.4,49.6,9,4,1,0,8
18,0,3,0,0,10.1,14.5,69.7,9,3,1,0,3
19,6,11,0,0,10.1,9.4,62,5,3,1,1,3
12,6,4,0,0,10.2,14.2,65.1,7,2,1,0,4
0,2,6,0,0,9.7,26.2,42.5,2,2,0,0,0
11,1,10,0,0,10.1,20.2,63.7,7,3,1,0,2
7,5,10,0,0,10,20.7,57.5,2,3,1,0,3
11,1,3,0,0,10.2,10.3,53,6,2,1,0,1
15,4,5,0,4.2,8.8,17.5,6.1,7,3,1,0,2
19,3,11,0,0,10,12.7,62.7,9,3,1,0,3
2,1,3,0,0,10.5,15.7,53.7,3,3,1,0,1
5,0,6,0,24.4,5.9,21.4,69.6,1,3,1,0,5
0,5,10,0,0,10.4,15.8,2.4,4,4,1,0,1
23,4,4,0,0,10.2,12.4,83,2,2,1,1,3
10,6,11,0,0,10.5,16.1,83.9,6,3,1,0,1
23,1,3,0,6.8,8.6,13.8,27.9,3,2,1,0,6
10,3,12,0,0,10.4,7.1,46.2,5,3,1,0,3
17,0,5,0,0,10,18.4,35.2,9,2,1,0,3
21,2,1,0,0,10,9.8,59,2,3,1,0,0
4,5,7,0,48.6,1.1,23.8,37.6,4,3,1,0,5
8,5,12,0,0,9.6,9,2.1,4,2,1,0,0
10,4,1,0,0,9.6,11.4,64.9,6,3,1,0,1
22,4,6,0,31.6,4.6,24.3,17.5,2,3,1,0,4
0,4,5,0,0,10,20.8,81,2,2,0,0,7
11,2,2,0,0,9.9,10.4,68.3,5,3,1,0,2
4,1,7,0,0,9.5,27.9,81.9,1,2,1,0,2
6,5,5,0,0,9.7,22.3,74.5,4,3,1,0,4
16,3,2,0,0,10.1,7.7,52.7,6,2,1,0,5
4,2,7,0,0,9.8,23,40.5,2,2,1,0,2
22,1,1,1,11.4,8,12.8,41.4,2,4,1,0,3
10,6,2,0,15.9,7.5,13.3,80.6,6,2,1,0,4
19,2,3,0,8.6,8.2,14.3,77.8,9,2,1,0,3
1,5,12,0,47.3,1.6,13.2,57.4,3,3,1,0,6
17,3,6,0,0,10,25.5,30.4,9,3,1,0,6
13,6,11,0,0,9.9,9.2,28.1,7,3,1,0,3
5,0,11,0,0,9.7,11.9,71,1,3,1,1,2
16,1,5,0,0,10.4,19.8,42,7,3,1,1,4
15,1,4,1,13.1,7.7,14.9,52.7,3,3,1,0,3
22,0,3,0,0,10.1,12.1,56.8,3,3,0,1,4
7,1,12,0,30.5,4.2,11.5,70.8,8,2,1,0,7
0,2,1,0,11,7.7,10.4,29.2,2,3,0,0,3
23,0,7,0,0,9.6,29,76,1,2,1,1,0
16,2,4,1,0,9.5,14.3,81.3,3,3,1,0,4
2,3,10,0,21.1,6.3,17.3,15.3,3,3,1,0,1
10,4,11,0,0,10,9.7,56.4,7,3,1,0,1
17,1,2,1,0,9.6,11.8,79.2,6,4,1,0,4
8,5,8,0,0,10.2,25.9,72.6,3,2,1,0,5
1,1,8,0,0,10.4,27.1,47.1,2,3,1,0,4
0,3,12,0,0,10,8.2,56,2,2,1,0,4
13,3,7,0,0,9.8,22.8,73.7,5,2,1,0,1
1,2,11,0,0,9.8,11.3,44.6,3,3,1,0,2
2,1,6,0,0,10,20.6,69.2,2,3,1,0,3
19,2,5,0,0,9.9,16.5,11.7,10,3,1,0,2
23,6,12,0,39.2,3.4,13,1.5,2,3,0,0,4
16,0,6,0,0,9.9,19.6,5.2,5,3,1,0,2
13,0,1,0,29.3,4.8,5.1,28.8,7,2,1,0,5
10,0,4,0,0,10.1,16.4,61,5,3,1,0,4
12,0,7,0,24.6,5.7,25.3,55.1,7,3,1,0,5
13,6,5,0,0,9.6,22.1,57.2,7,3,1,0,3
21,6,3,0,0,9.9,9.8,26.9,2,2,0,0,1
23,3,9,0,0,9.6,24.7,2.3,3,2,1,0,2
9,0,4,0,0,10.4,13.4,62.9,8,2,1,0,5
14,3,1,0,0,9.8,6.3,64,5,2,1,0,2
9,2,1,0,0,9.9,6.7,68.1,8,3,1,0,4
14,1,5,0,0,9.8,20.2,3.7,6,2,1,0,0
4,4,10,0,0,10.3,18.7,65.7,2,4,1,0,4
4,5,3,1,0,9.5,13.7,84.4,2,2,0,0,4
22,3,6,1,0,10.4,23.9,13.6,1,2,1,0,1
12,6,3,0,5.1,9.4,11.7,47.2,7,4,1,0,3
10,5,2,0,0,10,13.1,39.2,6,4,1,1,5
21,1,1,0,0,10,12.6,66.5,2,2,1,0,4
16,3,7,0,27.2,5,22.3,9.4,6,3,1,0,3
6,5,3,0,0,9.5,13.7,56.4,3,3,1,0,2
4,4,9,0,30,4.7,23.1,79.3,3,4,1,0,5
6,0,3,0,0,10.1,8.5,58.2,3,3,1,0,1
4,1,10,0,7.5,8.2,16.1,57.5,3,2,1,0,2
2,5,6,0,47.8,1.2,22,24,3,2,1,0,5
13,5,8,0,0,9.9,24,50.9,7,3,1,0,4
22,1,8,0,0,9.8,22.6,4.8,1,3,0,0,2
10,0,7,0,0,10.3,28.8,82.4,6,2,1,0,4
8,3,4,0,0,10.1,16.9,89.7,8,2,1,0,7
22,0,7,0,0,10.3,27.2,6.2,1,2,1,0,3
15,0,2,0,0,9.6,7.8,44.3,7,3,1,0,0
10,6,2,0,10.6,8.5,10,75.9,8,3,1,0,4
6,1,1,0,0,9.6,9.1,78.8,2,3,1,0,0
16,6,1,0,0,10.3,9.2,85.5,5,2,1,0,3
1,1,9,0,0,10.1,24.7,49.7,2,3,1,1,1
10,0,7,0,0,10.4,23.4,34.4,7,3,1,0,4
13,2,10,0,0,9.5,18.6,50.9,6,3,1,0,0
19,5,10,0,0,10,18.9,77.3,6,2,1,0,4
12,5,6,0,0,10.4,20.9,54.7,7,3,1,0,3
8,6,7,0,0,10.1,23.2,50.6,2,2,1,0,5
17,1,12,0,0,10.3,10.7,49.5,8,2,1,0,5
17,2,9,0,0,9.6,22.8,38.8,9,3,1,0,2
15,5,2,0,0,10.2,6.7,24.5,5,3,1,1,2
4,3,1,0,22.4,6.1,7.4,75.5,1,3,1,0,4
2,0,1,0,0,10.1,8.1,73,1,4,1,0,3
20,1,7,0,0,9.5,28,5.7,4,2,1,0,2
13,2,6,0,0,10,26.6,17.5,5,3,1,0,1
19,1,10,0,0,10,18.6,21,9,2,1,0,3
4,4,2,0,0,9.6,6.5,24.4,1,3,1,0,1
0,1,1,0,21.9,5.7,9.9,86.7,2,2,1,0,1
6,0,4,0,0,9.9,12.5,75.1,4,4,1,0,3
6,6,2,0,31.5,4.7,10.4,76.1,4,3,1,0,4
17,3,5,0,0,10.4,19.2,58.4,10,4,1,0,5
3,2,2,0,0,9.6,9.8,72.9,3,3,1,0,2
22,3,6,1,0,9.7,24.7,5.5,2,2,1,0,1
13,5,10,0,0,10.1,18.3,66.5,6,3,1,0,2
4,5,12,0,0,10.3,11.1,42.7,3,2,1,1,4
18,2,2,1,0,10,10.1,22.6,6,4,1,0,5
22,0,3,0,22.8,6.2,10.1,83,3,4,1,0,6
20,5,7,0,0,9.6,24.3,81.9,3,3,1,0,2
8,2,9,0,0,10.3,19.1,5.3,8,2,1,0,3
2,3,9,0,25.6,5.2,18.1,40.3,3,3,1,0,4
17,3,5,0,0,9.9,15.9,56.9,9,3,1,0,2
7,2,3,0,0,10.1,8.8,18.7,8,2,1,0,2
15,1,6,0,0,10.3,21.9,21.3,7,2,1,0,1
3,3,8,0,0,10,27.7,40.8,2,3,1,0,2
18,1,3,0,18.5,6.5,9,34.5,9,4,1,0,3
16,3,3,0,28.1,5.3,8.6,75.5,6,2,1,1,7
22,6,6,0,0,10.4,24.6,40.9,4,3,1,1,3
23,4,7,0,0,9.5,28.9,67.4,3,3,1,0,3
1,5,8,0,0,10.1,27.3,7,3,3,1,0,4
22,6,7,0,0,10.5,22.9,12.7,3,3,1,0,2
8,6,8,0,0,9.7,25.5,29.1,4,4,1,0,7
22,0,3,0,0,9.9,13.3,87.4,3,3,1,0,1
7,3,2,0,45.5,1.6,7.4,36.5,7,3,1,1,6
16,3,1,0,0,10.4,11.1,34.2,6,4,1,0,0
12,3,8,0,0,9.5,24.7,86.2,7,2,1,0,4
12,5,3,0,0,10.2,11.3,51.8,6,3,1,0,3
9,2,6,1,0,9.8,24.8,89.5,5,2,1,0,5
11,5,4,0,0,9.8,15.4,38.1,8,3,1,0,3
23,3,2,0,0,10.3,13.5,71.8,3,2,1,0,2
3,1,5,0,0,10.5,18.2,24.2,3,2,1,0,3
4,2,11,0,0,9.8,12.9,18.5,2,4,1,0,2
19,5,11,0,19.6,6.9,12.3,15.2,5,2,1,0,2
3,5,3,0,0,9.7,10.5,33.6,3,2,1,0,2
5,3,4,1,39.6,2.5,15,46.7,2,2,1,0,5
23,3,4,0,41.6,2.5,18.4,89.7,3,4,1,1,7
6,4,5,0,0,9.7,22,0.9,3,3,1,0,3
19,3,9,0,0,9.9,22.6,26.4,9,4,1,1,4
12,2,7,1,0,10.3,24.7,66.6,3,3,1,0,2
12,3,7,0,0,9.7,26,63.6,5,2,1,0,0
12,5,4,0,0,10.3,16.7,13.3,7,3,1,0,4
1,6,3,0,0,9.6,9.3,71.3,2,3,1,0,2
22,4,12,0,35.9,4,14,38.7,2,3,1,0,4
18,3,10,0,0,10.1,20.7,2.3,9,3,1,0,6
23,1,4,0,0,9.8,12.1,11.2,2,4,0,0,5
21,6,4,0,0,10.2,14.5,87,3,2,1,0,0
23,6,8,1,0,10.1,24.9,18,3,2,1,0,6
18,2,12,0,0,10,12.5,17.5,9,3,1,0,2
2,2,2,0,0,10.3,8,45.4,1,4,1,0,3
19,2,5,0,0,10.5,19.4,13.6,8,2,1,1,7
6,1,5,0,0,9.6,17.2,79.8,3,2,1,0,3
10,3,1,0,0,10.4,11.2,51,6,2,1,1,4
0,0,11,0,0,9.7,13.6,14.8,3,3,1,0,1
16,3,1,0,0,9.6,5.1,72.4,5,4,1,0,0
22,4,5,0,0,10.1,17.8,37,2,2,0,0,3
21,3,2,0,41.5,2.5,7.6,44.7,3,3,1,0,4
17,3,6,0,0,9.9,21.8,28.4,9,2,1,0,4
20,0,3,1,0,9.9,10.6,76.7,2,3,1,1,3
7,2,2,0,0,9.9,7.4,77.3,8,4,1,0,9
1,3,12,0,28.8,5.1,13.6,29,2,3,1,0,3
8,6,1,0,0,9.7,7.6,77.6,2,3,1,0,3
17,4,6,0,0,10.1,25.7,67.8,10,2,1,0,6
8,5,12,0,0,10.1,8.7,12.6,4,2,1,0,3
19,3,2,0,13.7,7.4,9.6,88.2,9,2,1,0,2
23,2,8,0,0,9.7,27.8,62.8,2,3,1,0,1
6,6,1,0,32.4,4.5,11.3,52.4,3,3,1,0,2
21,0,8,0,0,10.3,27.9,77.8,3,3,1,0,1
4,1,12,0,0,10.1,13.6,18.9,1,3,1,0,3
23,6,8,0,26.8,5.1,23.6,60,3,3,1,0,5
3,1,7,0,0,9.7,27.2,77.4,1,2,1,0,1
6,0,2,0,18.7,6.5,10.4,42.6,4,4,1,0,1
19,4,1,0,0,9.6,7.5,41.3,10,3,1,0,2
15,6,11,0,0,10,16,45.9,6,3,1,0,3
19,1,9,0,0,10,22.8,33.7,9,4,1,0,7
4,4,1,0,0,10.1,7.2,64.1,2,2,1,0,6
8,6,12,0,0,10,11,52.2,3,3,1,0,2
1,1,5,0,0,9.9,15.8,0.4,2,2,1,1,4
19,3,6,0,0,9.7,21.6,71.3,9,2,1,0,7
23,3,7,0,0,10.2,28.9,54.9,1,3,0,0,2
15,0,5,0,40.6,2.6,21.1,16.2,6,4,1,0,2
21,2,9,0,0,9.8,25.3,76.2,2,4,1,0,6
21,4,1,0,0,10,8.6,39.2,3,3,1,0,2
6,1,7,0,0,9.9,25.7,6.9,3,4,1,0,0
8,5,10,0,12.1,8.1,15.7,51.8,3,3,1,0,1
12,3,3,0,0,10.3,13.5,85.8,6,3,1,0,3
14,3,10,0,3,9.4,17.8,83.6,5,3,1,0,2
17,5,12,0,17.4,6.7,9.4,41.4,5,2,1,0,5
5,5,9,0,0,10.4,25.2,19.5,3,4,1,0,2
12,0,8,0,0,9.7,26.5,1,7,3,1,0,1
6,0,10,0,0,10.2,15.5,17.9,3,4,1,0,1
8,2,9,0,0,10.1,22,50.8,9,2,1,0,3
7,6,10,0,0,10.1,17.8,51.8,2,2,1,0,5
4,0,2,0,0,9.9,13.1,2.4,3,2,1,0,2
13,5,8,0,42.3,2.5,23.1,36.4,7,4,1,0,4
14,3,3,0,10.2,8.5,10,79.6,6,3,1,0,7
5,5,5,1,0,9.8,22.3,28,3,2,1,0,4
4,6,12,0,0,10.1,13.7,4.4,4,4,1,0,1
1,4,7,0,0,9.8,27.6,9.3,1,3,1,0,1
7,6,6,0,0,10.3,25.5,67.5,3,3,1,0,5
10,6,1,0,0,10.3,11.7,40.6,8,2,1,0,1
20,5,9,0,0,9.7,22.9,38.9,3,3,1,0,1
18,2,11,0,19.5,6.4,15.2,52.3,9,4,1,1,1
21,2,4,0,0,10.5,18.3,87.5,4,2,1,0,1
7,0,2,0,0,10,11,37.6,9,3,1,0,2
9,6,7,0,0,10.4,25.4,65.3,6,2,1,0,4
5,4,6,0,0,10.4,21.1,70,2,2,1,0,3
17,4,12,0,40,2.5,11.9,53.9,10,2,1,0,7
7,0,7,0,0,10.1,23.4,9.4,9,2,1,0,5
2,5,11,0,0,9.7,13.5,20.4,4,3,1,0,2
22,3,2,0,0,9.8,11.2,7.2,1,4,1,0,5
14,4,9,0,33,4,25.6,48.7,5,4,1,0,3
13,2,12,0,45,2.2,6.3,23,6,2,1,0,4
10,5,6,0,19.3,6,25.7,10.2,7,3,1,0,2
14,0,6,0,0,10.1,23.3,76.1,6,3,1,0,4
0,4,11,0,5.8,8.9,15.4,88.9,2,2,0,0,5
10,1,4,0,20.8,6.7,16.5,12.7,6,3,1,0,3
1,3,6,0,0,9.9,22.3,24.7,2,2,1,0,4
0,2,2,0,23.5,6,12.4,53.7,3,4,1,0,6
18,3,6,0,0,9.7,26.5,0.1,9,2,1,0,2
0,5,11,0,0,10,13.7,61.5,3,2,0,0,3
8,1,10,0,0,10.5,19.2,10.6,8,3,1,0,0
13,5,2,0,0.7,10.3,6.7,0,6,4,1,0,2
1,3,9,0,0,10.2,18.9,1.5,2,3,1,0,5
0,0,10,0,0,10.3,17,3.1,1,3,1,0,1
6,1,7,0,0,9.6,27.6,77.1,3,3,1,0,2
9,0,10,0,0,9.8,15.2,1.3,8,2,1,0,9
16,4,9,0,0,9.9,22.9,63.9,5,4,1,0,3
5,2,3,1,37.9,2.8,8.3,65.3,3,3,1,0,2
19,5,6,0,0,10.2,22.8,39.1,6,2,1,0,6
2,2,2,0,38.5,3.1,12.9,54.1,2,2,1,0,3
23,5,7,0,0,9.7,26.5,85.5,3,3,1,1,5
8,6,3,0,0,9.8,15.7,84.3,4,4,1,0,5
7,3,5,0,0,9.5,22.5,67.9,7,3,1,0,7
23,4,10,0,0,10.4,15.4,12.3,3,2,1,0,0
21,5,1,0,0,9.6,11.2,60,4,3,1,0,0
12,2,11,0,36.8,3.2,15.7,46.5,5,3,1,0,3
3,6,4,0,0,9.8,16.5,19,3,2,1,0,5
14,2,6,0,0,9.8,19.1,57.4,6,2,1,0,1
20,4,3,0,0,9.6,15.6,36.9,2,3,1,0,1
5,0,10,0,0,9.5,14.2,67.5,3,2,0,1,5
18,1,3,0,0,10.2,15.5,2,9,3,1,0,5
7,2,5,0,10.7,7.9,16.8,22.3,8,2,1,1,9
8,4,6,0,0,9.7,22,76.7,8,3,1,0,5
9,5,9,0,0,10.3,25.9,0.1,7,3,1,0,1
5,0,9,0,0,10.4,21.6,81.8,1,2,1,0,4
20,0,4,0,0,10.4,15.5,54.6,3,4,1,0,1
4,4,8,0,0,9.8,25.7,57.5,1,3,1,0,1
11,1,7,0,0,9.9,27.1,17.3,6,3,1,0,1
12,6,7,0,0,10.5,29.6,0.9,7,3,1,1,3
20,2,2,0,0,9.6,12.9,36.2,2,4,1,0,1
20,0,9,0,24.3,5.3,18.5,71.7,3,3,1,1,5
22,2,3,0,0,10.3,15.5,62.4,2,2,1,0,1
17,5,4,0,0,9.5,14.2,81.2,7,2,1,0,2
9,3,6,0,0,10.3,26,45.9,9,2,1,0,0
20,2,8,0,0,9.8,27.7,28.3,4,2,1,0,1
22,0,4,0,0,10.4,12.2,11.7,1,2,1,0,4
6,5,10,0,0,10.1,18.4,81.1,3,2,1,0,3
19,4,9,0,0,9.8,18.2,71.2,9,2,1,0,5
14,4,9,0,0,9.8,19.5,36.7,6,2,1,0,3
14,0,9,1,0,10.3,20.9,80.5,4,2,1,0,0
9,3,11,0,0,9.7,12,15.7,8,4,1,0,3
3,1,1,0,0,9.7,12.3,89.3,1,2,1,0,2
12,3,10,0,0,10,14.7,86.8,6,2,1,0,4
23,2,12,0,45.4,2,6.2,78.2,2,3,0,0,3
14,5,1,0,11,8.4,6.5,88.7,8,4,1,0,5
5,0,10,1,41.2,2.8,18.3,71.4,2,4,1,0,4
20,1,2,1,20.8,6.4,12.9,74.8,2,2,1,0,3
9,2,2,0,41.7,2.7,13.3,25.7,8,3,1,0,11
17,6,1,1,5.1,8.7,6.5,26.7,5,3,1,0,5
8,4,5,0,0,10.4,16.6,0.4,7,3,1,0,6
18,2,9,0,0,10.1,25.6,11.7,9,2,1,0,4
1,0,4,0,0,10.1,13.8,22.6,2,3,0,0,2
8,0,1,0,0,9.9,10,79.7,7,3,1,0,5
2,4,4,0,0,9.7,18.9,11,2,3,1,0,2
10,5,9,0,0,9.7,26,24.7,7,2,1,0,2
21,3,3,0,0,10,11.4,10.6,3,2,1,0,1
15,0,2,0,3.7,9.3,6.6,26.4,7,2,1,1,2
14,0,4,0,9.3,8.7,16.1,13.8,5,3,1,0,2
20,3,4,0,0,9.6,17.7,87.2,3,2,1,0,2
4,6,3,0,0,9.7,14.2,51.5,2,3,1,0,1
15,3,8,0,0,9.6,27.7,52.6,5,3,1,0,0
3,4,10,0,0,9.6,14.4,45.1,2,4,1,0,3
18,4,1,0,0,9.8,10.1,12.5,9,2,1,0,3
10,1,1,0,0,9.9,9.5,47.3,6,2,1,0,1
18,6,3,0,0,10.1,13.9,50.2,6,3,1,0,2
17,5,9,0,0,10.5,21.3,36.4,6,2,1,0,2
0,2,5,0,0,10,18.7,2.1,2,3,1,0,0
17,4,11,0,0,10.3,10.6,10.6,9,3,1,0,4
1,0,12,0,0,9.8,11.2,83.8,2,3,1,0,4
13,0,12,0,25.3,5.4,12.7,2.1,6,2,1,0,7
18,2,11,0,0,9.8,11.3,37.6,9,2,1,0,6
5,6,2,0,25.1,5.1,10.8,81.7,2,3,1,0,3
